Sale ID,Date,Staff Name,Staff ID,Product Name,Product ID,Category,Sub Category,Quantity,Price,Offline Discount,Cost Price,Payment Method,Customer Name,Customer Phone,Notes
OFF-20230630-U2EX-0,2023-06-30,Anton,EMP-001,Gaming PC Build,9,Desktops,Gaming PC,3,85000,1500,65000,Debit Card,Andrew Medina,,
OFF-20230823-PYZ6-1,2023-08-23,Jane Doe,EMP-002,Razer BlackWidow,3,Accessories,Keyboards,1,12000,0,8000,Credit Card,Brian Jacobs,001-544-764-7208x57025,
OFF-20221210-TD30-2,2022-12-10,John Smith,EMP-003,Samsung 980 PRO 1TB,9,Components,Storage,2,8000,0,5500,UPI,Lindsey Bautista,001-544-442-7613x5369,
OFF-20251006-82OQ-3,2025-10-06,John Smith,EMP-003,Logitech WebCam C920,18,Accessories,Webcams,1,6000,0,3500,Debit Card,Vickie Patton,(930)383-9296x513,
OFF-20250803-DPXS-4,2025-08-03,John Smith,EMP-003,Logitech MX Master 3,8,Accessories,Mice,3,8500,1500,5000,Cash,Walk-in,,
OFF-20211214-PCLA-5,2021-12-14,Anton,EMP-001,Gaming PC Build,17,Desktops,Gaming PC,3,85000,0,65000,UPI,Leslie Walsh,637-427-1529x7470,
OFF-20211209-Q9GT-6,2021-12-09,John Smith,EMP-003,NZXT H510 Case,18,Components,Cases,1,7000,0,4500,Credit Card,Walk-in,,Rich whom interest turn field.
OFF-20230308-1V82-7,2023-03-08,Anton,EMP-001,Logitech WebCam C920,3,Accessories,Webcams,3,6000,500,3500,Credit Card,Walk-in,001-459-899-2207x71972,Focus able garden color.
OFF-20251209-48TQ-8,2025-12-09,John Smith,EMP-003,RTX 4070 Ti,15,Components,GPU,2,75000,0,60000,Credit Card,Walk-in,2437052862,
OFF-20230813-OICQ-9,2023-08-13,Jane Doe,EMP-002,Intel Core i7 13700K,3,Components,CPU,2,35000,500,28000,Cash,David Weaver,599.539.0101,Campaign although film better compare list girl.
OFF-20220812-8AG2-10,2022-08-12,Jane Doe,EMP-002,Logitech WebCam C920,2,Accessories,Webcams,2,6000,0,3500,UPI,Caleb Ballard,+1-359-863-6134x06033,
OFF-20260330-AT3T-11,2026-03-30,Anton,EMP-001,NZXT H510 Case,11,Components,Cases,1,7000,0,4500,UPI,John Mays,,
OFF-20240821-PP13-12,2024-08-21,Jane Doe,EMP-002,Samsung 980 PRO 1TB,18,Components,Storage,1,8000,0,5500,Debit Card,Alejandro Drake,,
OFF-20230312-EYJ8-13,2023-03-12,Anton,EMP-001,Logitech MX Master 3,20,Accessories,Mice,3,8500,1500,5000,Cash,Micheal Wilson,,
OFF-20251213-BDXN-14,2025-12-13,John Smith,EMP-003,Samsung 980 PRO 1TB,13,Components,Storage,1,8000,0,5500,Cash,Walk-in,,
OFF-20220419-F7HY-15,2022-04-19,Anton,EMP-001,RTX 4070 Ti,3,Components,GPU,1,75000,0,60000,UPI,Aaron Fitzgerald,,
OFF-20240314-RGCR-16,2024-03-14,Jane Doe,EMP-002,Razer BlackWidow,13,Accessories,Keyboards,1,12000,500,8000,UPI,Andrew Meza,001-768-447-7529x3749,
OFF-20240617-UE9D-17,2024-06-17,Jane Doe,EMP-002,Logitech MX Master 3,19,Accessories,Mice,2,8500,1500,5000,UPI,Samuel Avila,(713)873-4708x8467,Policy response continue social face meeting.
OFF-20241125-A7NX-18,2024-11-25,Anton,EMP-001,Logitech MX Master 3,7,Accessories,Mice,3,8500,1500,5000,UPI,Tristan Hayes,936-465-6209x195,
OFF-20260327-U201-19,2026-03-27,Anton,EMP-001,ASUS ROG Monitor 27,14,Displays,Monitors,1,25000,500,18000,Debit Card,Walk-in,,
OFF-20240426-HOVI-20,2024-04-26,Anton,EMP-001,Logitech MX Master 3,15,Accessories,Mice,3,8500,0,5000,Debit Card,Laura Arnold,,Various tell job reflect.
OFF-20250412-ZSQE-21,2025-04-12,Jane Doe,EMP-002,Gaming PC Build,7,Desktops,Gaming PC,1,85000,0,65000,Debit Card,Walk-in,663-294-6369,
OFF-20260222-WYNP-22,2026-02-22,John Smith,EMP-003,Gaming PC Build,20,Desktops,Gaming PC,2,85000,0,65000,Debit Card,Alexander Stuart,,
OFF-20250911-8H80-23,2025-09-11,Anton,EMP-001,RTX 4070 Ti,13,Components,GPU,3,75000,0,60000,UPI,Daniel Harvey,001-783-745-2413,
OFF-20250611-EVQ3-24,2025-06-11,John Smith,EMP-003,NZXT H510 Case,2,Components,Cases,1,7000,1000,4500,Credit Card,Walk-in,,
OFF-20240824-43Y8-25,2024-08-24,Anton,EMP-001,Logitech MX Master 3,11,Accessories,Mice,1,8500,1500,5000,Cash,Anna Jones,,
OFF-20250624-UHDZ-26,2025-06-24,John Smith,EMP-003,Logitech WebCam C920,10,Accessories,Webcams,1,6000,1000,3500,Cash,Walk-in,,
OFF-20221006-6G8I-27,2022-10-06,John Smith,EMP-003,Razer BlackWidow,9,Accessories,Keyboards,1,12000,1500,8000,Debit Card,Walk-in,+1-359-589-7020,
OFF-20260326-MKGH-28,2026-03-26,John Smith,EMP-003,Samsung 980 PRO 1TB,7,Components,Storage,1,8000,1500,5500,Debit Card,Casey Larsen,,
OFF-20210503-X00L-29,2021-05-03,Jane Doe,EMP-002,Logitech MX Master 3,13,Accessories,Mice,1,8500,0,5000,Credit Card,Walk-in,,
OFF-20250519-6L3M-30,2025-05-19,Jane Doe,EMP-002,Samsung 980 PRO 1TB,20,Components,Storage,2,8000,1000,5500,UPI,Tony Lee,+1-385-685-0871x12212,
OFF-20220505-KBS3-31,2022-05-05,Jane Doe,EMP-002,RTX 4070 Ti,4,Components,GPU,2,75000,0,60000,Credit Card,Walk-in,,Each about Mrs image much.
OFF-20231213-05PY-32,2023-12-13,Jane Doe,EMP-002,Logitech WebCam C920,8,Accessories,Webcams,2,6000,1500,3500,UPI,Abigail Mcclure,,
OFF-20220707-S2ZZ-33,2022-07-07,Jane Doe,EMP-002,Logitech WebCam C920,13,Accessories,Webcams,1,6000,500,3500,Credit Card,Jason Hernandez,,Level necessary choice investment.
OFF-20210630-ZBLQ-34,2021-06-30,Jane Doe,EMP-002,Gaming PC Build,4,Desktops,Gaming PC,1,85000,0,65000,Credit Card,Walk-in,650-521-7067x01485,Nation way usually ball institution place pay.
OFF-20231231-K359-35,2023-12-31,John Smith,EMP-003,Gaming PC Build,9,Desktops,Gaming PC,2,85000,1500,65000,Credit Card,Tiffany Stark,+1-263-607-2284x80964,
OFF-20241219-T7HT-36,2024-12-19,John Smith,EMP-003,Corsair 32GB RAM,12,Components,RAM,2,9000,0,6000,UPI,Walk-in,,
OFF-20241123-UWHC-37,2024-11-23,Anton,EMP-001,RTX 4070 Ti,17,Components,GPU,1,75000,500,60000,Cash,Michael Li,,
OFF-20231226-9CJ4-38,2023-12-26,Jane Doe,EMP-002,Logitech MX Master 3,1,Accessories,Mice,1,8500,500,5000,UPI,Tara Lee,,Fill American ready let style politics door assume.
OFF-20241109-KY6U-39,2024-11-09,John Smith,EMP-003,Razer BlackWidow,19,Accessories,Keyboards,1,12000,1500,8000,Debit Card,Jerry Rodriguez,,
OFF-20230926-2Z8E-40,2023-09-26,Anton,EMP-001,Samsung 980 PRO 1TB,2,Components,Storage,2,8000,0,5500,UPI,Walk-in,,
OFF-20240324-TVJT-41,2024-03-24,Anton,EMP-001,Samsung 980 PRO 1TB,12,Components,Storage,2,8000,1500,5500,UPI,Kelly Lewis,918-225-8089,
OFF-20250428-PJ31-42,2025-04-28,John Smith,EMP-003,Razer BlackWidow,18,Accessories,Keyboards,2,12000,1000,8000,Debit Card,Walk-in,470-466-9970x933,
OFF-20210803-OT7X-43,2021-08-03,John Smith,EMP-003,Logitech MX Master 3,12,Accessories,Mice,2,8500,0,5000,Debit Card,Dustin Wu,995-491-3170x69945,
OFF-20211224-EE5H-44,2021-12-24,Anton,EMP-001,RTX 4070 Ti,15,Components,GPU,1,75000,1500,60000,Debit Card,Claudia Romero,001-837-980-1530,
OFF-20251011-WFVE-45,2025-10-11,John Smith,EMP-003,Corsair 32GB RAM,8,Components,RAM,3,9000,0,6000,Credit Card,Patricia Campbell,,
OFF-20221201-C3AF-46,2022-12-01,Jane Doe,EMP-002,Logitech WebCam C920,12,Accessories,Webcams,3,6000,1000,3500,Credit Card,Christopher Turner,,
OFF-20240201-1TVO-47,2024-02-01,John Smith,EMP-003,ASUS ROG Monitor 27,19,Displays,Monitors,2,25000,1500,18000,Credit Card,Kimberly Rogers,834.210.7969x1853,
OFF-20220927-A1LV-48,2022-09-27,Anton,EMP-001,Logitech WebCam C920,13,Accessories,Webcams,1,6000,1500,3500,UPI,Antonio Wright,951-328-2286,
OFF-20211007-VJTQ-49,2021-10-07,Jane Doe,EMP-002,Samsung 980 PRO 1TB,5,Components,Storage,2,8000,1500,5500,UPI,Ashley Thompson,(955)566-2622x18570,
OFF-20231025-8HKU-50,2023-10-25,Jane Doe,EMP-002,Corsair 32GB RAM,3,Components,RAM,3,9000,0,6000,UPI,Casey Young,,
OFF-20250619-AXK5-51,2025-06-19,Anton,EMP-001,Gaming PC Build,19,Desktops,Gaming PC,1,85000,500,65000,Debit Card,Walk-in,971-709-2315x3951,
OFF-20250706-LYC2-52,2025-07-06,Anton,EMP-001,Razer BlackWidow,9,Accessories,Keyboards,1,12000,0,8000,Credit Card,Joseph Hood,001-423-614-0905x760,
OFF-20230510-6LJ9-53,2023-05-10,Jane Doe,EMP-002,Razer BlackWidow,15,Accessories,Keyboards,3,12000,1000,8000,Credit Card,Walk-in,,Hand but media stand.
OFF-20250428-NHIV-54,2025-04-28,Jane Doe,EMP-002,NZXT H510 Case,5,Components,Cases,1,7000,0,4500,Credit Card,Rebecca Flores DDS,,
OFF-20240203-U0XV-55,2024-02-03,John Smith,EMP-003,NZXT H510 Case,3,Components,Cases,2,7000,1500,4500,Debit Card,Walk-in,673.700.2052,
OFF-20241017-P34K-56,2024-10-17,Jane Doe,EMP-002,RTX 4070 Ti,7,Components,GPU,1,75000,1500,60000,UPI,Amanda Douglas,,Enter those usually according result environment.
OFF-20220310-S7D0-57,2022-03-10,Anton,EMP-001,ASUS ROG Monitor 27,20,Displays,Monitors,3,25000,0,18000,UPI,Angela Green,296.869.8506x09154,
OFF-20230717-379S-58,2023-07-17,Anton,EMP-001,Logitech WebCam C920,6,Accessories,Webcams,2,6000,0,3500,UPI,Christian Peterson,,Which relationship song.
OFF-20220306-G0A5-59,2022-03-06,Anton,EMP-001,ASUS ROG Monitor 27,6,Displays,Monitors,3,25000,0,18000,Debit Card,Larry Nunez,,
OFF-20250318-HJKA-60,2025-03-18,Jane Doe,EMP-002,Gaming PC Build,20,Desktops,Gaming PC,3,85000,0,65000,Debit Card,Nathaniel Padilla,,
OFF-20220717-ANMC-61,2022-07-17,Anton,EMP-001,Logitech MX Master 3,11,Accessories,Mice,2,8500,1500,5000,Credit Card,Catherine White DDS,367-442-0557,North ahead bed several.
OFF-20240419-Y6ND-62,2024-04-19,Jane Doe,EMP-002,Intel Core i7 13700K,6,Components,CPU,3,35000,0,28000,Credit Card,Walk-in,001-977-840-0108,
OFF-20230530-3X63-63,2023-05-30,Anton,EMP-001,Logitech WebCam C920,4,Accessories,Webcams,3,6000,0,3500,UPI,Derrick Jones,642.751.8105x729,
OFF-20240826-A66P-64,2024-08-26,Jane Doe,EMP-002,Samsung 980 PRO 1TB,16,Components,Storage,3,8000,1500,5500,Debit Card,Walk-in,378-469-8183x425,
OFF-20241119-WJQ6-65,2024-11-19,John Smith,EMP-003,Logitech MX Master 3,7,Accessories,Mice,3,8500,500,5000,Cash,Jerry Smith,367-830-5866,
OFF-20210417-GYS2-66,2021-04-17,Jane Doe,EMP-002,RTX 4070 Ti,8,Components,GPU,1,75000,0,60000,Debit Card,Walk-in,,
OFF-20251103-LVE7-67,2025-11-03,John Smith,EMP-003,Intel Core i7 13700K,15,Components,CPU,3,35000,0,28000,Debit Card,Walk-in,,
OFF-20220315-XIA6-68,2022-03-15,Jane Doe,EMP-002,Corsair 32GB RAM,19,Components,RAM,2,9000,0,6000,UPI,Randall Moore,,Spend recently want do culture voice.
OFF-20240725-AFUI-69,2024-07-25,John Smith,EMP-003,Intel Core i7 13700K,10,Components,CPU,1,35000,500,28000,UPI,Walk-in,,
OFF-20220318-1YF5-70,2022-03-18,Anton,EMP-001,Razer BlackWidow,2,Accessories,Keyboards,1,12000,0,8000,Cash,Robert Green,(829)226-1304,
OFF-20210822-L3C3-71,2021-08-22,John Smith,EMP-003,ASUS ROG Monitor 27,15,Displays,Monitors,3,25000,1500,18000,Credit Card,Larry Berry,890-645-8743,
OFF-20230213-K471-72,2023-02-13,Jane Doe,EMP-002,Razer BlackWidow,11,Accessories,Keyboards,1,12000,500,8000,Cash,Dustin Porter,,
OFF-20240607-JV87-73,2024-06-07,Jane Doe,EMP-002,Intel Core i7 13700K,17,Components,CPU,1,35000,0,28000,Credit Card,Ronald Thomas,226.205.7950x0264,
OFF-20240705-USJ2-74,2024-07-05,Anton,EMP-001,Gaming PC Build,16,Desktops,Gaming PC,2,85000,0,65000,Cash,Claire Johnson,+1-627-271-2572,
OFF-20260108-AVDF-75,2026-01-08,Jane Doe,EMP-002,NZXT H510 Case,15,Components,Cases,2,7000,500,4500,Credit Card,Dana Watson,,
OFF-20240807-6BIF-76,2024-08-07,Anton,EMP-001,ASUS ROG Monitor 27,6,Displays,Monitors,2,25000,1500,18000,Cash,Walk-in,+1-256-320-9453x362,
OFF-20240818-R4ZF-77,2024-08-18,Anton,EMP-001,Razer BlackWidow,1,Accessories,Keyboards,3,12000,0,8000,UPI,Kelly Taylor,,
OFF-20210407-IYSU-78,2021-04-07,Jane Doe,EMP-002,ASUS ROG Monitor 27,4,Displays,Monitors,1,25000,500,18000,Cash,Tanner Mckenzie,,
OFF-20250103-GJ2H-79,2025-01-03,Jane Doe,EMP-002,Corsair 32GB RAM,10,Components,RAM,3,9000,0,6000,Debit Card,Natalie Stephens,,
OFF-20250703-I3NQ-80,2025-07-03,Jane Doe,EMP-002,ASUS ROG Monitor 27,8,Displays,Monitors,3,25000,1000,18000,Cash,Debbie Vargas,704.582.3431,
OFF-20250831-J8A0-81,2025-08-31,Jane Doe,EMP-002,Gaming PC Build,5,Desktops,Gaming PC,3,85000,1500,65000,UPI,Anna Mcpherson,,
OFF-20230625-Y7U5-82,2023-06-25,Anton,EMP-001,Samsung 980 PRO 1TB,18,Components,Storage,2,8000,500,5500,Debit Card,Regina Richards,,Phone region fall.
OFF-20240615-0QO4-83,2024-06-15,John Smith,EMP-003,Intel Core i7 13700K,19,Components,CPU,1,35000,0,28000,Credit Card,Lori Holt,(534)712-8013,
OFF-20221111-TJI7-84,2022-11-11,Jane Doe,EMP-002,Gaming PC Build,15,Desktops,Gaming PC,1,85000,0,65000,UPI,Walk-in,,
OFF-20250708-NNGR-85,2025-07-08,Anton,EMP-001,Gaming PC Build,20,Desktops,Gaming PC,3,85000,0,65000,Cash,Walk-in,4774036856,Long degree enjoy impact population follow easy more.
OFF-20230719-RATZ-86,2023-07-19,Jane Doe,EMP-002,Gaming PC Build,1,Desktops,Gaming PC,1,85000,500,65000,UPI,Walk-in,+1-853-609-8402x21753,Until onto southern resource age PM.
OFF-20250606-DRIK-87,2025-06-06,John Smith,EMP-003,NZXT H510 Case,2,Components,Cases,2,7000,1500,4500,Cash,Theresa Brown,,
OFF-20250709-NARU-88,2025-07-09,Anton,EMP-001,ASUS ROG Monitor 27,10,Displays,Monitors,1,25000,0,18000,Cash,Jocelyn Barrett,(266)513-9729,
OFF-20241031-1F80-89,2024-10-31,Anton,EMP-001,ASUS ROG Monitor 27,14,Displays,Monitors,2,25000,0,18000,Debit Card,Collin Smith,,
OFF-20231018-E2SS-90,2023-10-18,Anton,EMP-001,Logitech WebCam C920,18,Accessories,Webcams,3,6000,0,3500,Cash,Sean Evans,,Guess meeting listen specific.
OFF-20240902-8I2U-91,2024-09-02,John Smith,EMP-003,Intel Core i7 13700K,7,Components,CPU,3,35000,0,28000,Credit Card,Sheila Barber,,
OFF-20230726-M4R4-92,2023-07-26,Jane Doe,EMP-002,Gaming PC Build,14,Desktops,Gaming PC,1,85000,1000,65000,Credit Card,Terri Rogers,+1-263-985-6532x919,Analysis interest possible hot soldier site.
OFF-20220610-YGP2-93,2022-06-10,Anton,EMP-001,Samsung 980 PRO 1TB,20,Components,Storage,2,8000,1000,5500,Credit Card,Barbara Brock,,
OFF-20211021-OV3X-94,2021-10-21,John Smith,EMP-003,Gaming PC Build,11,Desktops,Gaming PC,1,85000,500,65000,Debit Card,Walk-in,,
OFF-20230512-FVPH-95,2023-05-12,Jane Doe,EMP-002,Logitech MX Master 3,1,Accessories,Mice,3,8500,0,5000,Cash,Walk-in,,
OFF-20251102-ZC9C-96,2025-11-02,Jane Doe,EMP-002,Corsair 32GB RAM,15,Components,RAM,2,9000,1500,6000,Debit Card,Maria Grant,,
OFF-20230418-H7G7-97,2023-04-18,John Smith,EMP-003,Razer BlackWidow,8,Accessories,Keyboards,1,12000,1000,8000,Cash,Diana Thomas,,
OFF-20251205-3WBI-98,2025-12-05,Jane Doe,EMP-002,Samsung 980 PRO 1TB,10,Components,Storage,2,8000,1500,5500,Credit Card,Charles Mason,,
OFF-20250429-RFMI-99,2025-04-29,John Smith,EMP-003,Razer BlackWidow,4,Accessories,Keyboards,3,12000,1500,8000,Cash,Benjamin Rodriguez,307-786-4432x727,
OFF-20260404-RYAG-100,2026-04-04,Anton,EMP-001,ASUS ROG Monitor 27,12,Displays,Monitors,1,25000,1000,18000,UPI,Logan Humphrey,867.943.6984x67726,
OFF-20240122-M5US-101,2024-01-22,Anton,EMP-001,Logitech MX Master 3,19,Accessories,Mice,3,8500,500,5000,Cash,Walk-in,001-508-555-8459x204,Save trouble most language marriage.
OFF-20240529-I50H-102,2024-05-29,Anton,EMP-001,Intel Core i7 13700K,8,Components,CPU,3,35000,0,28000,Cash,Maurice Rodgers,,
OFF-20230918-8NH8-103,2023-09-18,Jane Doe,EMP-002,Samsung 980 PRO 1TB,19,Components,Storage,1,8000,1500,5500,Debit Card,Walk-in,,
OFF-20260207-HHLI-104,2026-02-07,Jane Doe,EMP-002,Samsung 980 PRO 1TB,7,Components,Storage,2,8000,500,5500,Debit Card,Walk-in,001-224-418-7466x67006,
OFF-20240103-Q4NB-105,2024-01-03,Jane Doe,EMP-002,RTX 4070 Ti,17,Components,GPU,3,75000,1500,60000,Cash,Jessica Robinson,,
OFF-20220307-5ANM-106,2022-03-07,Anton,EMP-001,Razer BlackWidow,15,Accessories,Keyboards,2,12000,0,8000,Debit Card,Walk-in,465.281.7337,Media cultural activity.
OFF-20251130-RDFV-107,2025-11-30,John Smith,EMP-003,Samsung 980 PRO 1TB,11,Components,Storage,1,8000,0,5500,Debit Card,Frederick Davis,,Reach sign write for.
OFF-20220321-PLW1-108,2022-03-21,John Smith,EMP-003,Razer BlackWidow,10,Accessories,Keyboards,3,12000,1000,8000,Credit Card,Walk-in,,
OFF-20251117-7N4W-109,2025-11-17,Anton,EMP-001,Logitech MX Master 3,19,Accessories,Mice,3,8500,0,5000,Debit Card,Vincent White,,
OFF-20230802-GOJE-110,2023-08-02,Anton,EMP-001,Logitech WebCam C920,17,Accessories,Webcams,3,6000,0,3500,Cash,Richard Adams,,
OFF-20240620-JDAC-111,2024-06-20,John Smith,EMP-003,Razer BlackWidow,2,Accessories,Keyboards,3,12000,0,8000,Credit Card,Alexandra Hernandez,,
OFF-20210504-PMS0-112,2021-05-04,John Smith,EMP-003,Razer BlackWidow,9,Accessories,Keyboards,3,12000,0,8000,Cash,Walk-in,,Big need above.
OFF-20211210-35PJ-113,2021-12-10,Jane Doe,EMP-002,Gaming PC Build,18,Desktops,Gaming PC,2,85000,0,65000,Debit Card,Walk-in,,
OFF-20240326-Y14M-114,2024-03-26,Jane Doe,EMP-002,Samsung 980 PRO 1TB,17,Components,Storage,1,8000,0,5500,Credit Card,Teresa Reed,001-746-985-3451x168,
OFF-20240503-2RD3-115,2024-05-03,Anton,EMP-001,Logitech WebCam C920,6,Accessories,Webcams,2,6000,1500,3500,Debit Card,Melissa Lin,,
OFF-20260222-KCZQ-116,2026-02-22,Anton,EMP-001,RTX 4070 Ti,3,Components,GPU,2,75000,500,60000,Cash,Virginia Figueroa,,
OFF-20230427-7WTI-117,2023-04-27,John Smith,EMP-003,Samsung 980 PRO 1TB,3,Components,Storage,3,8000,0,5500,Debit Card,Kelly Petersen,+1-641-265-0938x680,
OFF-20231022-YOCR-118,2023-10-22,John Smith,EMP-003,Corsair 32GB RAM,1,Components,RAM,3,9000,1500,6000,Credit Card,Nancy Collins,,
OFF-20260104-P7PM-119,2026-01-04,John Smith,EMP-003,RTX 4070 Ti,14,Components,GPU,2,75000,0,60000,Debit Card,Terry Taylor,,Poor open participant school dog.
OFF-20251212-FG0I-120,2025-12-12,Jane Doe,EMP-002,ASUS ROG Monitor 27,3,Displays,Monitors,2,25000,0,18000,Credit Card,Joseph Maldonado,001-741-860-9396x064,
OFF-20210606-UJQ9-121,2021-06-06,Anton,EMP-001,Razer BlackWidow,12,Accessories,Keyboards,3,12000,1000,8000,Credit Card,Walk-in,,Appear begin finally be ability people score.
OFF-20210522-LOKM-122,2021-05-22,Jane Doe,EMP-002,Logitech WebCam C920,8,Accessories,Webcams,1,6000,0,3500,Debit Card,Jose Gonzalez,,
OFF-20240318-4Q4N-123,2024-03-18,Jane Doe,EMP-002,Gaming PC Build,11,Desktops,Gaming PC,2,85000,500,65000,Debit Card,Anthony Reid,+1-541-988-2469x66421,
OFF-20230929-N7EX-124,2023-09-29,John Smith,EMP-003,Logitech MX Master 3,17,Accessories,Mice,3,8500,1500,5000,Cash,Kenneth Levine,697.868.2925,
OFF-20230313-VI8J-125,2023-03-13,John Smith,EMP-003,ASUS ROG Monitor 27,3,Displays,Monitors,3,25000,0,18000,UPI,Pamela Garza,,
OFF-20250318-17YX-126,2025-03-18,John Smith,EMP-003,Intel Core i7 13700K,7,Components,CPU,1,35000,0,28000,Debit Card,Walk-in,,
OFF-20250208-2675-127,2025-02-08,Anton,EMP-001,Samsung 980 PRO 1TB,10,Components,Storage,1,8000,1500,5500,UPI,Dustin Wade,,Local surface score hit walk.
OFF-20240716-YG5U-128,2024-07-16,John Smith,EMP-003,Samsung 980 PRO 1TB,18,Components,Storage,1,8000,0,5500,Credit Card,Jennifer Wilson,,
OFF-20230507-6N5O-129,2023-05-07,John Smith,EMP-003,Razer BlackWidow,16,Accessories,Keyboards,3,12000,0,8000,UPI,Jonathan Taylor,,
OFF-20230308-JZ1Q-130,2023-03-08,Anton,EMP-001,ASUS ROG Monitor 27,20,Displays,Monitors,3,25000,0,18000,Credit Card,Jaime Wu,+1-886-919-4603,
OFF-20220824-U5ZG-131,2022-08-24,John Smith,EMP-003,Corsair 32GB RAM,6,Components,RAM,2,9000,0,6000,UPI,Samuel Barnes,(458)485-5889,Make green I half position pass.
OFF-20220704-O1DI-132,2022-07-04,John Smith,EMP-003,Logitech WebCam C920,3,Accessories,Webcams,1,6000,0,3500,Cash,Nicole Taylor,,
OFF-20230922-K9V9-133,2023-09-22,John Smith,EMP-003,ASUS ROG Monitor 27,8,Displays,Monitors,2,25000,0,18000,Debit Card,Julie Stanley,+1-946-785-7847x5880,
OFF-20240624-I2I8-134,2024-06-24,Anton,EMP-001,ASUS ROG Monitor 27,12,Displays,Monitors,3,25000,1500,18000,Debit Card,Linda Henry,+1-976-824-4240x37545,Claim court American interview skin brother girl.
OFF-20260121-JBCG-135,2026-01-21,John Smith,EMP-003,Intel Core i7 13700K,16,Components,CPU,3,35000,1000,28000,Cash,Walk-in,,
OFF-20240715-K5OL-136,2024-07-15,Anton,EMP-001,Logitech MX Master 3,15,Accessories,Mice,2,8500,500,5000,UPI,Walk-in,+1-998-730-8825x480,
OFF-20220415-SWRW-137,2022-04-15,Jane Doe,EMP-002,ASUS ROG Monitor 27,18,Displays,Monitors,2,25000,0,18000,Debit Card,Leah Miles,,
OFF-20231222-HUDE-138,2023-12-22,John Smith,EMP-003,ASUS ROG Monitor 27,10,Displays,Monitors,3,25000,1000,18000,UPI,Kimberly Thomas,(593)679-4863,While employee role little manager be.
OFF-20260104-8IXI-139,2026-01-04,John Smith,EMP-003,RTX 4070 Ti,1,Components,GPU,1,75000,1000,60000,Debit Card,Melissa Diaz,,Room near finish time.
OFF-20250513-IOMG-140,2025-05-13,John Smith,EMP-003,RTX 4070 Ti,12,Components,GPU,3,75000,1000,60000,Credit Card,Amanda Potter,,Free and message wide although accept body.
OFF-20220925-PNTV-141,2022-09-25,John Smith,EMP-003,ASUS ROG Monitor 27,14,Displays,Monitors,2,25000,0,18000,Debit Card,Walk-in,+1-309-280-6366x73539,
OFF-20221010-ZQ9G-142,2022-10-10,Jane Doe,EMP-002,Logitech MX Master 3,17,Accessories,Mice,2,8500,0,5000,Cash,Walk-in,3815384259,
OFF-20211013-3XCR-143,2021-10-13,Anton,EMP-001,Corsair 32GB RAM,9,Components,RAM,1,9000,0,6000,Credit Card,Walk-in,5507981311,Owner between sense sing.
OFF-20240213-21RG-144,2024-02-13,Anton,EMP-001,RTX 4070 Ti,15,Components,GPU,1,75000,1000,60000,Credit Card,Jeffery Smith,001-880-292-4130x7113,
OFF-20221022-1QMQ-145,2022-10-22,Jane Doe,EMP-002,Logitech WebCam C920,11,Accessories,Webcams,3,6000,500,3500,Cash,Michael Hill,668-381-3216x1396,
OFF-20251018-8NZ5-146,2025-10-18,Anton,EMP-001,Logitech WebCam C920,20,Accessories,Webcams,2,6000,0,3500,Cash,Travis Ward,,
OFF-20260209-OL4S-147,2026-02-09,John Smith,EMP-003,Intel Core i7 13700K,12,Components,CPU,1,35000,0,28000,Cash,Christopher Williams,,
OFF-20220516-0HXU-148,2022-05-16,Anton,EMP-001,Logitech MX Master 3,19,Accessories,Mice,2,8500,1500,5000,Cash,Walk-in,,
OFF-20260124-TVC0-149,2026-01-24,Jane Doe,EMP-002,Logitech WebCam C920,17,Accessories,Webcams,2,6000,1000,3500,Cash,Joyce Sherman,,
OFF-20241015-SUUT-150,2024-10-15,John Smith,EMP-003,Logitech WebCam C920,20,Accessories,Webcams,1,6000,500,3500,Cash,Sydney Garcia,,
OFF-20220813-G9C2-151,2022-08-13,John Smith,EMP-003,Razer BlackWidow,3,Accessories,Keyboards,1,12000,1000,8000,Cash,Jonathan Gutierrez,,
OFF-20241226-UFOC-152,2024-12-26,Jane Doe,EMP-002,ASUS ROG Monitor 27,1,Displays,Monitors,1,25000,500,18000,Cash,Thomas James,,Throw kid budget pressure onto sit.
OFF-20230815-C6WB-153,2023-08-15,John Smith,EMP-003,Logitech MX Master 3,19,Accessories,Mice,1,8500,0,5000,UPI,Walk-in,,
OFF-20230720-T2M1-154,2023-07-20,Jane Doe,EMP-002,NZXT H510 Case,4,Components,Cases,2,7000,1500,4500,Credit Card,Ann Jones,747-403-8652,
OFF-20211028-0RZM-155,2021-10-28,Jane Doe,EMP-002,Intel Core i7 13700K,3,Components,CPU,1,35000,0,28000,UPI,Benjamin Payne,,Care indicate teacher.
OFF-20250817-CFAN-156,2025-08-17,John Smith,EMP-003,Gaming PC Build,3,Desktops,Gaming PC,1,85000,1500,65000,Cash,Nathaniel Johnson,498-997-5530,
OFF-20230721-IPJC-157,2023-07-21,Jane Doe,EMP-002,NZXT H510 Case,19,Components,Cases,2,7000,500,4500,Debit Card,Susan Graves,,
OFF-20250527-Z0NP-158,2025-05-27,John Smith,EMP-003,Logitech WebCam C920,8,Accessories,Webcams,2,6000,500,3500,UPI,Walk-in,,
OFF-20241213-81XZ-159,2024-12-13,John Smith,EMP-003,Intel Core i7 13700K,19,Components,CPU,3,35000,1000,28000,Debit Card,Walk-in,+1-746-931-7730x3256,Stand side sometimes middle religious class.
OFF-20211228-FTEB-160,2021-12-28,Anton,EMP-001,NZXT H510 Case,6,Components,Cases,2,7000,500,4500,Credit Card,Amanda Young,,
OFF-20231105-AKO4-161,2023-11-05,John Smith,EMP-003,RTX 4070 Ti,7,Components,GPU,3,75000,1500,60000,Credit Card,Jesus Powell,,
OFF-20240916-5NQ1-162,2024-09-16,John Smith,EMP-003,NZXT H510 Case,3,Components,Cases,1,7000,1000,4500,Debit Card,Amy Lawrence,,
OFF-20210821-EW40-163,2021-08-21,John Smith,EMP-003,ASUS ROG Monitor 27,2,Displays,Monitors,1,25000,1500,18000,UPI,Collin Griffin,,Fact room whole become.
OFF-20240302-RAPX-164,2024-03-02,Anton,EMP-001,Samsung 980 PRO 1TB,11,Components,Storage,1,8000,0,5500,UPI,Melissa Potter,,
OFF-20230925-5SFQ-165,2023-09-25,Jane Doe,EMP-002,RTX 4070 Ti,17,Components,GPU,1,75000,500,60000,Debit Card,Nancy Perez,,
OFF-20230718-IIHM-166,2023-07-18,Anton,EMP-001,Razer BlackWidow,20,Accessories,Keyboards,2,12000,0,8000,Debit Card,Jessica Estrada,+1-515-405-6627x777,
OFF-20220304-8X5Q-167,2022-03-04,Anton,EMP-001,Razer BlackWidow,2,Accessories,Keyboards,2,12000,1500,8000,Debit Card,Mark Patton,,
OFF-20220723-HOM5-168,2022-07-23,John Smith,EMP-003,Intel Core i7 13700K,16,Components,CPU,3,35000,1000,28000,Credit Card,Clayton Robinson,,Act keep arrive animal improve.
OFF-20210915-7S9D-169,2021-09-15,Anton,EMP-001,Corsair 32GB RAM,3,Components,RAM,2,9000,500,6000,UPI,Walk-in,258-654-3646x4645,
OFF-20231231-3X4L-170,2023-12-31,Jane Doe,EMP-002,RTX 4070 Ti,5,Components,GPU,1,75000,1000,60000,UPI,Alex Gaines,,
OFF-20250307-VHN8-171,2025-03-07,Anton,EMP-001,RTX 4070 Ti,15,Components,GPU,2,75000,0,60000,Credit Card,Raymond Gallegos,,
OFF-20231114-NA91-172,2023-11-14,John Smith,EMP-003,RTX 4070 Ti,3,Components,GPU,3,75000,0,60000,Cash,Walk-in,001-910-747-1596x2417,
OFF-20230307-HQ2I-173,2023-03-07,Jane Doe,EMP-002,Intel Core i7 13700K,2,Components,CPU,2,35000,0,28000,Cash,Walk-in,,Baby deep trouble similar evening democratic.
OFF-20220522-IX1L-174,2022-05-22,Jane Doe,EMP-002,Samsung 980 PRO 1TB,6,Components,Storage,3,8000,500,5500,Debit Card,Walk-in,,Third war produce animal writer difficult.
OFF-20210415-W02H-175,2021-04-15,Jane Doe,EMP-002,Corsair 32GB RAM,11,Components,RAM,1,9000,0,6000,Credit Card,Tiffany Clark,4227145149,
OFF-20230908-Z942-176,2023-09-08,Jane Doe,EMP-002,Razer BlackWidow,7,Accessories,Keyboards,1,12000,1000,8000,UPI,Angela Douglas,639.989.9658,Throughout middle alone western product ground herself.
OFF-20240225-461Y-177,2024-02-25,Anton,EMP-001,Gaming PC Build,3,Desktops,Gaming PC,1,85000,500,65000,Debit Card,Nathaniel Wilson,744-535-7475,
OFF-20231212-FX9N-178,2023-12-12,Jane Doe,EMP-002,Logitech WebCam C920,8,Accessories,Webcams,3,6000,0,3500,Credit Card,Walk-in,,Head friend recently pick a.
OFF-20220628-9R38-179,2022-06-28,John Smith,EMP-003,Intel Core i7 13700K,19,Components,CPU,3,35000,0,28000,Credit Card,Walk-in,001-448-540-4168x8480,Protect around shake far.
OFF-20231030-OLZD-180,2023-10-30,Anton,EMP-001,Logitech WebCam C920,10,Accessories,Webcams,2,6000,0,3500,Cash,Crystal Wilson,+1-214-270-6584x26781,
OFF-20260324-OSDJ-181,2026-03-24,Anton,EMP-001,Corsair 32GB RAM,12,Components,RAM,3,9000,0,6000,Debit Card,John Heath,,
OFF-20230813-TT0Z-182,2023-08-13,Anton,EMP-001,Samsung 980 PRO 1TB,15,Components,Storage,2,8000,0,5500,Cash,Emma Shields,522.903.0879x3751,
OFF-20221127-6QEE-183,2022-11-27,Anton,EMP-001,Logitech MX Master 3,15,Accessories,Mice,3,8500,0,5000,Credit Card,Megan Mitchell,+1-275-410-9765,
OFF-20230320-GZ96-184,2023-03-20,Jane Doe,EMP-002,NZXT H510 Case,8,Components,Cases,3,7000,1500,4500,Debit Card,Phillip Nelson,+1-858-921-1057x9839,
OFF-20240217-NFV0-185,2024-02-17,John Smith,EMP-003,NZXT H510 Case,17,Components,Cases,2,7000,1000,4500,Debit Card,Jennifer Avila,+1-840-716-4640,
OFF-20220430-THE6-186,2022-04-30,Jane Doe,EMP-002,Corsair 32GB RAM,3,Components,RAM,1,9000,1000,6000,Debit Card,Jason Peters,+1-692-964-8239x3779,
OFF-20230611-VU82-187,2023-06-11,Jane Doe,EMP-002,Logitech WebCam C920,3,Accessories,Webcams,1,6000,0,3500,UPI,Timothy Sanchez,952-579-3490x2898,
OFF-20250405-HM8B-188,2025-04-05,John Smith,EMP-003,Logitech MX Master 3,6,Accessories,Mice,3,8500,1000,5000,Debit Card,Jonathan Houston,657.324.1452,Fast place enter trouble allow.
OFF-20251018-10FN-189,2025-10-18,Anton,EMP-001,Logitech MX Master 3,10,Accessories,Mice,1,8500,500,5000,Cash,Walk-in,423-343-9068x2889,
OFF-20230110-8RSU-190,2023-01-10,Jane Doe,EMP-002,Logitech WebCam C920,8,Accessories,Webcams,2,6000,0,3500,UPI,Craig Reed,,
OFF-20241214-DAIE-191,2024-12-14,John Smith,EMP-003,Razer BlackWidow,3,Accessories,Keyboards,2,12000,1500,8000,Debit Card,Brandon Wallace,(399)224-3776,Either left chance major those.
OFF-20220116-TIJ0-192,2022-01-16,John Smith,EMP-003,Logitech WebCam C920,10,Accessories,Webcams,3,6000,0,3500,UPI,Kimberly Howard,223-580-0813x1488,
OFF-20230507-DZPP-193,2023-05-07,John Smith,EMP-003,ASUS ROG Monitor 27,7,Displays,Monitors,3,25000,0,18000,UPI,Kathleen Hardin,,
OFF-20250203-GR4Q-194,2025-02-03,John Smith,EMP-003,Samsung 980 PRO 1TB,17,Components,Storage,3,8000,1000,5500,UPI,Jeremiah Gomez,,
OFF-20240706-CA8Z-195,2024-07-06,John Smith,EMP-003,Gaming PC Build,5,Desktops,Gaming PC,1,85000,0,65000,Debit Card,Lisa Rogers,9487558095,
OFF-20240419-H7B1-196,2024-04-19,Anton,EMP-001,Intel Core i7 13700K,15,Components,CPU,1,35000,1000,28000,Credit Card,Walk-in,,
OFF-20250203-VOBJ-197,2025-02-03,John Smith,EMP-003,Logitech WebCam C920,16,Accessories,Webcams,3,6000,500,3500,UPI,Walk-in,,
OFF-20231029-QTV7-198,2023-10-29,Jane Doe,EMP-002,NZXT H510 Case,7,Components,Cases,3,7000,0,4500,UPI,Rebecca Young,,
OFF-20230707-GCOH-199,2023-07-07,John Smith,EMP-003,Corsair 32GB RAM,8,Components,RAM,1,9000,500,6000,Cash,Brenda Holmes,001-560-965-6608,
OFF-20230918-7F6B-200,2023-09-18,Anton,EMP-001,Logitech MX Master 3,1,Accessories,Mice,1,8500,500,5000,UPI,Stephanie Cannon,,
OFF-20240420-ZQ1E-201,2024-04-20,Jane Doe,EMP-002,NZXT H510 Case,1,Components,Cases,2,7000,1500,4500,Cash,Walk-in,001-625-314-7790,
OFF-20240401-R7QC-202,2024-04-01,Anton,EMP-001,Samsung 980 PRO 1TB,5,Components,Storage,2,8000,1000,5500,Debit Card,Glenda Arias,,
OFF-20210818-QEI3-203,2021-08-18,Anton,EMP-001,Gaming PC Build,3,Desktops,Gaming PC,1,85000,1000,65000,Cash,Walk-in,001-853-817-2878x26552,
OFF-20220519-V34H-204,2022-05-19,Jane Doe,EMP-002,RTX 4070 Ti,13,Components,GPU,1,75000,500,60000,Debit Card,Walk-in,,
OFF-20241222-Q8JK-205,2024-12-22,John Smith,EMP-003,Intel Core i7 13700K,11,Components,CPU,2,35000,500,28000,Credit Card,Gina Harper,934-691-2972x6566,
OFF-20231106-OBB0-206,2023-11-06,Jane Doe,EMP-002,Gaming PC Build,16,Desktops,Gaming PC,1,85000,0,65000,Credit Card,Amanda Walker,3253999232,
OFF-20211031-3VRG-207,2021-10-31,Jane Doe,EMP-002,Samsung 980 PRO 1TB,1,Components,Storage,3,8000,500,5500,Debit Card,Melissa Green,,
OFF-20211113-W47O-208,2021-11-13,Jane Doe,EMP-002,ASUS ROG Monitor 27,1,Displays,Monitors,1,25000,0,18000,Credit Card,Jordan Keller,,
OFF-20211115-E7N9-209,2021-11-15,Anton,EMP-001,Razer BlackWidow,19,Accessories,Keyboards,2,12000,1500,8000,UPI,John Morgan,,
OFF-20220924-7W08-210,2022-09-24,Jane Doe,EMP-002,Logitech MX Master 3,1,Accessories,Mice,3,8500,1500,5000,Credit Card,Gabriel King,921.500.5494,
OFF-20210710-J854-211,2021-07-10,John Smith,EMP-003,NZXT H510 Case,15,Components,Cases,1,7000,1000,4500,Credit Card,Walk-in,,Drug able film record PM.
OFF-20220915-KQB6-212,2022-09-15,Anton,EMP-001,Intel Core i7 13700K,19,Components,CPU,3,35000,500,28000,Credit Card,Leon Poole,741.276.4856x54135,
OFF-20210503-KAG3-213,2021-05-03,Anton,EMP-001,NZXT H510 Case,16,Components,Cases,3,7000,0,4500,Cash,Jeffery Lopez,,
OFF-20211228-KUAY-214,2021-12-28,Anton,EMP-001,Samsung 980 PRO 1TB,10,Components,Storage,2,8000,0,5500,Debit Card,Crystal Higgins,,
OFF-20260403-BU6I-215,2026-04-03,Anton,EMP-001,Razer BlackWidow,19,Accessories,Keyboards,3,12000,0,8000,Debit Card,Nathan Evans,,Bag find low fund.
OFF-20210428-TB83-216,2021-04-28,Anton,EMP-001,Razer BlackWidow,11,Accessories,Keyboards,2,12000,1500,8000,Cash,Phyllis Wilson,,Avoid pretty company measure give street treat.
OFF-20250526-V46J-217,2025-05-26,Jane Doe,EMP-002,Samsung 980 PRO 1TB,16,Components,Storage,1,8000,1000,5500,UPI,Walk-in,,Investment their card remember inside part.
OFF-20251122-Z29J-218,2025-11-22,Anton,EMP-001,Samsung 980 PRO 1TB,9,Components,Storage,1,8000,0,5500,UPI,Lindsey Wilson,,
OFF-20220515-DFKX-219,2022-05-15,Jane Doe,EMP-002,ASUS ROG Monitor 27,18,Displays,Monitors,1,25000,1000,18000,Cash,Walk-in,,
OFF-20250326-ONLE-220,2025-03-26,Jane Doe,EMP-002,Logitech MX Master 3,17,Accessories,Mice,3,8500,0,5000,Debit Card,Walk-in,,
OFF-20240228-2W3J-221,2024-02-28,Anton,EMP-001,NZXT H510 Case,5,Components,Cases,2,7000,1500,4500,UPI,James Richardson,,
OFF-20231106-5TJC-222,2023-11-06,Anton,EMP-001,Logitech WebCam C920,3,Accessories,Webcams,1,6000,1500,3500,UPI,Austin Floyd,+1-771-303-0252x7929,
OFF-20210426-HW50-223,2021-04-26,Anton,EMP-001,Logitech MX Master 3,1,Accessories,Mice,3,8500,0,5000,Debit Card,Laura Stevens,606.533.4309x3305,
OFF-20230603-NCKI-224,2023-06-03,Jane Doe,EMP-002,Corsair 32GB RAM,8,Components,RAM,3,9000,1000,6000,Debit Card,Timothy Martinez,940-586-0878,
OFF-20240130-XS9B-225,2024-01-30,Anton,EMP-001,NZXT H510 Case,14,Components,Cases,2,7000,500,4500,UPI,Walk-in,,
OFF-20220209-JME5-226,2022-02-09,Anton,EMP-001,ASUS ROG Monitor 27,5,Displays,Monitors,1,25000,0,18000,Credit Card,Matthew Johnson,,Name career something power hear since.
OFF-20231214-95SY-227,2023-12-14,John Smith,EMP-003,Logitech MX Master 3,20,Accessories,Mice,2,8500,1500,5000,Cash,Tony Stewart,956-304-4573,
OFF-20251110-3VT4-228,2025-11-10,John Smith,EMP-003,Gaming PC Build,2,Desktops,Gaming PC,1,85000,500,65000,Credit Card,Walk-in,,
OFF-20230311-FIDG-229,2023-03-11,John Smith,EMP-003,NZXT H510 Case,13,Components,Cases,3,7000,1000,4500,UPI,Walk-in,(794)506-0839,
OFF-20220212-15F3-230,2022-02-12,John Smith,EMP-003,Logitech MX Master 3,5,Accessories,Mice,1,8500,0,5000,Credit Card,Steven Marquez,,
OFF-20221212-UOSS-231,2022-12-12,Jane Doe,EMP-002,Gaming PC Build,9,Desktops,Gaming PC,3,85000,0,65000,Credit Card,Samuel Parks,,
OFF-20240210-PKBU-232,2024-02-10,Anton,EMP-001,Samsung 980 PRO 1TB,16,Components,Storage,1,8000,0,5500,Credit Card,Sean Mendez,579-967-4743,
OFF-20230709-LLIT-233,2023-07-09,Anton,EMP-001,ASUS ROG Monitor 27,9,Displays,Monitors,3,25000,0,18000,Credit Card,Mark Patton,(815)569-2897,
OFF-20211111-IULZ-234,2021-11-11,Anton,EMP-001,NZXT H510 Case,17,Components,Cases,1,7000,0,4500,Credit Card,Edgar Watson,,
OFF-20240221-6NZJ-235,2024-02-21,Anton,EMP-001,ASUS ROG Monitor 27,2,Displays,Monitors,2,25000,0,18000,Cash,Sarah Carson,,
OFF-20241028-S7DD-236,2024-10-28,Anton,EMP-001,Logitech WebCam C920,8,Accessories,Webcams,2,6000,0,3500,Debit Card,Walk-in,,
OFF-20240725-DOYJ-237,2024-07-25,Anton,EMP-001,Intel Core i7 13700K,2,Components,CPU,2,35000,0,28000,Cash,Walk-in,755-583-9490,
OFF-20251116-4JWY-238,2025-11-16,Anton,EMP-001,ASUS ROG Monitor 27,6,Displays,Monitors,3,25000,0,18000,Debit Card,Nathan Foley,(614)344-4738,
OFF-20220723-1Y7U-239,2022-07-23,Jane Doe,EMP-002,RTX 4070 Ti,18,Components,GPU,1,75000,1500,60000,Debit Card,Joe Duncan,,Head treat arm often apply worker.
OFF-20250227-43KM-240,2025-02-27,John Smith,EMP-003,Corsair 32GB RAM,18,Components,RAM,3,9000,0,6000,UPI,Derek Smith,(850)568-1362x08980,
OFF-20211207-QJHD-241,2021-12-07,Anton,EMP-001,Logitech WebCam C920,20,Accessories,Webcams,1,6000,1500,3500,Debit Card,Vincent Velez,571-986-1662x743,
OFF-20241212-UHYD-242,2024-12-12,Anton,EMP-001,Logitech MX Master 3,7,Accessories,Mice,1,8500,1000,5000,Credit Card,Crystal Maddox,,
OFF-20210920-E07D-243,2021-09-20,Anton,EMP-001,Samsung 980 PRO 1TB,2,Components,Storage,3,8000,0,5500,Credit Card,Jillian Marks,,
OFF-20231210-L09M-244,2023-12-10,Jane Doe,EMP-002,RTX 4070 Ti,5,Components,GPU,1,75000,0,60000,Cash,Walk-in,972.747.2122x571,
OFF-20241108-7JI4-245,2024-11-08,Anton,EMP-001,Gaming PC Build,2,Desktops,Gaming PC,1,85000,500,65000,Credit Card,Jeffrey Mosley,,
OFF-20230901-QX0U-246,2023-09-01,Anton,EMP-001,Gaming PC Build,14,Desktops,Gaming PC,2,85000,1000,65000,Cash,Walk-in,+1-885-965-1052x074,
OFF-20260302-7YZG-247,2026-03-02,John Smith,EMP-003,NZXT H510 Case,19,Components,Cases,1,7000,0,4500,Cash,Jacqueline Vance,,Long hear fight once make part couple.
OFF-20210930-CMDJ-248,2021-09-30,John Smith,EMP-003,Corsair 32GB RAM,9,Components,RAM,2,9000,1500,6000,Credit Card,Gregory Marshall,(409)688-4074x7224,Economy bank edge.
OFF-20251217-B6W7-249,2025-12-17,Jane Doe,EMP-002,Intel Core i7 13700K,9,Components,CPU,2,35000,1500,28000,Debit Card,Joe Kennedy,,Decade history special thing rich subject.
OFF-20211025-N5O0-250,2021-10-25,John Smith,EMP-003,RTX 4070 Ti,13,Components,GPU,1,75000,1000,60000,UPI,Walk-in,(281)569-0047,Play form strategy time country.
OFF-20230630-1VMX-251,2023-06-30,Anton,EMP-001,Samsung 980 PRO 1TB,12,Components,Storage,3,8000,1500,5500,Credit Card,Martin Taylor,,
OFF-20230527-YM3A-252,2023-05-27,John Smith,EMP-003,NZXT H510 Case,19,Components,Cases,1,7000,1000,4500,UPI,William Johnson,681.692.1558,
OFF-20250907-53FO-253,2025-09-07,Anton,EMP-001,Razer BlackWidow,15,Accessories,Keyboards,2,12000,1500,8000,Debit Card,Nicholas Adams,9684216042,Region cause wind hold section.
OFF-20241109-6M5J-254,2024-11-09,Jane Doe,EMP-002,Logitech MX Master 3,4,Accessories,Mice,3,8500,500,5000,Cash,Walk-in,,
OFF-20240418-Y31J-255,2024-04-18,Anton,EMP-001,Corsair 32GB RAM,8,Components,RAM,1,9000,500,6000,UPI,Joyce Miller,,
OFF-20230815-0W7K-256,2023-08-15,Jane Doe,EMP-002,ASUS ROG Monitor 27,1,Displays,Monitors,2,25000,0,18000,Cash,Angela Campos,(379)633-1417x8557,Understand suddenly by worker study ready them if.
OFF-20230108-AIP4-257,2023-01-08,Jane Doe,EMP-002,NZXT H510 Case,4,Components,Cases,3,7000,1500,4500,Credit Card,Amanda Herring,(942)440-9415,
OFF-20230508-BGZD-258,2023-05-08,Anton,EMP-001,Logitech WebCam C920,5,Accessories,Webcams,1,6000,0,3500,Debit Card,Walk-in,,
OFF-20220125-ASWA-259,2022-01-25,Jane Doe,EMP-002,Intel Core i7 13700K,18,Components,CPU,1,35000,0,28000,UPI,Walk-in,,
OFF-20211104-0QOF-260,2021-11-04,Anton,EMP-001,Corsair 32GB RAM,8,Components,RAM,3,9000,1500,6000,UPI,Keith Payne,,
OFF-20230925-RK16-261,2023-09-25,Anton,EMP-001,Logitech MX Master 3,17,Accessories,Mice,1,8500,500,5000,Credit Card,Daniel Olson,(556)279-8375x2320,
OFF-20251228-ESU3-262,2025-12-28,John Smith,EMP-003,Logitech MX Master 3,16,Accessories,Mice,3,8500,0,5000,UPI,Walk-in,,Sometimes high something mouth.
OFF-20211121-RF95-263,2021-11-21,Anton,EMP-001,ASUS ROG Monitor 27,7,Displays,Monitors,1,25000,1000,18000,Cash,Walk-in,(377)260-4299x2661,Baby nice environment specific find.
OFF-20251205-45O3-264,2025-12-05,Anton,EMP-001,Logitech MX Master 3,1,Accessories,Mice,1,8500,0,5000,Cash,Herbert Bell,(212)345-5642x339,
OFF-20241024-N91A-265,2024-10-24,John Smith,EMP-003,Samsung 980 PRO 1TB,10,Components,Storage,2,8000,500,5500,Debit Card,John White,739-441-7685x4215,Father old field successful describe.
OFF-20230324-2FPH-266,2023-03-24,Anton,EMP-001,Logitech MX Master 3,11,Accessories,Mice,1,8500,500,5000,Debit Card,Tiffany Campbell,,
OFF-20221101-DS5R-267,2022-11-01,Jane Doe,EMP-002,Logitech MX Master 3,10,Accessories,Mice,1,8500,0,5000,Credit Card,Michael Simmons,,Five tend decision.
OFF-20210619-94GQ-268,2021-06-19,Anton,EMP-001,RTX 4070 Ti,20,Components,GPU,2,75000,1500,60000,UPI,Walk-in,,
OFF-20250110-RLNG-269,2025-01-10,Anton,EMP-001,NZXT H510 Case,11,Components,Cases,2,7000,0,4500,Credit Card,Brandon Mullins,,
OFF-20250702-J86U-270,2025-07-02,Jane Doe,EMP-002,Razer BlackWidow,12,Accessories,Keyboards,3,12000,0,8000,UPI,Sara Watts,,
OFF-20250928-B12F-271,2025-09-28,John Smith,EMP-003,Corsair 32GB RAM,6,Components,RAM,2,9000,1500,6000,Cash,Melissa Bailey,,
OFF-20210825-GY66-272,2021-08-25,John Smith,EMP-003,Gaming PC Build,8,Desktops,Gaming PC,2,85000,0,65000,Cash,Sara Bowers,(221)677-1505x36970,
OFF-20210916-V5WO-273,2021-09-16,John Smith,EMP-003,RTX 4070 Ti,10,Components,GPU,1,75000,0,60000,UPI,Walk-in,+1-923-702-6840x0939,
OFF-20211017-J089-274,2021-10-17,Anton,EMP-001,Intel Core i7 13700K,13,Components,CPU,3,35000,1500,28000,Credit Card,Joseph Walker,,
OFF-20240314-BNIS-275,2024-03-14,Anton,EMP-001,Logitech WebCam C920,16,Accessories,Webcams,1,6000,0,3500,Debit Card,Victoria Foster,+1-997-754-0450x968,
OFF-20250427-81GB-276,2025-04-27,John Smith,EMP-003,Logitech MX Master 3,7,Accessories,Mice,2,8500,0,5000,Cash,Walk-in,,Trial offer this hundred send policy.
OFF-20210703-KMMY-277,2021-07-03,Jane Doe,EMP-002,Corsair 32GB RAM,19,Components,RAM,3,9000,1000,6000,UPI,Walk-in,,These book recognize put leader according analysis.
OFF-20251022-95WZ-278,2025-10-22,John Smith,EMP-003,ASUS ROG Monitor 27,3,Displays,Monitors,3,25000,0,18000,UPI,Lindsey Hansen,420-869-2983x66113,
OFF-20230315-1OIU-279,2023-03-15,Jane Doe,EMP-002,Intel Core i7 13700K,6,Components,CPU,3,35000,0,28000,Debit Card,Walk-in,685.918.6868x3341,
OFF-20250512-F36W-280,2025-05-12,Jane Doe,EMP-002,NZXT H510 Case,6,Components,Cases,2,7000,0,4500,Credit Card,Walk-in,(827)779-9089x0295,So size themselves student.
OFF-20211124-CRYZ-281,2021-11-24,John Smith,EMP-003,Gaming PC Build,2,Desktops,Gaming PC,1,85000,1500,65000,Debit Card,Walk-in,734.987.1528x745,
OFF-20240714-65PZ-282,2024-07-14,John Smith,EMP-003,Corsair 32GB RAM,18,Components,RAM,1,9000,1500,6000,Credit Card,Sandra Hughes,726.351.7095x34786,
OFF-20250714-PL1A-283,2025-07-14,Jane Doe,EMP-002,Corsair 32GB RAM,9,Components,RAM,2,9000,0,6000,Cash,Jon Long,001-415-475-0471,
OFF-20221107-K4KN-284,2022-11-07,John Smith,EMP-003,ASUS ROG Monitor 27,11,Displays,Monitors,3,25000,0,18000,Credit Card,Walk-in,(788)801-6238x17692,
OFF-20250908-JL3W-285,2025-09-08,Anton,EMP-001,Samsung 980 PRO 1TB,1,Components,Storage,3,8000,0,5500,Cash,Walk-in,,By certainly position but west machine Democrat.
OFF-20240316-W5IE-286,2024-03-16,Jane Doe,EMP-002,Corsair 32GB RAM,6,Components,RAM,2,9000,0,6000,Cash,Walk-in,,There wish beat south.
OFF-20240904-YKBR-287,2024-09-04,Anton,EMP-001,Razer BlackWidow,1,Accessories,Keyboards,2,12000,1000,8000,Debit Card,Walk-in,,Town message best add yourself spring.
OFF-20210731-DZF3-288,2021-07-31,Jane Doe,EMP-002,Logitech MX Master 3,13,Accessories,Mice,1,8500,0,5000,Debit Card,Walk-in,(901)712-3505,
OFF-20260329-NE54-289,2026-03-29,Jane Doe,EMP-002,Intel Core i7 13700K,11,Components,CPU,2,35000,0,28000,Cash,Walk-in,539.628.4960x13591,
OFF-20211020-OCQR-290,2021-10-20,John Smith,EMP-003,RTX 4070 Ti,20,Components,GPU,1,75000,0,60000,Debit Card,Brandon Ingram,+1-566-253-1074x6992,
OFF-20240307-Q73Q-291,2024-03-07,John Smith,EMP-003,NZXT H510 Case,15,Components,Cases,1,7000,0,4500,Debit Card,Walk-in,,
OFF-20230725-SCQD-292,2023-07-25,John Smith,EMP-003,Samsung 980 PRO 1TB,4,Components,Storage,1,8000,500,5500,Cash,Walk-in,8572223030,
OFF-20220116-FAJB-293,2022-01-16,John Smith,EMP-003,Corsair 32GB RAM,8,Components,RAM,3,9000,0,6000,Credit Card,Walk-in,,
OFF-20211003-0Y7M-294,2021-10-03,Jane Doe,EMP-002,Logitech WebCam C920,18,Accessories,Webcams,2,6000,0,3500,Credit Card,Walk-in,001-479-546-9048x97669,
OFF-20250111-AJFN-295,2025-01-11,John Smith,EMP-003,RTX 4070 Ti,3,Components,GPU,1,75000,0,60000,Debit Card,Brittany Mora,,
OFF-20230120-283K-296,2023-01-20,Jane Doe,EMP-002,Gaming PC Build,14,Desktops,Gaming PC,3,85000,500,65000,Credit Card,Amy Hall,962-909-4024x34589,
OFF-20250703-XH0J-297,2025-07-03,Jane Doe,EMP-002,Samsung 980 PRO 1TB,12,Components,Storage,3,8000,0,5500,Credit Card,Kelly Buchanan,,
OFF-20221120-EITF-298,2022-11-20,John Smith,EMP-003,RTX 4070 Ti,18,Components,GPU,1,75000,1500,60000,Cash,Walk-in,001-930-722-0285x18528,
OFF-20241014-Q6CK-299,2024-10-14,John Smith,EMP-003,Corsair 32GB RAM,20,Components,RAM,3,9000,1000,6000,UPI,Cody Rogers,,Image court month cup.
OFF-20230827-W12T-300,2023-08-27,Jane Doe,EMP-002,Intel Core i7 13700K,8,Components,CPU,1,35000,0,28000,UPI,Charles Davis,001-855-895-7741,
OFF-20250314-22MH-301,2025-03-14,Jane Doe,EMP-002,ASUS ROG Monitor 27,10,Displays,Monitors,2,25000,1500,18000,Cash,Walk-in,,
OFF-20251027-PPXE-302,2025-10-27,Jane Doe,EMP-002,NZXT H510 Case,7,Components,Cases,2,7000,0,4500,UPI,Angela Mcknight,909.918.2146,
OFF-20230803-PUNY-303,2023-08-03,Jane Doe,EMP-002,Corsair 32GB RAM,18,Components,RAM,2,9000,0,6000,UPI,Mr. Paul Wilson,,Step whether camera own production assume none own.
OFF-20231118-Q1O4-304,2023-11-18,Anton,EMP-001,Gaming PC Build,7,Desktops,Gaming PC,2,85000,0,65000,Cash,Walk-in,,
OFF-20250813-HYLB-305,2025-08-13,John Smith,EMP-003,NZXT H510 Case,6,Components,Cases,3,7000,0,4500,Debit Card,Walk-in,+1-587-636-8385x179,
OFF-20220630-MYRQ-306,2022-06-30,John Smith,EMP-003,Logitech WebCam C920,10,Accessories,Webcams,3,6000,1000,3500,Cash,John Anderson,,
OFF-20230308-PWPE-307,2023-03-08,Jane Doe,EMP-002,Logitech WebCam C920,12,Accessories,Webcams,2,6000,1000,3500,Debit Card,Alex Hughes,+1-743-716-1198,
OFF-20210927-KNVL-308,2021-09-27,Jane Doe,EMP-002,Intel Core i7 13700K,15,Components,CPU,1,35000,1500,28000,Credit Card,Patrick Sandoval,(804)417-8095x0773,
OFF-20240909-8YEI-309,2024-09-09,John Smith,EMP-003,Logitech WebCam C920,5,Accessories,Webcams,1,6000,0,3500,Cash,Brian Meyer,,
OFF-20240111-KRAB-310,2024-01-11,Jane Doe,EMP-002,ASUS ROG Monitor 27,8,Displays,Monitors,1,25000,0,18000,Debit Card,David Daniels,,
OFF-20220602-W3BV-311,2022-06-02,Jane Doe,EMP-002,Corsair 32GB RAM,1,Components,RAM,1,9000,0,6000,Cash,Kayla Garza,705-924-2098,
OFF-20210517-FVDY-312,2021-05-17,Jane Doe,EMP-002,RTX 4070 Ti,10,Components,GPU,3,75000,0,60000,Debit Card,Robert Hill,2264115829,
OFF-20250427-SQP6-313,2025-04-27,Jane Doe,EMP-002,RTX 4070 Ti,6,Components,GPU,3,75000,1500,60000,UPI,April Mcmahon,,Board care event form break next person.
OFF-20241102-IG3F-314,2024-11-02,Anton,EMP-001,NZXT H510 Case,11,Components,Cases,1,7000,0,4500,Cash,Walk-in,233-672-0162x9674,If knowledge party feel campaign.
OFF-20240910-06UV-315,2024-09-10,John Smith,EMP-003,Razer BlackWidow,18,Accessories,Keyboards,2,12000,0,8000,Debit Card,Walk-in,395.301.2712x8624,
OFF-20241026-I68Y-316,2024-10-26,John Smith,EMP-003,Razer BlackWidow,1,Accessories,Keyboards,3,12000,0,8000,Credit Card,Thomas Meyers,001-556-891-0682x1180,
OFF-20220415-69CB-317,2022-04-15,Anton,EMP-001,Intel Core i7 13700K,12,Components,CPU,3,35000,0,28000,Debit Card,Mario Nicholson,(222)541-0361x3639,
OFF-20220217-OMGW-318,2022-02-17,John Smith,EMP-003,Intel Core i7 13700K,16,Components,CPU,1,35000,1000,28000,Credit Card,Jasmine Holland,(884)771-8849,
OFF-20240618-YTLQ-319,2024-06-18,Jane Doe,EMP-002,Corsair 32GB RAM,19,Components,RAM,1,9000,500,6000,Debit Card,Mrs. Amanda Guzman,001-453-716-9280x15789,
OFF-20231111-LNF5-320,2023-11-11,John Smith,EMP-003,NZXT H510 Case,13,Components,Cases,1,7000,0,4500,Debit Card,Gloria Powell,,
OFF-20210609-UV1A-321,2021-06-09,Anton,EMP-001,ASUS ROG Monitor 27,14,Displays,Monitors,1,25000,1500,18000,UPI,Michelle Vasquez,8478286703,
OFF-20250822-Q1M8-322,2025-08-22,Jane Doe,EMP-002,ASUS ROG Monitor 27,3,Displays,Monitors,2,25000,0,18000,UPI,Walk-in,,Claim south then be time president interview network.
OFF-20221027-BU10-323,2022-10-27,John Smith,EMP-003,Logitech MX Master 3,11,Accessories,Mice,2,8500,500,5000,UPI,Walk-in,,
OFF-20220414-WA9G-324,2022-04-14,Jane Doe,EMP-002,Samsung 980 PRO 1TB,11,Components,Storage,3,8000,0,5500,Debit Card,Douglas Singh,863-706-3627,
OFF-20210427-G8ML-325,2021-04-27,Anton,EMP-001,Logitech MX Master 3,3,Accessories,Mice,1,8500,0,5000,Cash,Michael Francis,253-888-7137x994,
OFF-20230801-JBJQ-326,2023-08-01,Jane Doe,EMP-002,Logitech MX Master 3,2,Accessories,Mice,2,8500,0,5000,Debit Card,Walk-in,,
OFF-20230703-C7BS-327,2023-07-03,Anton,EMP-001,Samsung 980 PRO 1TB,12,Components,Storage,2,8000,1000,5500,UPI,Tammy Petersen,611.998.7228,
OFF-20230528-OHQ3-328,2023-05-28,Anton,EMP-001,Samsung 980 PRO 1TB,9,Components,Storage,3,8000,500,5500,UPI,Anna Ward,,Set entire enough management including.
OFF-20220714-10JR-329,2022-07-14,Jane Doe,EMP-002,Logitech MX Master 3,7,Accessories,Mice,2,8500,0,5000,Cash,Walk-in,,
OFF-20251229-2DHF-330,2025-12-29,Anton,EMP-001,NZXT H510 Case,6,Components,Cases,3,7000,1000,4500,UPI,Raymond Santos,,
OFF-20220829-698E-331,2022-08-29,John Smith,EMP-003,Corsair 32GB RAM,17,Components,RAM,2,9000,1000,6000,Debit Card,Raymond Buck,236.859.9025x571,
OFF-20240721-D5DA-332,2024-07-21,Jane Doe,EMP-002,Corsair 32GB RAM,15,Components,RAM,1,9000,0,6000,UPI,Donald Lawrence,+1-945-958-1933x525,Itself nor involve understand relate.
OFF-20240601-07I4-333,2024-06-01,Anton,EMP-001,Intel Core i7 13700K,13,Components,CPU,3,35000,1500,28000,UPI,Sara Gibson,001-950-741-3407,
OFF-20230510-V8TC-334,2023-05-10,John Smith,EMP-003,Samsung 980 PRO 1TB,14,Components,Storage,3,8000,500,5500,Cash,Kevin White,+1-958-422-6406,
OFF-20250621-X2ZM-335,2025-06-21,John Smith,EMP-003,Corsair 32GB RAM,20,Components,RAM,1,9000,1500,6000,Debit Card,Walk-in,670.500.7886,
OFF-20250117-OYWL-336,2025-01-17,Anton,EMP-001,NZXT H510 Case,13,Components,Cases,1,7000,0,4500,Debit Card,Steven Perry,421-538-1070x04902,
OFF-20240227-MLJG-337,2024-02-27,Jane Doe,EMP-002,NZXT H510 Case,7,Components,Cases,2,7000,0,4500,Debit Card,Sandra Allen,001-327-877-4347,Summer scientist ready environment.
OFF-20240514-XAU8-338,2024-05-14,Anton,EMP-001,Corsair 32GB RAM,17,Components,RAM,1,9000,1500,6000,Cash,David Brooks,,
OFF-20211025-IPYR-339,2021-10-25,John Smith,EMP-003,Razer BlackWidow,7,Accessories,Keyboards,1,12000,0,8000,Debit Card,Tammy Stokes,,Computer become shake capital close business far.
OFF-20240418-B7S6-340,2024-04-18,Anton,EMP-001,Razer BlackWidow,17,Accessories,Keyboards,3,12000,0,8000,Credit Card,Joseph Smith,666-255-9314x79251,
OFF-20260329-GYIK-341,2026-03-29,Anton,EMP-001,Intel Core i7 13700K,2,Components,CPU,1,35000,500,28000,Debit Card,Henry Copeland,833-372-9180,From need wait stage.
OFF-20210627-A1U7-342,2021-06-27,Anton,EMP-001,Razer BlackWidow,11,Accessories,Keyboards,1,12000,0,8000,UPI,Donald Murphy,467.542.0816x509,Stand rich but voice no could.
OFF-20240514-95XO-343,2024-05-14,Anton,EMP-001,ASUS ROG Monitor 27,14,Displays,Monitors,3,25000,1000,18000,Debit Card,Kelly Rice,,
OFF-20210604-CUTK-344,2021-06-04,John Smith,EMP-003,Corsair 32GB RAM,11,Components,RAM,2,9000,1000,6000,Credit Card,Walk-in,001-218-556-2742x487,
OFF-20211211-2DSV-345,2021-12-11,Jane Doe,EMP-002,Intel Core i7 13700K,5,Components,CPU,2,35000,1500,28000,UPI,Sandy Merritt,681.290.3894x432,
OFF-20251029-VZJM-346,2025-10-29,John Smith,EMP-003,Gaming PC Build,13,Desktops,Gaming PC,1,85000,1500,65000,Debit Card,Dawn Ortega,,
OFF-20210731-CGR0-347,2021-07-31,Jane Doe,EMP-002,Logitech MX Master 3,17,Accessories,Mice,1,8500,1500,5000,UPI,Walk-in,,Popular oil another.
OFF-20241113-OIH4-348,2024-11-13,Jane Doe,EMP-002,Razer BlackWidow,16,Accessories,Keyboards,1,12000,0,8000,Debit Card,Timothy Peterson,,Year report middle once hit billion.
OFF-20211015-3N28-349,2021-10-15,Jane Doe,EMP-002,Corsair 32GB RAM,20,Components,RAM,3,9000,0,6000,Cash,Walk-in,,
OFF-20250409-04TG-350,2025-04-09,Anton,EMP-001,Intel Core i7 13700K,6,Components,CPU,3,35000,1000,28000,Cash,Walk-in,,
OFF-20240409-ZNDX-351,2024-04-09,Anton,EMP-001,Samsung 980 PRO 1TB,16,Components,Storage,1,8000,0,5500,Cash,Zachary Torres,,
OFF-20230524-E5FZ-352,2023-05-24,John Smith,EMP-003,RTX 4070 Ti,1,Components,GPU,2,75000,0,60000,Debit Card,Walk-in,+1-858-817-0002x04097,
OFF-20220509-TKMV-353,2022-05-09,Anton,EMP-001,Samsung 980 PRO 1TB,12,Components,Storage,3,8000,0,5500,UPI,Eric Baird,,Minute especially one recently brother model.
OFF-20211223-C7G5-354,2021-12-23,Jane Doe,EMP-002,Samsung 980 PRO 1TB,20,Components,Storage,3,8000,0,5500,Debit Card,Laura Walker,,
OFF-20250416-AFQQ-355,2025-04-16,Jane Doe,EMP-002,NZXT H510 Case,20,Components,Cases,1,7000,1500,4500,Credit Card,Walk-in,,Positive thought even play himself free land certain.
OFF-20260126-05YB-356,2026-01-26,Anton,EMP-001,Gaming PC Build,12,Desktops,Gaming PC,1,85000,0,65000,UPI,Sydney Love,,
OFF-20260215-CCPW-357,2026-02-15,John Smith,EMP-003,RTX 4070 Ti,20,Components,GPU,2,75000,0,60000,Cash,Walk-in,,
OFF-20251006-MABS-358,2025-10-06,John Smith,EMP-003,Razer BlackWidow,13,Accessories,Keyboards,1,12000,1500,8000,UPI,Kayla Gardner,,Example relate learn get official let our.
OFF-20240811-3WG3-359,2024-08-11,John Smith,EMP-003,Samsung 980 PRO 1TB,13,Components,Storage,3,8000,0,5500,Debit Card,John Smith,,
OFF-20230907-WSEI-360,2023-09-07,Anton,EMP-001,Intel Core i7 13700K,17,Components,CPU,2,35000,0,28000,Credit Card,John Perez,001-345-725-2126x4877,
OFF-20230209-NGVB-361,2023-02-09,Anton,EMP-001,Logitech MX Master 3,5,Accessories,Mice,2,8500,1500,5000,Cash,Mr. Mike Oconnell,963-417-7736x649,
OFF-20220402-4EFD-362,2022-04-02,John Smith,EMP-003,NZXT H510 Case,9,Components,Cases,3,7000,1500,4500,UPI,Amanda Aguilar,,
OFF-20250821-VT9C-363,2025-08-21,John Smith,EMP-003,Logitech WebCam C920,5,Accessories,Webcams,3,6000,0,3500,Debit Card,Walk-in,927-656-0175x2682,
OFF-20240220-E98G-364,2024-02-20,John Smith,EMP-003,ASUS ROG Monitor 27,13,Displays,Monitors,2,25000,0,18000,Cash,Jessica Conrad,,
OFF-20210706-MP53-365,2021-07-06,Anton,EMP-001,NZXT H510 Case,13,Components,Cases,1,7000,0,4500,Credit Card,Brittney Velasquez,,
OFF-20230303-6Y3M-366,2023-03-03,Anton,EMP-001,RTX 4070 Ti,18,Components,GPU,1,75000,500,60000,Cash,Michelle Flores,+1-611-895-3930x883,
OFF-20250913-ZTQH-367,2025-09-13,Jane Doe,EMP-002,NZXT H510 Case,9,Components,Cases,3,7000,1500,4500,Cash,Walk-in,,
OFF-20250824-6IHH-368,2025-08-24,Anton,EMP-001,Logitech WebCam C920,9,Accessories,Webcams,1,6000,0,3500,Debit Card,Ricardo Garcia,741.653.2820,Question rather carry important stand sell.
OFF-20220928-EGYX-369,2022-09-28,Jane Doe,EMP-002,Intel Core i7 13700K,11,Components,CPU,2,35000,0,28000,UPI,Jennifer Beltran,,Morning we professional anyone statement music after.
OFF-20240322-8P35-370,2024-03-22,Jane Doe,EMP-002,Logitech MX Master 3,1,Accessories,Mice,2,8500,500,5000,Debit Card,Nicole Crosby,,Window him policy miss local structure.
OFF-20240530-3NYU-371,2024-05-30,John Smith,EMP-003,Corsair 32GB RAM,3,Components,RAM,1,9000,0,6000,UPI,Walk-in,,
OFF-20230226-CCD0-372,2023-02-26,John Smith,EMP-003,ASUS ROG Monitor 27,4,Displays,Monitors,3,25000,0,18000,UPI,Angela Howard,(373)297-3425x678,
OFF-20220324-CLAP-373,2022-03-24,John Smith,EMP-003,NZXT H510 Case,11,Components,Cases,1,7000,500,4500,Debit Card,Lynn Vasquez,880-665-7914x85912,
OFF-20220307-Y0YV-374,2022-03-07,John Smith,EMP-003,Gaming PC Build,15,Desktops,Gaming PC,1,85000,1500,65000,Cash,Laura Spears,(869)272-2109x6312,
OFF-20231205-LRE7-375,2023-12-05,John Smith,EMP-003,RTX 4070 Ti,8,Components,GPU,3,75000,0,60000,Cash,Brett Perkins,,Their back contain market.
OFF-20260325-XBHR-376,2026-03-25,Jane Doe,EMP-002,NZXT H510 Case,19,Components,Cases,3,7000,1000,4500,UPI,Walk-in,,
OFF-20220928-UTZP-377,2022-09-28,Jane Doe,EMP-002,Intel Core i7 13700K,7,Components,CPU,1,35000,0,28000,Debit Card,Amy Davis,+1-916-508-8351x209,
OFF-20231017-L07E-378,2023-10-17,Jane Doe,EMP-002,Intel Core i7 13700K,11,Components,CPU,2,35000,500,28000,Cash,Walk-in,,
OFF-20250308-FSJS-379,2025-03-08,John Smith,EMP-003,Logitech WebCam C920,17,Accessories,Webcams,2,6000,0,3500,Cash,Sarah Smith,508-908-1790x9738,
OFF-20210617-ZL55-380,2021-06-17,Jane Doe,EMP-002,RTX 4070 Ti,4,Components,GPU,2,75000,0,60000,UPI,Walk-in,812.890.8202x8402,
OFF-20230206-J9VB-381,2023-02-06,Jane Doe,EMP-002,Logitech MX Master 3,13,Accessories,Mice,1,8500,0,5000,Cash,Walk-in,+1-974-371-7985x157,
OFF-20220808-29ZC-382,2022-08-08,Anton,EMP-001,RTX 4070 Ti,19,Components,GPU,3,75000,0,60000,Credit Card,Laurie Chavez,935.429.8596,
OFF-20240810-PYO9-383,2024-08-10,John Smith,EMP-003,Samsung 980 PRO 1TB,17,Components,Storage,1,8000,1000,5500,Credit Card,Laura Mcdaniel,425-346-9796x5166,
OFF-20241001-7X6A-384,2024-10-01,Jane Doe,EMP-002,Logitech MX Master 3,13,Accessories,Mice,1,8500,0,5000,UPI,Walk-in,964-253-5224x4063,Rate firm answer pretty.
OFF-20231112-BXB8-385,2023-11-12,John Smith,EMP-003,Logitech MX Master 3,19,Accessories,Mice,3,8500,0,5000,Cash,Paula Jones,3837848928,
OFF-20240929-RIB6-386,2024-09-29,John Smith,EMP-003,NZXT H510 Case,6,Components,Cases,1,7000,0,4500,Cash,Justin Pratt,001-349-449-1299x80461,
OFF-20251210-BH7Y-387,2025-12-10,John Smith,EMP-003,Gaming PC Build,14,Desktops,Gaming PC,1,85000,1000,65000,Debit Card,Michael Herrera,,
OFF-20260113-PHJA-388,2026-01-13,John Smith,EMP-003,ASUS ROG Monitor 27,8,Displays,Monitors,3,25000,1000,18000,UPI,Walk-in,682-347-5490,
OFF-20250129-P3LZ-389,2025-01-29,Jane Doe,EMP-002,NZXT H510 Case,12,Components,Cases,3,7000,0,4500,UPI,Walk-in,6715062666,Control authority recent pretty late for trip.
OFF-20240405-9S62-390,2024-04-05,John Smith,EMP-003,Logitech WebCam C920,8,Accessories,Webcams,1,6000,0,3500,Debit Card,Leonard Ramirez,770-873-9511x87151,
OFF-20210617-KPAO-391,2021-06-17,John Smith,EMP-003,Intel Core i7 13700K,2,Components,CPU,3,35000,0,28000,Debit Card,Katherine Houston,001-371-894-7988x809,
OFF-20240929-M0GM-392,2024-09-29,John Smith,EMP-003,Razer BlackWidow,5,Accessories,Keyboards,1,12000,0,8000,Debit Card,Andrew Scott,,
OFF-20220219-6UL5-393,2022-02-19,John Smith,EMP-003,RTX 4070 Ti,16,Components,GPU,1,75000,0,60000,Cash,Walk-in,431-981-6869,
OFF-20240113-0ZQ3-394,2024-01-13,John Smith,EMP-003,Logitech MX Master 3,13,Accessories,Mice,2,8500,0,5000,Cash,Martin Bailey,(699)595-4517x462,
OFF-20221202-AU9I-395,2022-12-02,John Smith,EMP-003,Razer BlackWidow,13,Accessories,Keyboards,2,12000,1000,8000,UPI,Amy Black,+1-974-250-5862x5084,
OFF-20230110-BD2C-396,2023-01-10,Jane Doe,EMP-002,ASUS ROG Monitor 27,20,Displays,Monitors,2,25000,500,18000,Cash,Walk-in,,College share action employee pretty hair after.
OFF-20251116-7B8Y-397,2025-11-16,Anton,EMP-001,Logitech MX Master 3,1,Accessories,Mice,1,8500,0,5000,UPI,Walk-in,469-994-9247,Send voice well gun modern forget ok.
OFF-20221006-64DS-398,2022-10-06,Anton,EMP-001,Logitech WebCam C920,7,Accessories,Webcams,1,6000,1000,3500,UPI,Calvin Allen,,
OFF-20220410-CFDK-399,2022-04-10,John Smith,EMP-003,Razer BlackWidow,12,Accessories,Keyboards,3,12000,1000,8000,Credit Card,Walk-in,,
OFF-20240423-GIF6-400,2024-04-23,John Smith,EMP-003,RTX 4070 Ti,4,Components,GPU,1,75000,1000,60000,Cash,Walk-in,,
OFF-20221116-FRP2-401,2022-11-16,Jane Doe,EMP-002,Samsung 980 PRO 1TB,14,Components,Storage,1,8000,0,5500,Credit Card,Walk-in,+1-658-588-5264x572,
OFF-20210430-P3J5-402,2021-04-30,Anton,EMP-001,Samsung 980 PRO 1TB,12,Components,Storage,3,8000,500,5500,UPI,Walk-in,,Do space despite community identify adult.
OFF-20220313-O9X3-403,2022-03-13,John Smith,EMP-003,Samsung 980 PRO 1TB,4,Components,Storage,1,8000,0,5500,UPI,Amanda Silva,,
OFF-20241225-TGNE-404,2024-12-25,John Smith,EMP-003,Logitech MX Master 3,2,Accessories,Mice,2,8500,500,5000,UPI,Walk-in,(502)480-5100x14136,
OFF-20260308-WKJ7-405,2026-03-08,Jane Doe,EMP-002,Corsair 32GB RAM,10,Components,RAM,1,9000,1000,6000,Cash,Logan Brady,,
OFF-20240814-HF46-406,2024-08-14,Anton,EMP-001,RTX 4070 Ti,15,Components,GPU,3,75000,0,60000,Cash,Jerry Hayes,467-644-7419,
OFF-20250915-FI83-407,2025-09-15,Anton,EMP-001,Razer BlackWidow,7,Accessories,Keyboards,2,12000,1500,8000,Credit Card,Sean Davis,,
OFF-20220619-BTSD-408,2022-06-19,Anton,EMP-001,Samsung 980 PRO 1TB,5,Components,Storage,1,8000,1500,5500,Debit Card,Tracey Bennett,,
OFF-20231018-8HM2-409,2023-10-18,Jane Doe,EMP-002,Logitech WebCam C920,15,Accessories,Webcams,3,6000,500,3500,Cash,Brian Reynolds,,School democratic across police director everyone yet.
OFF-20210511-LRO3-410,2021-05-11,Anton,EMP-001,ASUS ROG Monitor 27,1,Displays,Monitors,2,25000,1500,18000,Cash,Walk-in,623-334-3637x9299,
OFF-20231124-FBF4-411,2023-11-24,Anton,EMP-001,Logitech WebCam C920,20,Accessories,Webcams,3,6000,1500,3500,Credit Card,Thomas Graham,,
OFF-20250613-8ZWB-412,2025-06-13,Anton,EMP-001,RTX 4070 Ti,8,Components,GPU,1,75000,1500,60000,Debit Card,Walk-in,,
OFF-20260129-LICN-413,2026-01-29,Anton,EMP-001,ASUS ROG Monitor 27,18,Displays,Monitors,2,25000,500,18000,Credit Card,Walk-in,,
OFF-20231111-D7OY-414,2023-11-11,John Smith,EMP-003,Logitech WebCam C920,1,Accessories,Webcams,1,6000,1000,3500,Debit Card,Walk-in,,
OFF-20251001-3RTF-415,2025-10-01,Jane Doe,EMP-002,Samsung 980 PRO 1TB,12,Components,Storage,3,8000,1000,5500,Credit Card,Walk-in,001-575-620-0159x02241,Education need thousand easy six.
OFF-20220927-J7X6-416,2022-09-27,Anton,EMP-001,Corsair 32GB RAM,9,Components,RAM,2,9000,0,6000,Cash,Aaron Johnson,(902)934-9578x3723,
OFF-20260124-LRB7-417,2026-01-24,Jane Doe,EMP-002,RTX 4070 Ti,16,Components,GPU,1,75000,1500,60000,Credit Card,Thomas Smith,,
OFF-20230320-VW2R-418,2023-03-20,Jane Doe,EMP-002,Razer BlackWidow,12,Accessories,Keyboards,2,12000,1500,8000,Credit Card,Christopher Robbins,321.267.7272,Book land player office.
OFF-20250302-Y5XF-419,2025-03-02,Anton,EMP-001,Razer BlackWidow,11,Accessories,Keyboards,3,12000,1000,8000,Cash,Charlotte Mcneil,(418)731-8785x32633,
OFF-20251125-9K6A-420,2025-11-25,Anton,EMP-001,Razer BlackWidow,20,Accessories,Keyboards,2,12000,1000,8000,Cash,Brianna Davies,,
OFF-20210808-3HME-421,2021-08-08,Anton,EMP-001,RTX 4070 Ti,20,Components,GPU,3,75000,1500,60000,Debit Card,James Hays,+1-245-615-4928x24880,
OFF-20230429-5ZKM-422,2023-04-29,Jane Doe,EMP-002,Gaming PC Build,18,Desktops,Gaming PC,1,85000,1500,65000,Cash,Kimberly Contreras,,
OFF-20210507-60UK-423,2021-05-07,Jane Doe,EMP-002,NZXT H510 Case,13,Components,Cases,3,7000,0,4500,UPI,Jenny Coleman,+1-775-298-9041x70587,Well strong they spring his.
OFF-20241220-1XY8-424,2024-12-20,John Smith,EMP-003,Razer BlackWidow,17,Accessories,Keyboards,3,12000,1500,8000,Debit Card,Edward Johnson,829-368-2397x5289,
OFF-20211105-QC4R-425,2021-11-05,John Smith,EMP-003,NZXT H510 Case,13,Components,Cases,2,7000,0,4500,Credit Card,Terry Davis,654.330.3808,Cold control church.
OFF-20210620-4N1W-426,2021-06-20,John Smith,EMP-003,NZXT H510 Case,16,Components,Cases,1,7000,500,4500,Credit Card,Walk-in,(320)704-3359x7313,
OFF-20241207-G66R-427,2024-12-07,Jane Doe,EMP-002,Gaming PC Build,18,Desktops,Gaming PC,1,85000,0,65000,Cash,Janice Wallace,+1-598-757-8101x3757,
OFF-20231222-4V9G-428,2023-12-22,Jane Doe,EMP-002,Logitech MX Master 3,10,Accessories,Mice,1,8500,1500,5000,Debit Card,Walk-in,,
OFF-20231001-A3YX-429,2023-10-01,Anton,EMP-001,Intel Core i7 13700K,14,Components,CPU,3,35000,0,28000,Credit Card,Walk-in,,Candidate music purpose.
OFF-20231109-2W2C-430,2023-11-09,Jane Doe,EMP-002,NZXT H510 Case,13,Components,Cases,2,7000,500,4500,Cash,Walk-in,(502)416-5200x700,
OFF-20241209-XYI6-431,2024-12-09,John Smith,EMP-003,Intel Core i7 13700K,17,Components,CPU,1,35000,1500,28000,Debit Card,Justin Knight,,
OFF-20220925-GQYA-432,2022-09-25,Anton,EMP-001,Logitech WebCam C920,10,Accessories,Webcams,1,6000,1000,3500,Cash,James Patel,,
OFF-20230602-F2KE-433,2023-06-02,Jane Doe,EMP-002,RTX 4070 Ti,15,Components,GPU,1,75000,500,60000,UPI,Walk-in,,
OFF-20220916-0Y7P-434,2022-09-16,John Smith,EMP-003,RTX 4070 Ti,9,Components,GPU,1,75000,0,60000,Cash,Walk-in,,
OFF-20250425-EF9U-435,2025-04-25,John Smith,EMP-003,NZXT H510 Case,19,Components,Cases,3,7000,1500,4500,Debit Card,Sherry Alvarez,425.598.1676,
OFF-20230917-7QXL-436,2023-09-17,Anton,EMP-001,ASUS ROG Monitor 27,17,Displays,Monitors,1,25000,0,18000,Credit Card,James Silva,+1-944-781-5027,
OFF-20260329-1RM0-437,2026-03-29,Anton,EMP-001,Razer BlackWidow,17,Accessories,Keyboards,1,12000,0,8000,Credit Card,Candice Garcia,,
OFF-20240916-AA6D-438,2024-09-16,Anton,EMP-001,Intel Core i7 13700K,8,Components,CPU,1,35000,0,28000,UPI,Paul Herrera,,
OFF-20220904-SIXY-439,2022-09-04,John Smith,EMP-003,Logitech WebCam C920,9,Accessories,Webcams,3,6000,500,3500,UPI,Joyce Johnson,,
OFF-20240621-ARZQ-440,2024-06-21,John Smith,EMP-003,Logitech WebCam C920,17,Accessories,Webcams,2,6000,0,3500,Credit Card,Walk-in,(682)933-3859,
OFF-20240126-E4QM-441,2024-01-26,Anton,EMP-001,Logitech WebCam C920,10,Accessories,Webcams,3,6000,500,3500,UPI,Lindsey Spencer,001-604-915-1097x5995,
OFF-20230820-V7TN-442,2023-08-20,Jane Doe,EMP-002,RTX 4070 Ti,12,Components,GPU,2,75000,1000,60000,Cash,Walk-in,,College sound answer gun rather student show.
OFF-20211128-HE5O-443,2021-11-28,John Smith,EMP-003,Intel Core i7 13700K,18,Components,CPU,1,35000,0,28000,Cash,Tammy Mack,,Discussion cell foreign sense fund ago drop manage.
OFF-20250720-0G9V-444,2025-07-20,Anton,EMP-001,Samsung 980 PRO 1TB,8,Components,Storage,3,8000,1500,5500,Credit Card,Amy Hansen,580-847-0792,
OFF-20231003-C158-445,2023-10-03,Anton,EMP-001,Razer BlackWidow,13,Accessories,Keyboards,3,12000,0,8000,UPI,Tiffany Perry,,
OFF-20210428-TMNG-446,2021-04-28,Jane Doe,EMP-002,Logitech MX Master 3,17,Accessories,Mice,3,8500,500,5000,Debit Card,Allison Jones,,
OFF-20251013-XA1C-447,2025-10-13,Anton,EMP-001,Razer BlackWidow,2,Accessories,Keyboards,3,12000,1500,8000,Debit Card,Walk-in,,
OFF-20231107-2SWQ-448,2023-11-07,Anton,EMP-001,RTX 4070 Ti,6,Components,GPU,1,75000,0,60000,Cash,Javier Khan,358.927.7120,
OFF-20250621-5MTW-449,2025-06-21,John Smith,EMP-003,Razer BlackWidow,5,Accessories,Keyboards,3,12000,500,8000,Credit Card,Lisa Johnson,,
OFF-20231006-2SK4-450,2023-10-06,Anton,EMP-001,Samsung 980 PRO 1TB,3,Components,Storage,1,8000,500,5500,Debit Card,Walk-in,,
OFF-20210528-27KT-451,2021-05-28,Anton,EMP-001,Samsung 980 PRO 1TB,4,Components,Storage,2,8000,1500,5500,Debit Card,Victoria Delacruz,(503)521-1169x539,
OFF-20230108-D7SR-452,2023-01-08,Anton,EMP-001,Corsair 32GB RAM,9,Components,RAM,1,9000,0,6000,Cash,Walk-in,+1-707-697-5565x6526,
OFF-20230726-1IHK-453,2023-07-26,John Smith,EMP-003,Logitech WebCam C920,17,Accessories,Webcams,2,6000,1500,3500,UPI,John Roberts,,
OFF-20250223-DER0-454,2025-02-23,John Smith,EMP-003,Intel Core i7 13700K,12,Components,CPU,3,35000,0,28000,Cash,Nicholas Smith,2973596278,
OFF-20250211-820W-455,2025-02-11,Anton,EMP-001,ASUS ROG Monitor 27,6,Displays,Monitors,2,25000,1500,18000,UPI,Karen Robinson,001-927-594-9484x51537,
OFF-20220122-3G0M-456,2022-01-22,John Smith,EMP-003,NZXT H510 Case,4,Components,Cases,3,7000,1000,4500,UPI,James Thomas,769-347-7557x66016,
OFF-20220917-1O6U-457,2022-09-17,Anton,EMP-001,Gaming PC Build,18,Desktops,Gaming PC,3,85000,0,65000,UPI,Walk-in,524-480-5017x69333,
OFF-20250811-SMX1-458,2025-08-11,John Smith,EMP-003,Corsair 32GB RAM,8,Components,RAM,3,9000,1500,6000,Credit Card,Cynthia Stevenson,001-576-381-2048x9355,
OFF-20251212-R8K8-459,2025-12-12,Jane Doe,EMP-002,Samsung 980 PRO 1TB,12,Components,Storage,3,8000,0,5500,Credit Card,Walk-in,,
OFF-20230207-TXJ1-460,2023-02-07,Anton,EMP-001,RTX 4070 Ti,19,Components,GPU,3,75000,1500,60000,Credit Card,Joseph Davis,,
OFF-20220504-CJAJ-461,2022-05-04,Jane Doe,EMP-002,RTX 4070 Ti,15,Components,GPU,1,75000,0,60000,Cash,Walk-in,001-342-994-1980x6294,
OFF-20230826-VMJ4-462,2023-08-26,Anton,EMP-001,Gaming PC Build,7,Desktops,Gaming PC,1,85000,0,65000,Credit Card,Christopher Reese,001-479-689-4148x870,
OFF-20250129-MVRR-463,2025-01-29,Anton,EMP-001,Logitech WebCam C920,1,Accessories,Webcams,1,6000,500,3500,UPI,Pamela Carpenter,,
OFF-20220825-L9S6-464,2022-08-25,Jane Doe,EMP-002,Logitech MX Master 3,15,Accessories,Mice,1,8500,0,5000,Debit Card,Stephanie Ward,,
OFF-20210812-3D7G-465,2021-08-12,Jane Doe,EMP-002,Intel Core i7 13700K,5,Components,CPU,2,35000,1500,28000,UPI,Walk-in,294.387.3776,
OFF-20221226-DOVT-466,2022-12-26,Anton,EMP-001,RTX 4070 Ti,4,Components,GPU,2,75000,0,60000,Credit Card,Walk-in,,
OFF-20220628-RPO9-467,2022-06-28,Anton,EMP-001,RTX 4070 Ti,20,Components,GPU,2,75000,1500,60000,Credit Card,Alexis Coleman,,
OFF-20230605-9ZZI-468,2023-06-05,Jane Doe,EMP-002,ASUS ROG Monitor 27,8,Displays,Monitors,3,25000,0,18000,Debit Card,Walk-in,,
OFF-20210420-IO9M-469,2021-04-20,Jane Doe,EMP-002,Logitech MX Master 3,4,Accessories,Mice,3,8500,0,5000,UPI,Derek Jones,,Today available mouth art step recently the.
OFF-20251119-H43E-470,2025-11-19,Anton,EMP-001,NZXT H510 Case,9,Components,Cases,2,7000,500,4500,UPI,Jennifer Calhoun,,
OFF-20220319-ZESQ-471,2022-03-19,John Smith,EMP-003,Intel Core i7 13700K,2,Components,CPU,2,35000,1500,28000,Credit Card,Walk-in,,Recognize maintain the which news environmental this.
OFF-20251119-PNFA-472,2025-11-19,Anton,EMP-001,RTX 4070 Ti,17,Components,GPU,3,75000,0,60000,Debit Card,Walk-in,(829)473-2286x21157,Measure write win cut.
OFF-20230127-ITNB-473,2023-01-27,Anton,EMP-001,Logitech MX Master 3,9,Accessories,Mice,1,8500,1500,5000,Debit Card,Chad Reyes,427.614.8416x6726,Last customer college history.
OFF-20250912-6K6I-474,2025-09-12,Anton,EMP-001,ASUS ROG Monitor 27,1,Displays,Monitors,1,25000,1500,18000,Debit Card,Benjamin Roberts,(555)960-0466,
OFF-20230406-JUPY-475,2023-04-06,Jane Doe,EMP-002,ASUS ROG Monitor 27,8,Displays,Monitors,1,25000,1000,18000,UPI,Danielle Stout,(390)289-9163,
OFF-20220530-J2ET-476,2022-05-30,John Smith,EMP-003,Logitech WebCam C920,18,Accessories,Webcams,3,6000,0,3500,UPI,Kelly Odom,,
OFF-20250720-WMB6-477,2025-07-20,Jane Doe,EMP-002,Razer BlackWidow,14,Accessories,Keyboards,2,12000,500,8000,UPI,Paul Mullins,,
OFF-20220201-894A-478,2022-02-01,Jane Doe,EMP-002,Razer BlackWidow,19,Accessories,Keyboards,3,12000,0,8000,Credit Card,Kayla Lynch,451-256-3873,
OFF-20250108-TEF0-479,2025-01-08,John Smith,EMP-003,Intel Core i7 13700K,16,Components,CPU,3,35000,0,28000,UPI,Walk-in,203.365.5341x965,Worry political represent investment from.
OFF-20260118-28QQ-480,2026-01-18,Anton,EMP-001,Logitech MX Master 3,11,Accessories,Mice,2,8500,1500,5000,Debit Card,Alejandro Ellis II,001-575-948-8566x336,
OFF-20240110-5AJF-481,2024-01-10,Anton,EMP-001,Intel Core i7 13700K,13,Components,CPU,2,35000,0,28000,Credit Card,Kevin Thompson,,
OFF-20230325-I5L9-482,2023-03-25,Jane Doe,EMP-002,RTX 4070 Ti,18,Components,GPU,1,75000,0,60000,UPI,Rachel Nunez,825-989-0344x43349,
OFF-20231019-3FUC-483,2023-10-19,Jane Doe,EMP-002,Razer BlackWidow,5,Accessories,Keyboards,3,12000,1000,8000,Cash,Peter Aguilar,293.844.3992,
OFF-20220214-QC5H-484,2022-02-14,John Smith,EMP-003,Samsung 980 PRO 1TB,12,Components,Storage,3,8000,0,5500,Debit Card,Walk-in,+1-843-351-8941x0530,
OFF-20220630-9Z6F-485,2022-06-30,Jane Doe,EMP-002,Logitech WebCam C920,9,Accessories,Webcams,3,6000,0,3500,UPI,Colleen Fernandez,,
OFF-20240314-XS5M-486,2024-03-14,John Smith,EMP-003,RTX 4070 Ti,10,Components,GPU,2,75000,0,60000,Credit Card,Nicole Martin,,
OFF-20241129-9W5H-487,2024-11-29,Jane Doe,EMP-002,Logitech MX Master 3,5,Accessories,Mice,2,8500,0,5000,Debit Card,Mr. Jeremiah Hensley,,
OFF-20250116-RFJD-488,2025-01-16,Jane Doe,EMP-002,Corsair 32GB RAM,13,Components,RAM,3,9000,500,6000,Debit Card,Maria Martin,,
OFF-20220428-VWS8-489,2022-04-28,Jane Doe,EMP-002,NZXT H510 Case,20,Components,Cases,3,7000,0,4500,Cash,John Smith,001-761-480-3900,
OFF-20211016-A163-490,2021-10-16,Jane Doe,EMP-002,Razer BlackWidow,18,Accessories,Keyboards,3,12000,500,8000,Debit Card,Denise Flores,001-871-577-4556x98522,
OFF-20220316-1IAT-491,2022-03-16,Anton,EMP-001,RTX 4070 Ti,10,Components,GPU,1,75000,1500,60000,Debit Card,Michael Davis,383-500-4432x1917,
OFF-20230420-K3TJ-492,2023-04-20,John Smith,EMP-003,Logitech MX Master 3,19,Accessories,Mice,3,8500,1000,5000,Debit Card,Walk-in,+1-340-885-8450x5959,
OFF-20250210-G7WF-493,2025-02-10,Jane Doe,EMP-002,Corsair 32GB RAM,12,Components,RAM,2,9000,0,6000,Credit Card,Julie Nichols,001-779-726-9848x20590,
OFF-20221228-JHIS-494,2022-12-28,Jane Doe,EMP-002,ASUS ROG Monitor 27,17,Displays,Monitors,1,25000,0,18000,UPI,Sean Diaz,+1-354-419-0565,
OFF-20260404-ZVEA-495,2026-04-04,Jane Doe,EMP-002,RTX 4070 Ti,4,Components,GPU,1,75000,0,60000,Cash,Natalie Schultz,,
OFF-20220925-F9MV-496,2022-09-25,Jane Doe,EMP-002,Corsair 32GB RAM,11,Components,RAM,2,9000,500,6000,Credit Card,Erika Thompson,,
OFF-20250701-XC8V-497,2025-07-01,John Smith,EMP-003,Samsung 980 PRO 1TB,4,Components,Storage,2,8000,0,5500,Credit Card,Walk-in,,
OFF-20240609-93AP-498,2024-06-09,Anton,EMP-001,Samsung 980 PRO 1TB,14,Components,Storage,3,8000,0,5500,Debit Card,Susan Anderson,(562)392-3150x45687,
OFF-20221020-2WQC-499,2022-10-20,John Smith,EMP-003,Corsair 32GB RAM,10,Components,RAM,3,9000,0,6000,UPI,Abigail Hicks,(837)326-2286x622,Machine outside series phone husband ask.
OFF-20230306-HJTY-500,2023-03-06,Jane Doe,EMP-002,Samsung 980 PRO 1TB,14,Components,Storage,1,8000,1500,5500,Debit Card,Joel Morris,,
OFF-20210625-INRF-501,2021-06-25,Jane Doe,EMP-002,Logitech WebCam C920,10,Accessories,Webcams,1,6000,0,3500,Cash,Andrew Dillon,,
OFF-20230813-D19J-502,2023-08-13,Jane Doe,EMP-002,Logitech MX Master 3,16,Accessories,Mice,2,8500,0,5000,Debit Card,Julie Thomas,,Future people before cost civil find.
OFF-20241127-675C-503,2024-11-27,Jane Doe,EMP-002,NZXT H510 Case,11,Components,Cases,1,7000,1500,4500,Debit Card,Walk-in,001-437-893-5932x4761,
OFF-20230909-ZWOS-504,2023-09-09,John Smith,EMP-003,RTX 4070 Ti,17,Components,GPU,3,75000,0,60000,Cash,Derrick Frederick,(729)320-0780,
OFF-20220316-0SHX-505,2022-03-16,John Smith,EMP-003,Logitech WebCam C920,12,Accessories,Webcams,1,6000,1500,3500,Debit Card,Walk-in,,
OFF-20230509-FUVH-506,2023-05-09,Jane Doe,EMP-002,NZXT H510 Case,10,Components,Cases,3,7000,0,4500,UPI,Brian Lee,,
OFF-20230710-SDFM-507,2023-07-10,Anton,EMP-001,NZXT H510 Case,6,Components,Cases,2,7000,1000,4500,UPI,Walk-in,892.566.3763,Structure each between stop culture goal.
OFF-20220723-T7ZN-508,2022-07-23,John Smith,EMP-003,Samsung 980 PRO 1TB,19,Components,Storage,2,8000,0,5500,Cash,Todd Peck,+1-254-854-5688x01067,
OFF-20230625-A96N-509,2023-06-25,John Smith,EMP-003,Corsair 32GB RAM,16,Components,RAM,1,9000,1000,6000,Cash,Emily Fowler,(822)249-6432x4188,Simple left well mind star daughter.
OFF-20240822-CIE7-510,2024-08-22,Anton,EMP-001,Gaming PC Build,19,Desktops,Gaming PC,3,85000,1000,65000,Cash,Walk-in,,
OFF-20211015-DSHW-511,2021-10-15,Anton,EMP-001,Razer BlackWidow,3,Accessories,Keyboards,3,12000,0,8000,Debit Card,Walk-in,,
OFF-20210901-HCB6-512,2021-09-01,Jane Doe,EMP-002,Intel Core i7 13700K,8,Components,CPU,3,35000,0,28000,Debit Card,Walk-in,509.469.8017x3017,
OFF-20241216-36D8-513,2024-12-16,Anton,EMP-001,RTX 4070 Ti,11,Components,GPU,3,75000,0,60000,UPI,Meghan Jones,,
OFF-20210823-8IHY-514,2021-08-23,Jane Doe,EMP-002,RTX 4070 Ti,2,Components,GPU,1,75000,1500,60000,UPI,Timothy Byrd,791-725-6853,Own site worry head order provide still.
OFF-20210618-J12Y-515,2021-06-18,John Smith,EMP-003,ASUS ROG Monitor 27,1,Displays,Monitors,1,25000,0,18000,Debit Card,Walk-in,(472)971-2610,
OFF-20240923-FWGU-516,2024-09-23,Anton,EMP-001,Logitech WebCam C920,10,Accessories,Webcams,2,6000,0,3500,Debit Card,Kerri Matthews,+1-310-431-8684x593,
OFF-20220630-PFYM-517,2022-06-30,Anton,EMP-001,Samsung 980 PRO 1TB,12,Components,Storage,3,8000,1500,5500,Cash,Jason Ferguson,,Pick agree draw raise player himself fill.
OFF-20220104-J16H-518,2022-01-04,John Smith,EMP-003,Razer BlackWidow,13,Accessories,Keyboards,1,12000,0,8000,Credit Card,Tyler Smith,(788)372-8337x1319,
OFF-20250828-L0R1-519,2025-08-28,Anton,EMP-001,ASUS ROG Monitor 27,1,Displays,Monitors,3,25000,0,18000,UPI,Walk-in,(917)351-3323x785,
OFF-20240829-G91W-520,2024-08-29,Anton,EMP-001,Intel Core i7 13700K,6,Components,CPU,3,35000,0,28000,Debit Card,Jesus Lin,,Allow mother budget rise never nice.
OFF-20210830-HFEW-521,2021-08-30,John Smith,EMP-003,Samsung 980 PRO 1TB,13,Components,Storage,2,8000,1000,5500,Debit Card,Kevin Jackson,,
OFF-20250216-AZXV-522,2025-02-16,John Smith,EMP-003,Logitech WebCam C920,4,Accessories,Webcams,3,6000,0,3500,Cash,Walk-in,+1-588-592-7155,
OFF-20240111-QT92-523,2024-01-11,Anton,EMP-001,RTX 4070 Ti,17,Components,GPU,3,75000,500,60000,Debit Card,Walk-in,3318761016,
OFF-20230527-XIAD-524,2023-05-27,John Smith,EMP-003,Intel Core i7 13700K,20,Components,CPU,2,35000,0,28000,Cash,Walk-in,,
OFF-20230620-MNVI-525,2023-06-20,John Smith,EMP-003,Intel Core i7 13700K,16,Components,CPU,2,35000,0,28000,UPI,Walk-in,,
OFF-20210613-JVEA-526,2021-06-13,Jane Doe,EMP-002,Samsung 980 PRO 1TB,6,Components,Storage,1,8000,0,5500,Credit Card,Julie Montes,(598)615-0630,
OFF-20210416-2GGG-527,2021-04-16,Anton,EMP-001,NZXT H510 Case,3,Components,Cases,3,7000,1500,4500,Debit Card,Abigail Miller,,National step network site.
OFF-20220208-S3G9-528,2022-02-08,Jane Doe,EMP-002,NZXT H510 Case,13,Components,Cases,2,7000,0,4500,UPI,Dr. Brandy Fritz,,
OFF-20241122-TACY-529,2024-11-22,Anton,EMP-001,Intel Core i7 13700K,8,Components,CPU,1,35000,0,28000,Credit Card,Mark Anderson,(531)995-8296,Should serious use notice term.
OFF-20210914-7RJ0-530,2021-09-14,John Smith,EMP-003,Intel Core i7 13700K,20,Components,CPU,3,35000,1000,28000,UPI,Sarah Chase,,
OFF-20220530-CJ43-531,2022-05-30,John Smith,EMP-003,NZXT H510 Case,6,Components,Cases,3,7000,0,4500,Debit Card,Sarah Lang,,
OFF-20210626-AAIU-532,2021-06-26,Jane Doe,EMP-002,Samsung 980 PRO 1TB,1,Components,Storage,1,8000,0,5500,Cash,John Simpson,623.971.8118x557,
OFF-20230929-QQ4I-533,2023-09-29,Anton,EMP-001,Logitech MX Master 3,7,Accessories,Mice,3,8500,1500,5000,Cash,Andrew Bates,+1-421-497-4685x1690,Visit five tree beat at.
OFF-20210729-OG77-534,2021-07-29,Anton,EMP-001,ASUS ROG Monitor 27,10,Displays,Monitors,3,25000,500,18000,Cash,Michele Fisher,799.749.2890x479,Party finally become crime away born call create.
OFF-20220312-A68N-535,2022-03-12,Jane Doe,EMP-002,RTX 4070 Ti,2,Components,GPU,3,75000,0,60000,UPI,Alicia Jones,,
OFF-20240831-4TGJ-536,2024-08-31,Jane Doe,EMP-002,Logitech MX Master 3,13,Accessories,Mice,2,8500,0,5000,Debit Card,John Torres,,
OFF-20211109-MF5Q-537,2021-11-09,Jane Doe,EMP-002,NZXT H510 Case,15,Components,Cases,3,7000,500,4500,UPI,Dorothy Nash,,
OFF-20260330-7JHA-538,2026-03-30,Jane Doe,EMP-002,Razer BlackWidow,11,Accessories,Keyboards,1,12000,1000,8000,Credit Card,Jennifer Torres,+1-372-347-9833x922,
OFF-20240518-YNAX-539,2024-05-18,Anton,EMP-001,RTX 4070 Ti,3,Components,GPU,3,75000,500,60000,Debit Card,Walk-in,,
OFF-20220909-6O2G-540,2022-09-09,Jane Doe,EMP-002,Samsung 980 PRO 1TB,7,Components,Storage,2,8000,1500,5500,Cash,Matthew Parker MD,450-438-9291x36903,Policy worry consider guess action.
OFF-20211022-6AU9-541,2021-10-22,Anton,EMP-001,Logitech WebCam C920,8,Accessories,Webcams,3,6000,500,3500,UPI,Walk-in,,
OFF-20220925-CIAF-542,2022-09-25,Jane Doe,EMP-002,ASUS ROG Monitor 27,18,Displays,Monitors,1,25000,1500,18000,Cash,Linda Brown,,
OFF-20221006-NC6J-543,2022-10-06,Anton,EMP-001,Logitech WebCam C920,9,Accessories,Webcams,1,6000,0,3500,Cash,Julia Rose,853-389-3615,
OFF-20250321-SE4Z-544,2025-03-21,Jane Doe,EMP-002,Samsung 980 PRO 1TB,3,Components,Storage,3,8000,0,5500,Cash,Penny Miller,(605)689-9178,
OFF-20220723-H729-545,2022-07-23,John Smith,EMP-003,RTX 4070 Ti,9,Components,GPU,1,75000,0,60000,UPI,Walk-in,,
OFF-20260321-FZF9-546,2026-03-21,Anton,EMP-001,RTX 4070 Ti,8,Components,GPU,1,75000,0,60000,Credit Card,Bobby Bradley,,
OFF-20220720-QBD1-547,2022-07-20,Jane Doe,EMP-002,Corsair 32GB RAM,14,Components,RAM,3,9000,500,6000,Credit Card,Walk-in,,
OFF-20220731-9HRM-548,2022-07-31,Jane Doe,EMP-002,ASUS ROG Monitor 27,20,Displays,Monitors,2,25000,0,18000,UPI,Walk-in,(481)860-4439,
OFF-20250320-WTNI-549,2025-03-20,Jane Doe,EMP-002,ASUS ROG Monitor 27,4,Displays,Monitors,2,25000,1500,18000,Debit Card,Brian Oneal,215.765.8490x8556,Rule organization early sit mind.
OFF-20221206-A4GM-550,2022-12-06,Anton,EMP-001,Logitech MX Master 3,12,Accessories,Mice,3,8500,0,5000,Credit Card,Christopher Miller,904-221-5204x682,
OFF-20211125-WST3-551,2021-11-25,Jane Doe,EMP-002,Razer BlackWidow,3,Accessories,Keyboards,2,12000,500,8000,Credit Card,Preston Burke,991.344.0523x9290,
OFF-20240629-J17T-552,2024-06-29,John Smith,EMP-003,Razer BlackWidow,6,Accessories,Keyboards,1,12000,0,8000,Debit Card,Walk-in,,
OFF-20220831-9A0U-553,2022-08-31,John Smith,EMP-003,Razer BlackWidow,4,Accessories,Keyboards,3,12000,500,8000,UPI,Joel Mclean,,
OFF-20230624-TY5U-554,2023-06-24,Anton,EMP-001,Logitech MX Master 3,9,Accessories,Mice,2,8500,0,5000,Credit Card,Jonathan Gonzalez,+1-459-560-2780,
OFF-20210724-4A9W-555,2021-07-24,Jane Doe,EMP-002,Logitech MX Master 3,9,Accessories,Mice,2,8500,500,5000,Cash,Walk-in,+1-749-845-4259,Including laugh read mind.
OFF-20250917-WXVJ-556,2025-09-17,Anton,EMP-001,Logitech MX Master 3,12,Accessories,Mice,1,8500,1500,5000,UPI,Walk-in,001-389-437-2468x11258,
OFF-20241214-EJMO-557,2024-12-14,Jane Doe,EMP-002,Logitech MX Master 3,12,Accessories,Mice,1,8500,0,5000,UPI,Walk-in,,Bank politics black son establish west article central.
OFF-20211012-5ZMM-558,2021-10-12,John Smith,EMP-003,Logitech MX Master 3,5,Accessories,Mice,3,8500,500,5000,Cash,Walk-in,(556)395-4373,
OFF-20210601-VPFK-559,2021-06-01,Anton,EMP-001,RTX 4070 Ti,6,Components,GPU,3,75000,500,60000,Credit Card,Jamie Mata,,
OFF-20250930-T5KJ-560,2025-09-30,Anton,EMP-001,ASUS ROG Monitor 27,4,Displays,Monitors,3,25000,500,18000,UPI,Bradley Potter,378.413.9121x479,
OFF-20251224-2E7C-561,2025-12-24,John Smith,EMP-003,Logitech MX Master 3,8,Accessories,Mice,3,8500,500,5000,Cash,Gary Riddle,,
OFF-20240617-9A01-562,2024-06-17,Anton,EMP-001,Logitech WebCam C920,5,Accessories,Webcams,1,6000,500,3500,Cash,Maurice Shepard,658-544-0133,
OFF-20210415-5UNK-563,2021-04-15,Anton,EMP-001,Logitech WebCam C920,17,Accessories,Webcams,3,6000,500,3500,UPI,Walk-in,,
OFF-20230423-RPMO-564,2023-04-23,Anton,EMP-001,ASUS ROG Monitor 27,7,Displays,Monitors,1,25000,1500,18000,Debit Card,Walk-in,,
OFF-20250827-TYIL-565,2025-08-27,Jane Doe,EMP-002,Gaming PC Build,19,Desktops,Gaming PC,2,85000,0,65000,Cash,Walk-in,,
OFF-20241223-69V7-566,2024-12-23,John Smith,EMP-003,RTX 4070 Ti,5,Components,GPU,1,75000,1000,60000,UPI,Lisa Torres,+1-410-934-5017,Common me would point.
OFF-20250715-ZT2A-567,2025-07-15,John Smith,EMP-003,Corsair 32GB RAM,1,Components,RAM,1,9000,500,6000,Cash,Randy Santana,,
OFF-20240602-O8R5-568,2024-06-02,Anton,EMP-001,Samsung 980 PRO 1TB,5,Components,Storage,2,8000,0,5500,Cash,Walk-in,345-493-0389x19896,Necessary should our win start.
OFF-20250303-MMB7-569,2025-03-03,John Smith,EMP-003,Corsair 32GB RAM,17,Components,RAM,1,9000,0,6000,Debit Card,Stephanie Ferrell,(639)683-7647x28441,
OFF-20211005-Z2YY-570,2021-10-05,John Smith,EMP-003,Corsair 32GB RAM,16,Components,RAM,1,9000,0,6000,Credit Card,Natasha Robles,583.958.7294x983,Protect all agree why notice.
OFF-20210705-TLYR-571,2021-07-05,Jane Doe,EMP-002,Gaming PC Build,11,Desktops,Gaming PC,3,85000,1000,65000,Credit Card,James Smith,(271)377-3959x47862,
OFF-20250425-W98R-572,2025-04-25,Jane Doe,EMP-002,NZXT H510 Case,16,Components,Cases,2,7000,0,4500,Debit Card,Walk-in,,Skin draw professional whatever first general.
OFF-20210904-88PN-573,2021-09-04,Jane Doe,EMP-002,Logitech WebCam C920,5,Accessories,Webcams,1,6000,1000,3500,UPI,Whitney Washington,(921)711-2424x08751,Game son sense why television.
OFF-20230121-6IDT-574,2023-01-21,John Smith,EMP-003,Razer BlackWidow,14,Accessories,Keyboards,3,12000,1500,8000,Cash,Pamela Cooper,(935)394-6004,
OFF-20260322-DFVA-575,2026-03-22,Jane Doe,EMP-002,Corsair 32GB RAM,11,Components,RAM,1,9000,500,6000,Debit Card,Walk-in,,
OFF-20250914-6KVX-576,2025-09-14,John Smith,EMP-003,Corsair 32GB RAM,11,Components,RAM,2,9000,0,6000,Cash,Brian Williams,001-703-608-7645,
OFF-20220417-DX7E-577,2022-04-17,Jane Doe,EMP-002,RTX 4070 Ti,12,Components,GPU,1,75000,0,60000,Debit Card,Travis Moore,+1-210-416-5616,
OFF-20220726-T76P-578,2022-07-26,John Smith,EMP-003,Logitech WebCam C920,16,Accessories,Webcams,1,6000,1000,3500,Credit Card,Walk-in,,
OFF-20210515-N68F-579,2021-05-15,Anton,EMP-001,Gaming PC Build,8,Desktops,Gaming PC,3,85000,500,65000,Debit Card,Walk-in,+1-360-887-7730x93728,Certainly senior open some.
OFF-20250412-JQ2A-580,2025-04-12,Jane Doe,EMP-002,Logitech WebCam C920,10,Accessories,Webcams,1,6000,1500,3500,Debit Card,Pamela Lee,,
OFF-20220713-SRUP-581,2022-07-13,Anton,EMP-001,Samsung 980 PRO 1TB,3,Components,Storage,1,8000,1500,5500,Debit Card,Brian Willis,506-409-3144x58403,
OFF-20250413-I0ML-582,2025-04-13,Anton,EMP-001,Samsung 980 PRO 1TB,3,Components,Storage,3,8000,0,5500,Cash,Cameron Stafford,,
OFF-20241213-0G5K-583,2024-12-13,Anton,EMP-001,RTX 4070 Ti,5,Components,GPU,2,75000,1500,60000,Debit Card,Melinda Adams,,
OFF-20250706-C5LN-584,2025-07-06,Anton,EMP-001,Razer BlackWidow,4,Accessories,Keyboards,1,12000,0,8000,UPI,Brian Hahn,+1-778-548-9049x38930,
OFF-20210730-LOT8-585,2021-07-30,Anton,EMP-001,Logitech MX Master 3,13,Accessories,Mice,3,8500,1000,5000,Debit Card,John Andrade,691.566.2148x8359,
OFF-20241124-GE94-586,2024-11-24,John Smith,EMP-003,Intel Core i7 13700K,5,Components,CPU,2,35000,0,28000,Cash,Aaron Castro,+1-221-286-8719x0701,
OFF-20220428-OZIM-587,2022-04-28,Jane Doe,EMP-002,Logitech MX Master 3,12,Accessories,Mice,2,8500,1500,5000,Debit Card,Christopher Khan,(425)372-8321,
OFF-20251022-C639-588,2025-10-22,Anton,EMP-001,Razer BlackWidow,18,Accessories,Keyboards,3,12000,0,8000,Credit Card,Walk-in,3145026054,
OFF-20231127-DZIB-589,2023-11-27,John Smith,EMP-003,Logitech MX Master 3,13,Accessories,Mice,3,8500,1000,5000,UPI,Walk-in,+1-575-292-6008x9818,
OFF-20211003-IZKL-590,2021-10-03,Anton,EMP-001,Razer BlackWidow,12,Accessories,Keyboards,3,12000,0,8000,Cash,Gail Austin,,
OFF-20240504-X1GI-591,2024-05-04,Jane Doe,EMP-002,Logitech WebCam C920,4,Accessories,Webcams,3,6000,500,3500,Credit Card,Walk-in,420.345.6958,
OFF-20210707-MNXR-592,2021-07-07,Anton,EMP-001,Corsair 32GB RAM,20,Components,RAM,1,9000,1000,6000,Credit Card,Walk-in,001-518-628-3087x38357,
OFF-20260225-5M34-593,2026-02-25,John Smith,EMP-003,RTX 4070 Ti,5,Components,GPU,3,75000,0,60000,Debit Card,Brent King,268-847-6415x93705,
OFF-20240305-1RK1-594,2024-03-05,Jane Doe,EMP-002,Samsung 980 PRO 1TB,14,Components,Storage,2,8000,0,5500,Cash,Michael Bates,,Owner notice few his.
OFF-20231127-17EA-595,2023-11-27,John Smith,EMP-003,Gaming PC Build,5,Desktops,Gaming PC,2,85000,1500,65000,Debit Card,Walk-in,,
OFF-20250907-26EY-596,2025-09-07,Jane Doe,EMP-002,Intel Core i7 13700K,1,Components,CPU,2,35000,1500,28000,Credit Card,Allison Ellis,001-709-256-9449x27039,
OFF-20240402-XN40-597,2024-04-02,John Smith,EMP-003,Logitech WebCam C920,8,Accessories,Webcams,1,6000,0,3500,UPI,Walk-in,2296077805,
OFF-20220829-KR50-598,2022-08-29,Anton,EMP-001,Logitech WebCam C920,11,Accessories,Webcams,3,6000,1500,3500,Cash,Charles Moreno,(902)753-0724x4328,
OFF-20240520-GJ2U-599,2024-05-20,Jane Doe,EMP-002,Samsung 980 PRO 1TB,8,Components,Storage,3,8000,0,5500,UPI,Walk-in,5807419669,Black ground one coach information finish marriage.
OFF-20250117-2GDA-600,2025-01-17,Jane Doe,EMP-002,Logitech WebCam C920,7,Accessories,Webcams,3,6000,1000,3500,Debit Card,Michael Young,,
OFF-20210514-E02V-601,2021-05-14,John Smith,EMP-003,Gaming PC Build,1,Desktops,Gaming PC,1,85000,0,65000,Debit Card,Walk-in,,
OFF-20250305-Y8KL-602,2025-03-05,Jane Doe,EMP-002,Intel Core i7 13700K,7,Components,CPU,1,35000,1500,28000,UPI,Walk-in,,Late issue wind course read wait woman.
OFF-20230413-OM94-603,2023-04-13,Anton,EMP-001,Logitech WebCam C920,10,Accessories,Webcams,3,6000,0,3500,Cash,Joseph Williams,,
OFF-20250709-SBCW-604,2025-07-09,Anton,EMP-001,Logitech MX Master 3,2,Accessories,Mice,1,8500,0,5000,Credit Card,Stephen Keller,+1-602-687-0919x445,
OFF-20220711-SNLL-605,2022-07-11,Anton,EMP-001,Gaming PC Build,10,Desktops,Gaming PC,1,85000,1500,65000,Credit Card,Michael Johnson,,
OFF-20220210-69DW-606,2022-02-10,Anton,EMP-001,Corsair 32GB RAM,12,Components,RAM,3,9000,0,6000,UPI,Maria Williamson,(483)611-8412,
OFF-20221229-Q7I1-607,2022-12-29,John Smith,EMP-003,ASUS ROG Monitor 27,19,Displays,Monitors,3,25000,0,18000,UPI,Walk-in,574.491.7891,
OFF-20250728-QS5B-608,2025-07-28,Jane Doe,EMP-002,Logitech WebCam C920,20,Accessories,Webcams,3,6000,1500,3500,Cash,Amanda Thomas,,Notice particularly rule southern identify.
OFF-20221017-UOXH-609,2022-10-17,Jane Doe,EMP-002,Intel Core i7 13700K,8,Components,CPU,1,35000,0,28000,Cash,Colin Watson,,
OFF-20240313-J3IF-610,2024-03-13,John Smith,EMP-003,Razer BlackWidow,15,Accessories,Keyboards,1,12000,0,8000,UPI,Chelsea Mccoy,,
OFF-20240320-172T-611,2024-03-20,Anton,EMP-001,Intel Core i7 13700K,10,Components,CPU,2,35000,0,28000,Cash,Andrew Love,,Voice all customer lawyer media similar site.
OFF-20250117-JUJB-612,2025-01-17,Jane Doe,EMP-002,ASUS ROG Monitor 27,3,Displays,Monitors,2,25000,500,18000,Credit Card,Clifford Johnson,372-528-5828x61285,
OFF-20250602-CHZJ-613,2025-06-02,Anton,EMP-001,Intel Core i7 13700K,6,Components,CPU,2,35000,0,28000,Debit Card,Walk-in,,
OFF-20210806-25VT-614,2021-08-06,John Smith,EMP-003,NZXT H510 Case,10,Components,Cases,3,7000,500,4500,Debit Card,Jared Leblanc,244-306-5881,
OFF-20230508-QW2D-615,2023-05-08,Jane Doe,EMP-002,RTX 4070 Ti,1,Components,GPU,2,75000,0,60000,Credit Card,Roger Martin,,
OFF-20210923-3MWO-616,2021-09-23,Jane Doe,EMP-002,Razer BlackWidow,12,Accessories,Keyboards,1,12000,0,8000,Credit Card,Walk-in,603.581.2142x66424,Political network work stand.
OFF-20250506-KK13-617,2025-05-06,Anton,EMP-001,Razer BlackWidow,17,Accessories,Keyboards,2,12000,0,8000,Cash,Jessica Cuevas,,
OFF-20230512-E064-618,2023-05-12,Jane Doe,EMP-002,Logitech WebCam C920,14,Accessories,Webcams,3,6000,0,3500,Debit Card,Walk-in,(507)886-7083x4113,
OFF-20231128-VM0D-619,2023-11-28,Jane Doe,EMP-002,Logitech WebCam C920,15,Accessories,Webcams,1,6000,0,3500,Credit Card,Tiffany Price,,
OFF-20210726-TM30-620,2021-07-26,Jane Doe,EMP-002,Samsung 980 PRO 1TB,14,Components,Storage,2,8000,1000,5500,UPI,Mark Rose,+1-940-990-6775x870,
OFF-20260206-CZJM-621,2026-02-06,John Smith,EMP-003,ASUS ROG Monitor 27,18,Displays,Monitors,3,25000,1500,18000,Cash,Brent Arnold,,
OFF-20240610-3WSA-622,2024-06-10,Anton,EMP-001,Gaming PC Build,15,Desktops,Gaming PC,3,85000,1500,65000,Cash,Christopher Gaines,,
OFF-20240329-V1WC-623,2024-03-29,Jane Doe,EMP-002,Logitech MX Master 3,19,Accessories,Mice,3,8500,0,5000,Credit Card,Carol Preston,205.792.9144x6646,
OFF-20210926-ATY8-624,2021-09-26,Jane Doe,EMP-002,ASUS ROG Monitor 27,14,Displays,Monitors,3,25000,0,18000,UPI,Walk-in,649.377.9939x50707,
OFF-20240930-U6SU-625,2024-09-30,Jane Doe,EMP-002,Corsair 32GB RAM,12,Components,RAM,3,9000,0,6000,Debit Card,Michael Henderson,,
OFF-20251013-5ABL-626,2025-10-13,Jane Doe,EMP-002,NZXT H510 Case,20,Components,Cases,3,7000,1000,4500,Credit Card,Walk-in,,
OFF-20221129-J1U2-627,2022-11-29,Anton,EMP-001,Samsung 980 PRO 1TB,10,Components,Storage,1,8000,0,5500,Cash,Gary Lambert,,Citizen head way people cold themselves while.
OFF-20251023-QPCH-628,2025-10-23,Anton,EMP-001,Logitech MX Master 3,8,Accessories,Mice,2,8500,0,5000,Debit Card,Javier Bernard,001-488-490-7131x7572,
OFF-20230913-9KLR-629,2023-09-13,Anton,EMP-001,NZXT H510 Case,10,Components,Cases,2,7000,500,4500,UPI,Scott Brown,,
OFF-20220418-WPPQ-630,2022-04-18,Anton,EMP-001,Logitech MX Master 3,19,Accessories,Mice,2,8500,0,5000,Debit Card,Walk-in,,
OFF-20211219-D6TS-631,2021-12-19,John Smith,EMP-003,Razer BlackWidow,2,Accessories,Keyboards,3,12000,0,8000,Cash,Brenda Mendoza,+1-874-619-7420x8057,
OFF-20230701-PAL8-632,2023-07-01,Jane Doe,EMP-002,Razer BlackWidow,1,Accessories,Keyboards,2,12000,1500,8000,UPI,Nicholas Duke,,
OFF-20260403-ZRGU-633,2026-04-03,Jane Doe,EMP-002,Logitech WebCam C920,18,Accessories,Webcams,2,6000,1000,3500,Credit Card,Walk-in,+1-616-433-5696x671,Teacher similar goal these country day.
OFF-20240415-TBJW-634,2024-04-15,John Smith,EMP-003,Corsair 32GB RAM,14,Components,RAM,3,9000,0,6000,Credit Card,Cheryl Holloway,,
OFF-20230213-C3L2-635,2023-02-13,John Smith,EMP-003,Intel Core i7 13700K,5,Components,CPU,1,35000,0,28000,Cash,Walk-in,,
OFF-20220527-0ONO-636,2022-05-27,Anton,EMP-001,Gaming PC Build,16,Desktops,Gaming PC,2,85000,1500,65000,Debit Card,Walk-in,8134395415,Time yard eye name.
OFF-20240912-252B-637,2024-09-12,Jane Doe,EMP-002,RTX 4070 Ti,3,Components,GPU,1,75000,1500,60000,Credit Card,Elizabeth Mooney,,
OFF-20231223-6BLQ-638,2023-12-23,Jane Doe,EMP-002,Corsair 32GB RAM,12,Components,RAM,3,9000,500,6000,Debit Card,Lacey Hernandez,(420)904-3525x440,
OFF-20240626-CGG5-639,2024-06-26,Jane Doe,EMP-002,Samsung 980 PRO 1TB,8,Components,Storage,2,8000,0,5500,Debit Card,Gerald Murphy,,
OFF-20220714-201L-640,2022-07-14,Anton,EMP-001,Samsung 980 PRO 1TB,20,Components,Storage,3,8000,1500,5500,UPI,Kayla Pearson,,
OFF-20230927-HDC8-641,2023-09-27,Anton,EMP-001,Razer BlackWidow,20,Accessories,Keyboards,3,12000,1500,8000,Cash,Timothy Duffy,,Thus civil situation mouth on.
OFF-20241210-3FWN-642,2024-12-10,Jane Doe,EMP-002,NZXT H510 Case,5,Components,Cases,1,7000,1000,4500,Debit Card,Debbie Morales,,
OFF-20230708-CH7S-643,2023-07-08,John Smith,EMP-003,Samsung 980 PRO 1TB,7,Components,Storage,3,8000,0,5500,Cash,Richard Mcgee,(243)461-7236x437,Fact whom great whatever explain there.
OFF-20251118-9JUA-644,2025-11-18,John Smith,EMP-003,Logitech WebCam C920,7,Accessories,Webcams,3,6000,0,3500,Credit Card,Samantha Patterson,(556)472-3259x83628,House training reveal story week shake.
OFF-20220712-SXON-645,2022-07-12,Anton,EMP-001,Razer BlackWidow,4,Accessories,Keyboards,1,12000,1000,8000,Cash,Walk-in,405-662-3537x86433,
OFF-20210426-A5RZ-646,2021-04-26,Anton,EMP-001,Razer BlackWidow,8,Accessories,Keyboards,2,12000,500,8000,Cash,Robert Mcbride,+1-340-970-4887x82672,
OFF-20221013-3MO1-647,2022-10-13,Jane Doe,EMP-002,Logitech MX Master 3,13,Accessories,Mice,3,8500,0,5000,UPI,Walk-in,,
OFF-20240426-BV2K-648,2024-04-26,John Smith,EMP-003,Corsair 32GB RAM,4,Components,RAM,3,9000,0,6000,UPI,Jared Williams,,Prove range thought someone miss scientist simply foreign.
OFF-20260115-MQCA-649,2026-01-15,John Smith,EMP-003,Logitech MX Master 3,3,Accessories,Mice,3,8500,0,5000,UPI,Walk-in,,
OFF-20230629-GU7X-650,2023-06-29,Anton,EMP-001,Logitech MX Master 3,19,Accessories,Mice,2,8500,0,5000,Credit Card,Walk-in,+1-795-531-1168x442,
OFF-20210520-78JB-651,2021-05-20,John Smith,EMP-003,Corsair 32GB RAM,19,Components,RAM,2,9000,0,6000,UPI,Steven Hancock,(690)569-9845x323,
OFF-20241124-TEZ6-652,2024-11-24,John Smith,EMP-003,Samsung 980 PRO 1TB,5,Components,Storage,2,8000,0,5500,Credit Card,Ronald Simmons,+1-712-637-5764x086,
OFF-20221115-BVQG-653,2022-11-15,Jane Doe,EMP-002,Logitech MX Master 3,20,Accessories,Mice,1,8500,1500,5000,Cash,Angela Watts,,
OFF-20210808-L7WZ-654,2021-08-08,John Smith,EMP-003,Gaming PC Build,2,Desktops,Gaming PC,2,85000,0,65000,Debit Card,Christine Hansen,5816402329,Fly unit entire animal.
OFF-20240710-OTLM-655,2024-07-10,Anton,EMP-001,ASUS ROG Monitor 27,5,Displays,Monitors,2,25000,0,18000,UPI,Mary Mejia,,
OFF-20230109-55OL-656,2023-01-09,Jane Doe,EMP-002,Logitech MX Master 3,17,Accessories,Mice,3,8500,0,5000,Credit Card,Sharon Porter,(222)786-5416,Girl style baby cell camera low few.
OFF-20221113-Y0X5-657,2022-11-13,Jane Doe,EMP-002,NZXT H510 Case,16,Components,Cases,3,7000,0,4500,Debit Card,Dean Potts,616-602-0742x218,
OFF-20260120-GMTO-658,2026-01-20,John Smith,EMP-003,RTX 4070 Ti,19,Components,GPU,3,75000,0,60000,Cash,Angie Gray,,
OFF-20241225-HD1O-659,2024-12-25,Anton,EMP-001,Samsung 980 PRO 1TB,11,Components,Storage,1,8000,500,5500,Cash,Walk-in,,
OFF-20250804-FUWK-660,2025-08-04,Anton,EMP-001,Samsung 980 PRO 1TB,2,Components,Storage,3,8000,1000,5500,Credit Card,Walk-in,+1-384-511-4734x513,
OFF-20230903-B2CC-661,2023-09-03,John Smith,EMP-003,Intel Core i7 13700K,16,Components,CPU,3,35000,1000,28000,Debit Card,Mary Duncan,,Commercial reflect buy point democratic way.
OFF-20211219-2KE8-662,2021-12-19,John Smith,EMP-003,NZXT H510 Case,1,Components,Cases,1,7000,0,4500,Cash,Walk-in,449.212.2308,
OFF-20220121-Y3MI-663,2022-01-21,Anton,EMP-001,Razer BlackWidow,5,Accessories,Keyboards,1,12000,0,8000,Cash,Jacqueline Rhodes,,
OFF-20210511-8PHV-664,2021-05-11,John Smith,EMP-003,Razer BlackWidow,14,Accessories,Keyboards,1,12000,500,8000,Debit Card,Amy Hernandez,,
OFF-20221107-6P9Y-665,2022-11-07,John Smith,EMP-003,ASUS ROG Monitor 27,10,Displays,Monitors,1,25000,0,18000,Credit Card,Joseph Davis,001-282-617-5471x32521,
OFF-20230728-PW99-666,2023-07-28,Jane Doe,EMP-002,NZXT H510 Case,8,Components,Cases,2,7000,0,4500,Cash,Linda Thompson,+1-483-515-0070x169,
OFF-20260325-84WL-667,2026-03-25,Anton,EMP-001,Corsair 32GB RAM,3,Components,RAM,2,9000,0,6000,Cash,Heidi Ramirez,,Get worker everyone training stay under though Republican.
OFF-20250326-PXZN-668,2025-03-26,Jane Doe,EMP-002,Samsung 980 PRO 1TB,8,Components,Storage,3,8000,0,5500,Cash,Tyrone Thomas,4438327142,
OFF-20230220-U4I7-669,2023-02-20,John Smith,EMP-003,Logitech MX Master 3,11,Accessories,Mice,1,8500,0,5000,Cash,Kelly Williams,(596)249-0135,
OFF-20250804-M70V-670,2025-08-04,Anton,EMP-001,Razer BlackWidow,16,Accessories,Keyboards,3,12000,500,8000,Debit Card,Walk-in,(914)755-4636x40881,
OFF-20230513-VJ0L-671,2023-05-13,Jane Doe,EMP-002,Intel Core i7 13700K,8,Components,CPU,2,35000,0,28000,Credit Card,Christopher Sims,214-566-1719,
OFF-20240825-UX22-672,2024-08-25,Anton,EMP-001,Logitech MX Master 3,11,Accessories,Mice,3,8500,1000,5000,UPI,Danielle Rodriguez,,
OFF-20210721-XS63-673,2021-07-21,John Smith,EMP-003,Samsung 980 PRO 1TB,14,Components,Storage,3,8000,0,5500,UPI,Gary Mckinney,512.665.1684x2378,
OFF-20220212-3FSS-674,2022-02-12,John Smith,EMP-003,RTX 4070 Ti,2,Components,GPU,3,75000,0,60000,Debit Card,David Butler,001-440-337-3359x751,
OFF-20220118-4RSG-675,2022-01-18,Anton,EMP-001,NZXT H510 Case,20,Components,Cases,3,7000,0,4500,UPI,Deborah Yates,,
OFF-20210702-GR8S-676,2021-07-02,Jane Doe,EMP-002,Corsair 32GB RAM,17,Components,RAM,2,9000,1000,6000,Debit Card,Sara Wood,,
OFF-20220912-6XC7-677,2022-09-12,John Smith,EMP-003,NZXT H510 Case,7,Components,Cases,2,7000,500,4500,Cash,Walk-in,(875)906-8818x6604,
OFF-20250317-OHR9-678,2025-03-17,John Smith,EMP-003,Logitech MX Master 3,5,Accessories,Mice,2,8500,0,5000,Cash,Walk-in,472.428.0007,
OFF-20250627-ORHI-679,2025-06-27,Anton,EMP-001,Logitech MX Master 3,1,Accessories,Mice,1,8500,1000,5000,UPI,Walk-in,(824)363-8346x9868,
OFF-20210810-01VM-680,2021-08-10,Jane Doe,EMP-002,Logitech MX Master 3,6,Accessories,Mice,2,8500,500,5000,Cash,Morgan Reyes,001-435-286-2558x01558,
OFF-20220723-MZ7R-681,2022-07-23,John Smith,EMP-003,Corsair 32GB RAM,15,Components,RAM,3,9000,0,6000,UPI,Patrick Kelly,(941)689-1901x5321,
OFF-20241102-WLH9-682,2024-11-02,Anton,EMP-001,NZXT H510 Case,8,Components,Cases,3,7000,500,4500,Cash,Rebecca Franco,+1-358-756-1965x494,Conference guess seat organization open ago.
OFF-20250515-WHXX-683,2025-05-15,John Smith,EMP-003,NZXT H510 Case,19,Components,Cases,2,7000,0,4500,Cash,Walk-in,,
OFF-20211107-DQJ1-684,2021-11-07,John Smith,EMP-003,ASUS ROG Monitor 27,12,Displays,Monitors,1,25000,500,18000,Debit Card,Matthew Owens,,
OFF-20250713-QJ6D-685,2025-07-13,John Smith,EMP-003,NZXT H510 Case,12,Components,Cases,3,7000,500,4500,UPI,Luis Garcia,760-934-5308x6785,
OFF-20220527-NDXB-686,2022-05-27,Anton,EMP-001,Gaming PC Build,5,Desktops,Gaming PC,2,85000,0,65000,Cash,Daniel Walker,287.508.0285x7592,
OFF-20211221-WXBQ-687,2021-12-21,Anton,EMP-001,Logitech MX Master 3,6,Accessories,Mice,3,8500,1000,5000,Cash,Veronica Glass,,
OFF-20220912-WCEN-688,2022-09-12,Jane Doe,EMP-002,Logitech MX Master 3,7,Accessories,Mice,3,8500,0,5000,Cash,Walk-in,001-207-747-2938,
OFF-20220716-NJ85-689,2022-07-16,John Smith,EMP-003,Logitech MX Master 3,13,Accessories,Mice,3,8500,500,5000,UPI,Jeffrey Castillo,+1-531-857-7729x5475,
OFF-20240712-T54D-690,2024-07-12,Jane Doe,EMP-002,Gaming PC Build,1,Desktops,Gaming PC,2,85000,0,65000,Credit Card,Walk-in,+1-586-489-5100x172,Tough explain ago treat kind hit job.
OFF-20210828-3CS0-691,2021-08-28,Anton,EMP-001,Samsung 980 PRO 1TB,5,Components,Storage,2,8000,0,5500,Debit Card,Walk-in,2498915245,
OFF-20210705-X9ZO-692,2021-07-05,Jane Doe,EMP-002,Intel Core i7 13700K,11,Components,CPU,2,35000,1500,28000,Cash,Cindy Roth,,Model door we mission.
OFF-20210410-4EYK-693,2021-04-10,John Smith,EMP-003,RTX 4070 Ti,20,Components,GPU,3,75000,0,60000,UPI,Walk-in,,
OFF-20260130-5YP5-694,2026-01-30,Anton,EMP-001,Razer BlackWidow,15,Accessories,Keyboards,3,12000,1000,8000,Cash,Matthew Bautista,,
OFF-20260122-YNKQ-695,2026-01-22,Anton,EMP-001,RTX 4070 Ti,12,Components,GPU,2,75000,0,60000,UPI,Debbie Merritt,,
OFF-20250203-JGGL-696,2025-02-03,John Smith,EMP-003,NZXT H510 Case,18,Components,Cases,1,7000,0,4500,Debit Card,Angela Cooley,,
OFF-20210602-13DM-697,2021-06-02,John Smith,EMP-003,Razer BlackWidow,15,Accessories,Keyboards,1,12000,0,8000,Debit Card,Walk-in,,
OFF-20210828-4G38-698,2021-08-28,Jane Doe,EMP-002,Intel Core i7 13700K,1,Components,CPU,3,35000,0,28000,UPI,Cindy York,+1-656-764-4539x56476,
OFF-20240929-AQZO-699,2024-09-29,John Smith,EMP-003,NZXT H510 Case,19,Components,Cases,2,7000,0,4500,Credit Card,Kimberly Thompson,(366)706-7621x9259,
OFF-20250811-8ZA4-700,2025-08-11,John Smith,EMP-003,Logitech MX Master 3,9,Accessories,Mice,1,8500,500,5000,Credit Card,Walk-in,650.913.0517x957,
OFF-20250428-ZETP-701,2025-04-28,Anton,EMP-001,Logitech MX Master 3,13,Accessories,Mice,1,8500,1000,5000,UPI,Megan Foster,,
OFF-20220530-TDR8-702,2022-05-30,Jane Doe,EMP-002,RTX 4070 Ti,10,Components,GPU,3,75000,1500,60000,Cash,Margaret Hoover,(874)462-0921,
OFF-20250601-V0T2-703,2025-06-01,John Smith,EMP-003,Logitech MX Master 3,6,Accessories,Mice,3,8500,500,5000,Credit Card,Donna Sanchez,484.543.3677,
OFF-20220322-IR6R-704,2022-03-22,John Smith,EMP-003,RTX 4070 Ti,12,Components,GPU,1,75000,0,60000,Debit Card,Brandy Rowe,,Whose chance ready American real.
OFF-20241010-9QDJ-705,2024-10-10,Jane Doe,EMP-002,Logitech WebCam C920,13,Accessories,Webcams,1,6000,500,3500,Cash,Cody Guzman,,
OFF-20260327-Y4GP-706,2026-03-27,John Smith,EMP-003,ASUS ROG Monitor 27,6,Displays,Monitors,1,25000,0,18000,Debit Card,Walk-in,,
OFF-20251115-JT5K-707,2025-11-15,Anton,EMP-001,Razer BlackWidow,7,Accessories,Keyboards,1,12000,1500,8000,Cash,Christopher Williams,+1-625-527-1712,
OFF-20240717-B0WC-708,2024-07-17,Anton,EMP-001,Intel Core i7 13700K,17,Components,CPU,3,35000,0,28000,Cash,Walk-in,999-648-9661,
OFF-20240607-9NEL-709,2024-06-07,Anton,EMP-001,Corsair 32GB RAM,15,Components,RAM,1,9000,1000,6000,Credit Card,Daniel Beck,(655)535-1677x4010,Training whether away wide serious safe.
OFF-20210507-X0GK-710,2021-05-07,Jane Doe,EMP-002,Corsair 32GB RAM,19,Components,RAM,1,9000,1500,6000,Debit Card,Mark Hall,,
OFF-20220509-LBH5-711,2022-05-09,Jane Doe,EMP-002,RTX 4070 Ti,2,Components,GPU,3,75000,0,60000,Credit Card,Troy Gardner,,
OFF-20210812-CZFY-712,2021-08-12,Anton,EMP-001,NZXT H510 Case,19,Components,Cases,2,7000,0,4500,UPI,Jason King,,
OFF-20220420-RL4P-713,2022-04-20,John Smith,EMP-003,Corsair 32GB RAM,18,Components,RAM,2,9000,0,6000,Credit Card,Dawn Mccullough,855-250-7682x35025,Later try though way.
OFF-20240625-JHXU-714,2024-06-25,Anton,EMP-001,Corsair 32GB RAM,3,Components,RAM,1,9000,0,6000,Cash,Walk-in,,
OFF-20211011-X0R4-715,2021-10-11,Jane Doe,EMP-002,Corsair 32GB RAM,5,Components,RAM,1,9000,0,6000,Credit Card,Kelly Ryan,,
OFF-20211122-4SID-716,2021-11-22,Anton,EMP-001,Logitech WebCam C920,16,Accessories,Webcams,3,6000,0,3500,Debit Card,Angela Wiley,(884)281-6465x92500,
OFF-20220315-II47-717,2022-03-15,John Smith,EMP-003,Logitech WebCam C920,9,Accessories,Webcams,3,6000,0,3500,Credit Card,Micheal Davila,487.531.4931x827,
OFF-20221029-6JW4-718,2022-10-29,John Smith,EMP-003,Razer BlackWidow,10,Accessories,Keyboards,1,12000,500,8000,Cash,Stephen Decker,732.902.8100,
OFF-20250427-MLGZ-719,2025-04-27,Anton,EMP-001,Logitech WebCam C920,19,Accessories,Webcams,3,6000,1000,3500,Debit Card,Chelsey Charles,921-845-1143x28953,
OFF-20230703-RB0G-720,2023-07-03,John Smith,EMP-003,NZXT H510 Case,2,Components,Cases,2,7000,0,4500,Cash,Walk-in,(371)797-8193x91707,
OFF-20230428-WE4O-721,2023-04-28,Jane Doe,EMP-002,NZXT H510 Case,11,Components,Cases,2,7000,1000,4500,UPI,George Vasquez,630-222-2884,
OFF-20241112-XMDJ-722,2024-11-12,Anton,EMP-001,Corsair 32GB RAM,5,Components,RAM,3,9000,500,6000,Debit Card,Michael Baker,810-749-7630,Message where simple media fact lawyer industry.
OFF-20251130-Y52R-723,2025-11-30,Jane Doe,EMP-002,Logitech WebCam C920,11,Accessories,Webcams,3,6000,0,3500,Cash,Jennifer Brown,,
OFF-20230704-5RN1-724,2023-07-04,Anton,EMP-001,NZXT H510 Case,6,Components,Cases,2,7000,0,4500,Credit Card,Susan Martin,643.916.9017x524,
OFF-20221121-W6EF-725,2022-11-21,John Smith,EMP-003,Corsair 32GB RAM,13,Components,RAM,2,9000,0,6000,UPI,Michelle Wise,894.802.8854,
OFF-20250228-MO60-726,2025-02-28,John Smith,EMP-003,Logitech MX Master 3,10,Accessories,Mice,2,8500,1500,5000,Cash,Angela Cooke,,
OFF-20210513-AEUR-727,2021-05-13,John Smith,EMP-003,Gaming PC Build,8,Desktops,Gaming PC,2,85000,500,65000,Debit Card,Catherine Michael,+1-802-308-6706,
OFF-20230220-IM6T-728,2023-02-20,Anton,EMP-001,Logitech MX Master 3,7,Accessories,Mice,2,8500,0,5000,Credit Card,Walk-in,227.812.2268x776,Page argue simple minute open clearly coach buy.
OFF-20220804-D0KJ-729,2022-08-04,John Smith,EMP-003,Logitech MX Master 3,18,Accessories,Mice,1,8500,1500,5000,Debit Card,Walk-in,001-331-769-4210x80113,
OFF-20260102-XN0T-730,2026-01-02,Jane Doe,EMP-002,NZXT H510 Case,16,Components,Cases,3,7000,0,4500,Cash,Walk-in,,
OFF-20220120-EA9P-731,2022-01-20,Jane Doe,EMP-002,Razer BlackWidow,16,Accessories,Keyboards,3,12000,0,8000,UPI,Walk-in,797.967.2528,
OFF-20251214-V8D9-732,2025-12-14,Anton,EMP-001,NZXT H510 Case,2,Components,Cases,2,7000,0,4500,UPI,Walk-in,001-655-955-4395,
OFF-20231114-WRTL-733,2023-11-14,Jane Doe,EMP-002,Gaming PC Build,16,Desktops,Gaming PC,3,85000,1000,65000,Debit Card,Beth Mcgrath,001-399-399-8918,
OFF-20240630-0DA1-734,2024-06-30,Jane Doe,EMP-002,Intel Core i7 13700K,11,Components,CPU,3,35000,500,28000,Debit Card,Walk-in,,
OFF-20220105-Z1P3-735,2022-01-05,John Smith,EMP-003,Razer BlackWidow,1,Accessories,Keyboards,3,12000,0,8000,Debit Card,Julie Poole,,
OFF-20220826-RDNA-736,2022-08-26,John Smith,EMP-003,ASUS ROG Monitor 27,2,Displays,Monitors,1,25000,1500,18000,Debit Card,Corey Clarke,(293)442-6677,
OFF-20250406-22ST-737,2025-04-06,Anton,EMP-001,Samsung 980 PRO 1TB,7,Components,Storage,2,8000,0,5500,Credit Card,Walk-in,,Simply energy meet story present.
OFF-20230402-QRXV-738,2023-04-02,John Smith,EMP-003,Corsair 32GB RAM,6,Components,RAM,3,9000,1500,6000,Credit Card,Phillip Mora,383.951.4693,
OFF-20220612-F8ZU-739,2022-06-12,Anton,EMP-001,Gaming PC Build,17,Desktops,Gaming PC,1,85000,1000,65000,Cash,Walk-in,+1-256-968-2575x0531,Outside same learn husband culture grow face.
OFF-20221021-H60D-740,2022-10-21,Anton,EMP-001,Corsair 32GB RAM,13,Components,RAM,2,9000,1500,6000,Credit Card,Jasmine Hubbard,(244)614-7515,
OFF-20241206-2LK1-741,2024-12-06,Jane Doe,EMP-002,Logitech MX Master 3,14,Accessories,Mice,2,8500,0,5000,Debit Card,Ronnie Reyes,297-615-8205x0754,
OFF-20230330-L2LR-742,2023-03-30,John Smith,EMP-003,Logitech MX Master 3,4,Accessories,Mice,2,8500,1000,5000,Credit Card,Theresa Mcclain,,
OFF-20250824-2V8N-743,2025-08-24,Jane Doe,EMP-002,Razer BlackWidow,11,Accessories,Keyboards,1,12000,1000,8000,Cash,Walk-in,(916)884-9420x81408,
OFF-20241223-24F1-744,2024-12-23,Jane Doe,EMP-002,NZXT H510 Case,4,Components,Cases,3,7000,0,4500,UPI,Steve Bradley,(869)578-2565x4318,
OFF-20220128-Q361-745,2022-01-28,Anton,EMP-001,Razer BlackWidow,8,Accessories,Keyboards,2,12000,0,8000,Credit Card,Clarence Hart,,Simply former pressure subject daughter suddenly.
OFF-20210813-YEC7-746,2021-08-13,John Smith,EMP-003,Samsung 980 PRO 1TB,12,Components,Storage,3,8000,500,5500,Cash,Tracy Ellis,,Budget poor whose mind.
OFF-20220304-HQUF-747,2022-03-04,Jane Doe,EMP-002,NZXT H510 Case,15,Components,Cases,3,7000,1000,4500,Debit Card,Walk-in,,
OFF-20240405-3AK8-748,2024-04-05,Anton,EMP-001,Logitech WebCam C920,17,Accessories,Webcams,3,6000,0,3500,Debit Card,Walk-in,,
OFF-20220225-1CJG-749,2022-02-25,Jane Doe,EMP-002,Logitech WebCam C920,18,Accessories,Webcams,3,6000,0,3500,Cash,Tyler Anderson,5104836724,
OFF-20260228-K57N-750,2026-02-28,Jane Doe,EMP-002,Corsair 32GB RAM,17,Components,RAM,2,9000,500,6000,UPI,Walk-in,,
OFF-20220303-Q53X-751,2022-03-03,John Smith,EMP-003,Samsung 980 PRO 1TB,2,Components,Storage,1,8000,500,5500,Credit Card,Natasha Olsen,509-330-4212x64519,Education around real area peace account itself.
OFF-20240416-LBA9-752,2024-04-16,Jane Doe,EMP-002,Samsung 980 PRO 1TB,3,Components,Storage,3,8000,0,5500,Debit Card,David Nelson,(430)789-6584,
OFF-20250424-WT7P-753,2025-04-24,John Smith,EMP-003,ASUS ROG Monitor 27,15,Displays,Monitors,1,25000,1000,18000,Cash,Cory Jordan,,
OFF-20230918-KK8A-754,2023-09-18,Jane Doe,EMP-002,Logitech MX Master 3,14,Accessories,Mice,2,8500,0,5000,Credit Card,John Fowler,865-962-9389x40774,
OFF-20240606-R4WF-755,2024-06-06,Anton,EMP-001,Logitech WebCam C920,15,Accessories,Webcams,2,6000,1000,3500,UPI,Ricardo Leonard,001-445-547-1505x337,
OFF-20260129-S547-756,2026-01-29,John Smith,EMP-003,Logitech WebCam C920,20,Accessories,Webcams,3,6000,1500,3500,UPI,Stephanie Evans,,Season nothing address increase down low father.
OFF-20251222-QTZQ-757,2025-12-22,Anton,EMP-001,Corsair 32GB RAM,17,Components,RAM,3,9000,0,6000,Debit Card,Rebecca Smith,,
OFF-20221122-FEZX-758,2022-11-22,Jane Doe,EMP-002,Razer BlackWidow,18,Accessories,Keyboards,2,12000,500,8000,UPI,Sharon Cannon,(651)479-3239x50856,
OFF-20250419-ESHO-759,2025-04-19,Jane Doe,EMP-002,Logitech MX Master 3,15,Accessories,Mice,2,8500,0,5000,Cash,Stephanie Dean,3794786543,
OFF-20210901-753H-760,2021-09-01,Jane Doe,EMP-002,Gaming PC Build,2,Desktops,Gaming PC,1,85000,500,65000,UPI,Angelica Downs,,
OFF-20260206-HY38-761,2026-02-06,Jane Doe,EMP-002,ASUS ROG Monitor 27,6,Displays,Monitors,2,25000,0,18000,Cash,Elizabeth Guerrero,386.999.3243x74906,
OFF-20250227-0EF2-762,2025-02-27,Jane Doe,EMP-002,Corsair 32GB RAM,6,Components,RAM,1,9000,0,6000,Credit Card,Alexandria Morgan,,Low light focus important member road various become.
OFF-20240427-Z5H2-763,2024-04-27,Anton,EMP-001,ASUS ROG Monitor 27,3,Displays,Monitors,3,25000,1500,18000,Cash,Sabrina Hernandez,,
OFF-20240914-I0LQ-764,2024-09-14,Jane Doe,EMP-002,Samsung 980 PRO 1TB,20,Components,Storage,2,8000,1000,5500,UPI,Keith Gallegos,,Would full process candidate meet someone.
OFF-20240621-JOAM-765,2024-06-21,Jane Doe,EMP-002,ASUS ROG Monitor 27,2,Displays,Monitors,2,25000,0,18000,Credit Card,Geoffrey Hoover,+1-390-980-1061x495,Enjoy medical whom.
OFF-20240820-G79B-766,2024-08-20,Jane Doe,EMP-002,Logitech WebCam C920,15,Accessories,Webcams,2,6000,500,3500,Credit Card,Walk-in,,Floor new song month live eight pretty.
OFF-20210901-1VG8-767,2021-09-01,Jane Doe,EMP-002,NZXT H510 Case,20,Components,Cases,2,7000,0,4500,UPI,Walk-in,(604)559-9270x2040,
OFF-20211227-3V9E-768,2021-12-27,Anton,EMP-001,RTX 4070 Ti,6,Components,GPU,1,75000,1500,60000,UPI,Walk-in,6939950307,
OFF-20231022-QXYT-769,2023-10-22,John Smith,EMP-003,NZXT H510 Case,11,Components,Cases,1,7000,1500,4500,Credit Card,Walk-in,001-615-201-0551x430,
OFF-20210821-WALJ-770,2021-08-21,John Smith,EMP-003,Gaming PC Build,20,Desktops,Gaming PC,2,85000,1000,65000,Debit Card,Ebony Thomas,(840)571-7595,
OFF-20251207-YJUN-771,2025-12-07,Jane Doe,EMP-002,Gaming PC Build,20,Desktops,Gaming PC,3,85000,1500,65000,UPI,Rebecca Simmons,,
OFF-20210501-X2XW-772,2021-05-01,Jane Doe,EMP-002,NZXT H510 Case,12,Components,Cases,2,7000,1000,4500,Cash,Walk-in,,
OFF-20260122-OF1K-773,2026-01-22,John Smith,EMP-003,Logitech WebCam C920,9,Accessories,Webcams,1,6000,1000,3500,Debit Card,Ryan Cook,+1-694-890-1902x63616,
OFF-20250819-E21V-774,2025-08-19,Jane Doe,EMP-002,Razer BlackWidow,7,Accessories,Keyboards,2,12000,0,8000,UPI,Matthew Ellison,497-793-2231x1409,Plan north number glass.
OFF-20250427-6IM7-775,2025-04-27,John Smith,EMP-003,Logitech MX Master 3,7,Accessories,Mice,2,8500,500,5000,Debit Card,Matthew Mcbride,920-412-8729,
OFF-20231201-I0AY-776,2023-12-01,Anton,EMP-001,NZXT H510 Case,7,Components,Cases,2,7000,1000,4500,Cash,Nancy Nelson,001-746-714-4942x0786,
OFF-20211106-QJGM-777,2021-11-06,Anton,EMP-001,Gaming PC Build,19,Desktops,Gaming PC,1,85000,0,65000,Cash,David Brown,+1-725-473-4230x257,
OFF-20211206-DMBQ-778,2021-12-06,John Smith,EMP-003,Logitech WebCam C920,18,Accessories,Webcams,3,6000,0,3500,Cash,Ronnie Estes,397.405.1885,
OFF-20250408-NK56-779,2025-04-08,John Smith,EMP-003,Gaming PC Build,16,Desktops,Gaming PC,3,85000,0,65000,Debit Card,Walk-in,,
OFF-20211018-S6ZA-780,2021-10-18,John Smith,EMP-003,Logitech WebCam C920,7,Accessories,Webcams,3,6000,1000,3500,UPI,Walk-in,,
OFF-20211007-Z7ZJ-781,2021-10-07,Jane Doe,EMP-002,Logitech WebCam C920,6,Accessories,Webcams,3,6000,0,3500,UPI,Walk-in,,
OFF-20231211-WKRT-782,2023-12-11,Anton,EMP-001,Corsair 32GB RAM,20,Components,RAM,1,9000,1500,6000,Debit Card,Walk-in,(325)636-6565x637,
OFF-20240129-9X8I-783,2024-01-29,Anton,EMP-001,NZXT H510 Case,8,Components,Cases,3,7000,1500,4500,Cash,Walk-in,734-744-5761,
OFF-20220818-8UNM-784,2022-08-18,John Smith,EMP-003,Intel Core i7 13700K,3,Components,CPU,2,35000,0,28000,UPI,Walk-in,,
OFF-20221103-KGXY-785,2022-11-03,Anton,EMP-001,ASUS ROG Monitor 27,5,Displays,Monitors,1,25000,0,18000,Debit Card,Kerri Davis,001-756-976-8202,
OFF-20241003-HKYC-786,2024-10-03,John Smith,EMP-003,ASUS ROG Monitor 27,3,Displays,Monitors,2,25000,1500,18000,Credit Card,Walk-in,,
OFF-20230828-0J5W-787,2023-08-28,John Smith,EMP-003,Corsair 32GB RAM,15,Components,RAM,2,9000,1500,6000,Debit Card,Darlene Lopez,,
OFF-20250917-QG3D-788,2025-09-17,John Smith,EMP-003,Gaming PC Build,18,Desktops,Gaming PC,1,85000,1000,65000,Debit Card,Walk-in,,Product sure rest ready.
OFF-20210522-8G4C-789,2021-05-22,Jane Doe,EMP-002,NZXT H510 Case,8,Components,Cases,1,7000,500,4500,Debit Card,Stephanie Payne,766-610-6776x822,
OFF-20210614-P21W-790,2021-06-14,John Smith,EMP-003,RTX 4070 Ti,9,Components,GPU,3,75000,0,60000,Debit Card,Dawn Martinez,,
OFF-20211101-96XX-791,2021-11-01,John Smith,EMP-003,Logitech MX Master 3,16,Accessories,Mice,1,8500,0,5000,Credit Card,Gregory Davis,,
OFF-20221003-PUFN-792,2022-10-03,John Smith,EMP-003,Corsair 32GB RAM,3,Components,RAM,2,9000,1500,6000,Cash,Mary Davis,663.601.9282x7924,
OFF-20260222-EFAI-793,2026-02-22,John Smith,EMP-003,Corsair 32GB RAM,7,Components,RAM,1,9000,0,6000,Debit Card,Rebecca Nichols,,Spring prove they against career power.
OFF-20240527-V7HC-794,2024-05-27,Jane Doe,EMP-002,NZXT H510 Case,3,Components,Cases,2,7000,1500,4500,UPI,Walk-in,,
OFF-20240911-YDMJ-795,2024-09-11,Jane Doe,EMP-002,Razer BlackWidow,6,Accessories,Keyboards,3,12000,0,8000,Debit Card,Walk-in,,
OFF-20231216-0XFL-796,2023-12-16,Jane Doe,EMP-002,RTX 4070 Ti,16,Components,GPU,2,75000,0,60000,Cash,Robert Martinez,001-744-797-5976,
OFF-20230303-XOZD-797,2023-03-03,Anton,EMP-001,ASUS ROG Monitor 27,9,Displays,Monitors,3,25000,0,18000,Credit Card,Ellen Saunders,001-546-726-8156x2298,
OFF-20211227-ZI5A-798,2021-12-27,Jane Doe,EMP-002,Logitech WebCam C920,15,Accessories,Webcams,3,6000,500,3500,Cash,Mrs. Jodi Harris MD,,Teacher walk new season how safe.
OFF-20260129-80RH-799,2026-01-29,Jane Doe,EMP-002,Razer BlackWidow,1,Accessories,Keyboards,3,12000,0,8000,Credit Card,Dr. Jennifer Rodriguez,,
OFF-20230805-TC7P-800,2023-08-05,Jane Doe,EMP-002,Logitech WebCam C920,16,Accessories,Webcams,3,6000,0,3500,Debit Card,Nicholas Mcclain,7726611158,
OFF-20230406-A46L-801,2023-04-06,John Smith,EMP-003,ASUS ROG Monitor 27,16,Displays,Monitors,3,25000,500,18000,UPI,Tonya Simon,462-615-5717x9799,
OFF-20251013-Y3DF-802,2025-10-13,Anton,EMP-001,Razer BlackWidow,4,Accessories,Keyboards,1,12000,1500,8000,UPI,Michelle Lewis,,
OFF-20220112-HV8C-803,2022-01-12,Jane Doe,EMP-002,Samsung 980 PRO 1TB,11,Components,Storage,3,8000,0,5500,Cash,Ruth Vega,,
OFF-20220104-Z5OH-804,2022-01-04,Anton,EMP-001,RTX 4070 Ti,17,Components,GPU,1,75000,0,60000,Debit Card,Christopher Lewis,(689)331-6535,
OFF-20240823-XQHH-805,2024-08-23,Jane Doe,EMP-002,Gaming PC Build,1,Desktops,Gaming PC,3,85000,0,65000,Debit Card,Diamond Rodriguez,,Girl least whom religious long discuss technology.
OFF-20241007-AC97-806,2024-10-07,John Smith,EMP-003,Gaming PC Build,20,Desktops,Gaming PC,2,85000,0,65000,Credit Card,Walk-in,(809)271-3033,
OFF-20230813-XU09-807,2023-08-13,Anton,EMP-001,Gaming PC Build,4,Desktops,Gaming PC,1,85000,0,65000,UPI,Samantha King,,
OFF-20240119-4PTX-808,2024-01-19,Anton,EMP-001,Corsair 32GB RAM,5,Components,RAM,3,9000,1000,6000,Credit Card,Kevin Lewis,,
OFF-20230801-S3H0-809,2023-08-01,Anton,EMP-001,NZXT H510 Case,6,Components,Cases,1,7000,0,4500,Debit Card,Karen Walsh,,
OFF-20251126-WV77-810,2025-11-26,John Smith,EMP-003,Corsair 32GB RAM,14,Components,RAM,3,9000,0,6000,UPI,Walk-in,,Director trip nor smile everybody.
OFF-20230923-TEJJ-811,2023-09-23,John Smith,EMP-003,RTX 4070 Ti,17,Components,GPU,2,75000,0,60000,Credit Card,Jason Hernandez,,
OFF-20240827-E6DY-812,2024-08-27,John Smith,EMP-003,Intel Core i7 13700K,20,Components,CPU,3,35000,0,28000,Cash,Sheila Lewis,,
OFF-20260211-E8C5-813,2026-02-11,Jane Doe,EMP-002,Logitech MX Master 3,17,Accessories,Mice,1,8500,0,5000,Debit Card,Kristen Garcia,,Chair teach central loss.
OFF-20220625-QEPZ-814,2022-06-25,Jane Doe,EMP-002,Logitech MX Master 3,19,Accessories,Mice,3,8500,0,5000,Cash,Walk-in,549-721-6957x50092,
OFF-20221129-TQV6-815,2022-11-29,John Smith,EMP-003,Gaming PC Build,8,Desktops,Gaming PC,1,85000,500,65000,Cash,Megan Coleman,+1-248-344-3853x34248,
OFF-20260112-YVR1-816,2026-01-12,Anton,EMP-001,Gaming PC Build,11,Desktops,Gaming PC,2,85000,0,65000,Debit Card,Jonathan Petersen,8166455852,
OFF-20210703-X7VO-817,2021-07-03,Anton,EMP-001,Gaming PC Build,1,Desktops,Gaming PC,3,85000,500,65000,Cash,Walk-in,,
OFF-20230129-UT8B-818,2023-01-29,Anton,EMP-001,Intel Core i7 13700K,7,Components,CPU,1,35000,500,28000,Cash,Anita Stewart,,
OFF-20220426-1RZP-819,2022-04-26,John Smith,EMP-003,ASUS ROG Monitor 27,4,Displays,Monitors,3,25000,0,18000,UPI,Walk-in,(301)251-5055x71413,
OFF-20220630-D3T7-820,2022-06-30,John Smith,EMP-003,Intel Core i7 13700K,20,Components,CPU,3,35000,500,28000,UPI,Misty Smith,,
OFF-20230509-8PXH-821,2023-05-09,Jane Doe,EMP-002,Logitech MX Master 3,3,Accessories,Mice,1,8500,0,5000,Credit Card,Gregory Mccall,795-441-2565,
OFF-20250108-H191-822,2025-01-08,Anton,EMP-001,RTX 4070 Ti,5,Components,GPU,1,75000,0,60000,UPI,Walk-in,001-627-594-7824x019,
OFF-20240930-CQ98-823,2024-09-30,John Smith,EMP-003,Corsair 32GB RAM,11,Components,RAM,1,9000,0,6000,UPI,Kayla Roth,5065827162,
OFF-20240902-CJA4-824,2024-09-02,Jane Doe,EMP-002,Samsung 980 PRO 1TB,12,Components,Storage,3,8000,0,5500,UPI,Walk-in,967-535-1056,
OFF-20260106-TE4F-825,2026-01-06,Jane Doe,EMP-002,Razer BlackWidow,3,Accessories,Keyboards,1,12000,1000,8000,Cash,Lori Powers,,
OFF-20211105-H9GT-826,2021-11-05,Jane Doe,EMP-002,Gaming PC Build,19,Desktops,Gaming PC,1,85000,0,65000,UPI,Kelly Thornton,,
OFF-20210411-8Z9H-827,2021-04-11,Anton,EMP-001,Logitech MX Master 3,6,Accessories,Mice,1,8500,0,5000,Credit Card,Walk-in,+1-270-684-3588x52663,
OFF-20260313-HUIA-828,2026-03-13,Jane Doe,EMP-002,NZXT H510 Case,2,Components,Cases,1,7000,500,4500,UPI,Walk-in,,Author per their blue ask pretty within.
OFF-20230406-SFAX-829,2023-04-06,Jane Doe,EMP-002,Razer BlackWidow,16,Accessories,Keyboards,2,12000,500,8000,Debit Card,Walk-in,,
OFF-20240602-C85D-830,2024-06-02,Anton,EMP-001,Razer BlackWidow,7,Accessories,Keyboards,2,12000,0,8000,Cash,Kelly Wise,,
OFF-20210905-802I-831,2021-09-05,Jane Doe,EMP-002,Gaming PC Build,19,Desktops,Gaming PC,3,85000,0,65000,Debit Card,John Patel,,
OFF-20250216-2TT7-832,2025-02-16,Jane Doe,EMP-002,Gaming PC Build,5,Desktops,Gaming PC,2,85000,500,65000,UPI,Mark Mahoney,630.984.2615x04791,
OFF-20231109-QKDD-833,2023-11-09,John Smith,EMP-003,Logitech MX Master 3,4,Accessories,Mice,2,8500,0,5000,UPI,Laura Ashley,,
OFF-20240706-E37T-834,2024-07-06,John Smith,EMP-003,ASUS ROG Monitor 27,3,Displays,Monitors,1,25000,500,18000,UPI,Shannon Hawkins,+1-908-955-9321x024,
OFF-20220715-NPTG-835,2022-07-15,Jane Doe,EMP-002,RTX 4070 Ti,20,Components,GPU,2,75000,1500,60000,UPI,Joseph Griffin,6954516443,
OFF-20221212-5KOX-836,2022-12-12,John Smith,EMP-003,Samsung 980 PRO 1TB,10,Components,Storage,2,8000,0,5500,UPI,Kenneth Arroyo,323.438.0981x56203,
OFF-20230630-L2KJ-837,2023-06-30,Jane Doe,EMP-002,NZXT H510 Case,10,Components,Cases,2,7000,1500,4500,UPI,Gabriel Smith,,
OFF-20250904-F8R2-838,2025-09-04,John Smith,EMP-003,RTX 4070 Ti,10,Components,GPU,2,75000,0,60000,UPI,Monique Jackson,+1-261-513-8084,
OFF-20240830-IFRJ-839,2024-08-30,Anton,EMP-001,Logitech WebCam C920,7,Accessories,Webcams,2,6000,1000,3500,Cash,Susan Hobbs,259-388-8994,
OFF-20251125-BT26-840,2025-11-25,Anton,EMP-001,RTX 4070 Ti,15,Components,GPU,1,75000,1500,60000,UPI,Walk-in,3333440351,
OFF-20230813-CUDM-841,2023-08-13,Anton,EMP-001,Corsair 32GB RAM,4,Components,RAM,3,9000,0,6000,UPI,Walk-in,001-369-688-9730,
OFF-20241219-AAD4-842,2024-12-19,Jane Doe,EMP-002,Corsair 32GB RAM,8,Components,RAM,2,9000,500,6000,Credit Card,Todd Cole,,
OFF-20251109-3B46-843,2025-11-09,Anton,EMP-001,NZXT H510 Case,2,Components,Cases,3,7000,500,4500,Cash,Michael Tate,,Machine we always window.
OFF-20210819-MCRL-844,2021-08-19,Jane Doe,EMP-002,Samsung 980 PRO 1TB,4,Components,Storage,2,8000,500,5500,Debit Card,Walk-in,,
OFF-20240128-4UID-845,2024-01-28,Jane Doe,EMP-002,NZXT H510 Case,11,Components,Cases,2,7000,1500,4500,UPI,Walk-in,,
OFF-20230823-AIWB-846,2023-08-23,Anton,EMP-001,Corsair 32GB RAM,8,Components,RAM,2,9000,0,6000,Debit Card,Mr. Jeremy Cox,,
OFF-20210817-BOPN-847,2021-08-17,John Smith,EMP-003,Gaming PC Build,20,Desktops,Gaming PC,2,85000,1000,65000,Credit Card,Jeffery Mills,897-457-9036,
OFF-20260307-N094-848,2026-03-07,John Smith,EMP-003,Samsung 980 PRO 1TB,4,Components,Storage,1,8000,1500,5500,Debit Card,Brad Todd,6489936396,
OFF-20260323-ZCD3-849,2026-03-23,John Smith,EMP-003,Logitech WebCam C920,15,Accessories,Webcams,3,6000,0,3500,UPI,Shawn Harris,,
OFF-20251220-88SE-850,2025-12-20,Jane Doe,EMP-002,Razer BlackWidow,8,Accessories,Keyboards,3,12000,1000,8000,Credit Card,Derrick Werner,,Wrong address environmental loss best nice year.
OFF-20210823-T6ZY-851,2021-08-23,Anton,EMP-001,Logitech MX Master 3,14,Accessories,Mice,1,8500,0,5000,Debit Card,Walk-in,,
OFF-20240523-7MCW-852,2024-05-23,Anton,EMP-001,RTX 4070 Ti,19,Components,GPU,3,75000,1000,60000,Debit Card,Philip Wilkins,,
OFF-20220727-RUCG-853,2022-07-27,John Smith,EMP-003,Corsair 32GB RAM,1,Components,RAM,2,9000,1500,6000,Cash,Mrs. Rachel Wright DDS,,
OFF-20241207-ZHZS-854,2024-12-07,Jane Doe,EMP-002,Logitech WebCam C920,20,Accessories,Webcams,1,6000,0,3500,Debit Card,Jason Howard,,Write both set eye various skill the minute.
OFF-20211208-CL8T-855,2021-12-08,Jane Doe,EMP-002,Logitech WebCam C920,18,Accessories,Webcams,3,6000,500,3500,Credit Card,Kenneth Salazar,418.739.2056x3415,
OFF-20250402-105I-856,2025-04-02,Jane Doe,EMP-002,Razer BlackWidow,11,Accessories,Keyboards,2,12000,1000,8000,Debit Card,Walk-in,,Argue itself fall help end past we.
OFF-20241209-4QHT-857,2024-12-09,Anton,EMP-001,NZXT H510 Case,20,Components,Cases,2,7000,1000,4500,Credit Card,Steven Lawrence,(671)826-7559x17936,Dinner support whether kitchen.
OFF-20250827-XWG6-858,2025-08-27,John Smith,EMP-003,Samsung 980 PRO 1TB,13,Components,Storage,1,8000,1000,5500,Credit Card,Matthew Fisher,,Audience open within standard.
OFF-20210415-E2IH-859,2021-04-15,Anton,EMP-001,ASUS ROG Monitor 27,16,Displays,Monitors,3,25000,1000,18000,Debit Card,Walk-in,,
OFF-20251226-PG0W-860,2025-12-26,Anton,EMP-001,Logitech MX Master 3,6,Accessories,Mice,2,8500,0,5000,Debit Card,Walk-in,583-496-0644x191,
OFF-20240618-99GP-861,2024-06-18,Anton,EMP-001,Samsung 980 PRO 1TB,5,Components,Storage,3,8000,0,5500,Credit Card,Lauren Hernandez,,
OFF-20240224-J9MG-862,2024-02-24,Jane Doe,EMP-002,ASUS ROG Monitor 27,18,Displays,Monitors,1,25000,1000,18000,UPI,Alexis Mitchell,,Talk feel thousand southern boy reduce we.
OFF-20220213-MZP8-863,2022-02-13,John Smith,EMP-003,ASUS ROG Monitor 27,8,Displays,Monitors,1,25000,0,18000,UPI,Raymond Scott,001-312-471-7402,
OFF-20230806-GLVC-864,2023-08-06,Jane Doe,EMP-002,ASUS ROG Monitor 27,8,Displays,Monitors,1,25000,500,18000,Debit Card,Jennifer Liu,,
OFF-20230516-FAMK-865,2023-05-16,John Smith,EMP-003,Samsung 980 PRO 1TB,19,Components,Storage,3,8000,0,5500,UPI,Valerie Wood,,
OFF-20240119-ZIKK-866,2024-01-19,Jane Doe,EMP-002,Gaming PC Build,17,Desktops,Gaming PC,2,85000,500,65000,Cash,Ryan Green,5338957911,
OFF-20220724-S7KO-867,2022-07-24,John Smith,EMP-003,Razer BlackWidow,20,Accessories,Keyboards,2,12000,0,8000,Cash,Bradley Moore,,
OFF-20211208-B17V-868,2021-12-08,John Smith,EMP-003,ASUS ROG Monitor 27,9,Displays,Monitors,3,25000,1500,18000,UPI,Sophia Mcdonald,378.757.5505,Training reality entire college nature case.
OFF-20210914-CSD5-869,2021-09-14,Anton,EMP-001,Gaming PC Build,9,Desktops,Gaming PC,2,85000,1000,65000,Debit Card,Rachel Taylor,,
OFF-20230706-IRA1-870,2023-07-06,Jane Doe,EMP-002,Gaming PC Build,4,Desktops,Gaming PC,2,85000,0,65000,Cash,Jeremy Mathis,001-262-593-2707x497,
OFF-20221128-VU77-871,2022-11-28,Jane Doe,EMP-002,Logitech WebCam C920,19,Accessories,Webcams,2,6000,500,3500,UPI,Amber Griffin,001-413-707-5274x9051,
OFF-20230715-F4VR-872,2023-07-15,Anton,EMP-001,ASUS ROG Monitor 27,20,Displays,Monitors,1,25000,500,18000,Cash,Walk-in,,
OFF-20240603-XBTY-873,2024-06-03,John Smith,EMP-003,Corsair 32GB RAM,12,Components,RAM,3,9000,0,6000,Cash,Walk-in,,
OFF-20220808-R8M6-874,2022-08-08,Jane Doe,EMP-002,Razer BlackWidow,4,Accessories,Keyboards,1,12000,0,8000,Credit Card,Victoria Hopkins,(243)529-6313,Test dream community vote example each.
OFF-20250102-N0UF-875,2025-01-02,Anton,EMP-001,Logitech MX Master 3,16,Accessories,Mice,1,8500,0,5000,UPI,Karen Valentine,(862)425-0965x2193,Perhaps exist could lead.
OFF-20230902-WLWI-876,2023-09-02,Jane Doe,EMP-002,Gaming PC Build,13,Desktops,Gaming PC,1,85000,1000,65000,UPI,Sandra Mack,750-997-4001x0355,
OFF-20230424-IVF7-877,2023-04-24,John Smith,EMP-003,ASUS ROG Monitor 27,6,Displays,Monitors,1,25000,1000,18000,Cash,Katherine Newman,,Carry station across book possible garden.
OFF-20250723-F3EZ-878,2025-07-23,John Smith,EMP-003,Razer BlackWidow,9,Accessories,Keyboards,2,12000,500,8000,Credit Card,Abigail Miller,(700)504-9520,
OFF-20241024-DX47-879,2024-10-24,John Smith,EMP-003,NZXT H510 Case,9,Components,Cases,1,7000,0,4500,Credit Card,Charles Williamson,,
OFF-20230703-TZYA-880,2023-07-03,Anton,EMP-001,Gaming PC Build,18,Desktops,Gaming PC,1,85000,1500,65000,Cash,Ashley Rios,,
OFF-20220809-BKZX-881,2022-08-09,Jane Doe,EMP-002,RTX 4070 Ti,7,Components,GPU,2,75000,1000,60000,Cash,Hannah Johnson,,
OFF-20230515-56QR-882,2023-05-15,Anton,EMP-001,Intel Core i7 13700K,13,Components,CPU,1,35000,0,28000,Credit Card,Tina Johnson,,
OFF-20230226-S6D4-883,2023-02-26,John Smith,EMP-003,Gaming PC Build,14,Desktops,Gaming PC,2,85000,0,65000,Credit Card,Walk-in,,
OFF-20250827-RZAW-884,2025-08-27,Anton,EMP-001,Intel Core i7 13700K,5,Components,CPU,1,35000,0,28000,Cash,Sherri Jones,,
OFF-20240316-XN3F-885,2024-03-16,John Smith,EMP-003,RTX 4070 Ti,16,Components,GPU,1,75000,0,60000,Cash,Colleen Davidson,4674366426,
OFF-20250329-SRMR-886,2025-03-29,Anton,EMP-001,NZXT H510 Case,14,Components,Cases,3,7000,1500,4500,UPI,Sophia Miller,001-268-890-8839,
OFF-20240111-OZAU-887,2024-01-11,Anton,EMP-001,Corsair 32GB RAM,3,Components,RAM,1,9000,0,6000,UPI,Troy Peters,+1-688-557-0444x41408,
OFF-20240615-870I-888,2024-06-15,John Smith,EMP-003,Gaming PC Build,15,Desktops,Gaming PC,1,85000,1000,65000,Credit Card,Walk-in,221-514-1271x167,
OFF-20220720-2AY9-889,2022-07-20,Jane Doe,EMP-002,Intel Core i7 13700K,12,Components,CPU,1,35000,0,28000,UPI,Mariah Williams,(890)696-7337,
OFF-20231222-UGKY-890,2023-12-22,Jane Doe,EMP-002,Logitech WebCam C920,5,Accessories,Webcams,3,6000,1000,3500,Cash,Brittany Parks,9513102382,
OFF-20240127-WSCV-891,2024-01-27,Jane Doe,EMP-002,Logitech WebCam C920,11,Accessories,Webcams,3,6000,0,3500,Debit Card,Kevin Mann,,
OFF-20260319-VNH1-892,2026-03-19,Jane Doe,EMP-002,Samsung 980 PRO 1TB,20,Components,Storage,1,8000,500,5500,Debit Card,Walk-in,001-381-487-8721x94639,
OFF-20220701-37Y0-893,2022-07-01,Jane Doe,EMP-002,Logitech WebCam C920,17,Accessories,Webcams,1,6000,1500,3500,Credit Card,Heidi Swanson,991-504-4668x4495,
OFF-20230117-HGBG-894,2023-01-17,Jane Doe,EMP-002,Razer BlackWidow,1,Accessories,Keyboards,2,12000,0,8000,UPI,Walk-in,805-485-2811,
OFF-20230808-GOUP-895,2023-08-08,John Smith,EMP-003,Intel Core i7 13700K,10,Components,CPU,1,35000,1500,28000,Credit Card,Gregory Boyd,(918)240-3520x24050,
OFF-20220505-J0X7-896,2022-05-05,Anton,EMP-001,RTX 4070 Ti,1,Components,GPU,1,75000,500,60000,UPI,Francisco Phillips,(466)355-7660,
OFF-20250316-F82U-897,2025-03-16,John Smith,EMP-003,Logitech WebCam C920,10,Accessories,Webcams,1,6000,500,3500,Credit Card,Brent Peters,5969339002,
OFF-20221020-YCWU-898,2022-10-20,Anton,EMP-001,RTX 4070 Ti,9,Components,GPU,1,75000,500,60000,UPI,Walk-in,(242)723-1306x092,
OFF-20240919-CLJ9-899,2024-09-19,Jane Doe,EMP-002,ASUS ROG Monitor 27,10,Displays,Monitors,2,25000,0,18000,Credit Card,Kevin Martinez,276.970.4867x33123,
OFF-20220412-6ZT4-900,2022-04-12,Anton,EMP-001,NZXT H510 Case,1,Components,Cases,3,7000,500,4500,UPI,Gregory Craig,+1-350-828-3388x498,
OFF-20240316-XSQ7-901,2024-03-16,John Smith,EMP-003,Samsung 980 PRO 1TB,8,Components,Storage,2,8000,0,5500,Cash,Walk-in,+1-338-414-4798x91594,
OFF-20220518-UPOL-902,2022-05-18,John Smith,EMP-003,Corsair 32GB RAM,12,Components,RAM,2,9000,0,6000,Cash,Virginia Compton,910-364-3769x86009,Already all house.
OFF-20241011-RBIN-903,2024-10-11,John Smith,EMP-003,Gaming PC Build,4,Desktops,Gaming PC,3,85000,1500,65000,Debit Card,Dean Harvey,770-993-0003,Mean save agree hair bring.
OFF-20211222-S704-904,2021-12-22,Anton,EMP-001,Logitech WebCam C920,1,Accessories,Webcams,3,6000,1500,3500,UPI,Savannah White,517-801-3735x102,
OFF-20250107-UQK0-905,2025-01-07,Jane Doe,EMP-002,RTX 4070 Ti,2,Components,GPU,1,75000,500,60000,Credit Card,Walk-in,,Character time price ball professional two.
OFF-20250207-V0QJ-906,2025-02-07,Anton,EMP-001,RTX 4070 Ti,8,Components,GPU,3,75000,0,60000,UPI,Frank Robinson,586.375.9895,
OFF-20210704-6GNE-907,2021-07-04,John Smith,EMP-003,Intel Core i7 13700K,19,Components,CPU,3,35000,1500,28000,Cash,Shelby Stark,985.415.9337,
OFF-20220307-O2KH-908,2022-03-07,Jane Doe,EMP-002,Logitech WebCam C920,15,Accessories,Webcams,3,6000,0,3500,Credit Card,Brittany Lynn,,
OFF-20230404-LKGG-909,2023-04-04,Jane Doe,EMP-002,NZXT H510 Case,8,Components,Cases,2,7000,1000,4500,Credit Card,Stephanie Chambers,,
OFF-20210911-KC72-910,2021-09-11,Anton,EMP-001,Corsair 32GB RAM,6,Components,RAM,2,9000,0,6000,Cash,Sara Stevenson,001-348-892-3263x613,Likely white again dark seven west big interesting.
OFF-20250804-OYJN-911,2025-08-04,Jane Doe,EMP-002,Corsair 32GB RAM,17,Components,RAM,1,9000,0,6000,Credit Card,Robert Robbins,,
OFF-20240704-EPX9-912,2024-07-04,Anton,EMP-001,Logitech MX Master 3,15,Accessories,Mice,3,8500,0,5000,UPI,Manuel Herrera,,
OFF-20210614-RCKH-913,2021-06-14,Anton,EMP-001,Intel Core i7 13700K,5,Components,CPU,1,35000,0,28000,Debit Card,Noah Osborne,,
OFF-20240217-GTPP-914,2024-02-17,John Smith,EMP-003,NZXT H510 Case,4,Components,Cases,2,7000,500,4500,Debit Card,Bradley Booth,,
OFF-20250405-QEU0-915,2025-04-05,John Smith,EMP-003,Logitech MX Master 3,10,Accessories,Mice,1,8500,0,5000,Cash,Crystal Johnson,,
OFF-20230202-0FS3-916,2023-02-02,Anton,EMP-001,Samsung 980 PRO 1TB,2,Components,Storage,1,8000,0,5500,Debit Card,Walk-in,,
OFF-20250131-M83B-917,2025-01-31,John Smith,EMP-003,RTX 4070 Ti,12,Components,GPU,3,75000,0,60000,Debit Card,Rachel Lopez,,
OFF-20220905-T6NU-918,2022-09-05,John Smith,EMP-003,ASUS ROG Monitor 27,15,Displays,Monitors,1,25000,0,18000,Debit Card,Aimee Willis,001-408-440-5344x232,Answer place medical discussion staff.
OFF-20231102-2KPA-919,2023-11-02,Jane Doe,EMP-002,ASUS ROG Monitor 27,6,Displays,Monitors,3,25000,0,18000,UPI,Walk-in,327.980.9026x5867,
OFF-20241219-VFM6-920,2024-12-19,Anton,EMP-001,NZXT H510 Case,6,Components,Cases,3,7000,500,4500,Credit Card,William Thompson,978.691.3954x965,
OFF-20260307-LK8U-921,2026-03-07,Anton,EMP-001,Samsung 980 PRO 1TB,20,Components,Storage,1,8000,1000,5500,Debit Card,Kayla Dunn,001-279-232-9554,
OFF-20230930-70OA-922,2023-09-30,Anton,EMP-001,Logitech WebCam C920,18,Accessories,Webcams,2,6000,0,3500,Cash,Carrie Obrien,,
OFF-20260112-50LV-923,2026-01-12,Jane Doe,EMP-002,NZXT H510 Case,12,Components,Cases,2,7000,1000,4500,UPI,Kathy Castillo,,
OFF-20231107-WQZA-924,2023-11-07,John Smith,EMP-003,RTX 4070 Ti,10,Components,GPU,2,75000,1500,60000,UPI,Walk-in,,
OFF-20220904-REEJ-925,2022-09-04,Anton,EMP-001,Intel Core i7 13700K,12,Components,CPU,2,35000,0,28000,UPI,Monica Bennett,,Executive box one.
OFF-20220831-JW7Q-926,2022-08-31,Jane Doe,EMP-002,Logitech WebCam C920,3,Accessories,Webcams,3,6000,0,3500,UPI,Molly Morgan,(774)732-8034x783,
OFF-20230514-N1CH-927,2023-05-14,John Smith,EMP-003,Corsair 32GB RAM,18,Components,RAM,3,9000,0,6000,Debit Card,Kenneth Ford,(930)829-6625x4266,
OFF-20221229-V88E-928,2022-12-29,Jane Doe,EMP-002,NZXT H510 Case,17,Components,Cases,2,7000,1500,4500,Credit Card,Kayla Baxter,7845306278,
OFF-20230131-IO0G-929,2023-01-31,Anton,EMP-001,Intel Core i7 13700K,7,Components,CPU,3,35000,500,28000,Cash,Raymond Ruiz,,Require well able close join.
OFF-20250614-W8IB-930,2025-06-14,Jane Doe,EMP-002,ASUS ROG Monitor 27,7,Displays,Monitors,2,25000,1500,18000,Cash,Walk-in,739-795-4402x6964,
OFF-20221002-WJD0-931,2022-10-02,John Smith,EMP-003,Intel Core i7 13700K,18,Components,CPU,2,35000,1500,28000,Credit Card,Walk-in,514-638-9888x497,
OFF-20220811-ID73-932,2022-08-11,Anton,EMP-001,RTX 4070 Ti,4,Components,GPU,2,75000,0,60000,Credit Card,Walk-in,(788)807-0918x91575,
OFF-20220916-MIW0-933,2022-09-16,John Smith,EMP-003,Razer BlackWidow,13,Accessories,Keyboards,1,12000,1500,8000,UPI,Jeffrey Reed,943-570-3112x462,
OFF-20230524-FRKZ-934,2023-05-24,Jane Doe,EMP-002,ASUS ROG Monitor 27,18,Displays,Monitors,2,25000,0,18000,UPI,Michelle Bass,983.612.7932,
OFF-20230114-EVFS-935,2023-01-14,John Smith,EMP-003,Intel Core i7 13700K,7,Components,CPU,3,35000,500,28000,Credit Card,Walk-in,+1-403-940-0537x57727,
OFF-20230707-6TDG-936,2023-07-07,John Smith,EMP-003,Razer BlackWidow,7,Accessories,Keyboards,1,12000,0,8000,Debit Card,David Palmer,(987)703-6703,Part science trouble tree rich across pull.
OFF-20240418-SIZP-937,2024-04-18,John Smith,EMP-003,Gaming PC Build,17,Desktops,Gaming PC,2,85000,1000,65000,Credit Card,Priscilla Sellers,001-300-787-1008x3498,
OFF-20210529-9CFZ-938,2021-05-29,Anton,EMP-001,Intel Core i7 13700K,8,Components,CPU,1,35000,500,28000,Debit Card,Curtis Smith,,
OFF-20250102-0IL6-939,2025-01-02,Anton,EMP-001,Corsair 32GB RAM,13,Components,RAM,3,9000,0,6000,Credit Card,Walk-in,601.375.4493x990,
OFF-20260217-GJGM-940,2026-02-17,Anton,EMP-001,NZXT H510 Case,7,Components,Cases,2,7000,1500,4500,UPI,Walk-in,,
OFF-20250514-I2TS-941,2025-05-14,Jane Doe,EMP-002,Corsair 32GB RAM,10,Components,RAM,3,9000,1500,6000,Credit Card,Andrew Huff,4746209629,
OFF-20231203-9UZ3-942,2023-12-03,Jane Doe,EMP-002,Intel Core i7 13700K,10,Components,CPU,1,35000,0,28000,Credit Card,Walk-in,,
OFF-20230811-P7YV-943,2023-08-11,Jane Doe,EMP-002,Logitech MX Master 3,19,Accessories,Mice,3,8500,1500,5000,UPI,Matthew Diaz,,
OFF-20231118-L8UC-944,2023-11-18,Anton,EMP-001,RTX 4070 Ti,16,Components,GPU,1,75000,0,60000,Credit Card,Walk-in,,
OFF-20210526-HUBO-945,2021-05-26,Anton,EMP-001,Logitech MX Master 3,15,Accessories,Mice,1,8500,1000,5000,Cash,Rebecca Hawkins,,
OFF-20221111-IBST-946,2022-11-11,John Smith,EMP-003,Corsair 32GB RAM,15,Components,RAM,1,9000,500,6000,Debit Card,Steven Mullins,,Pretty this already listen his now.
OFF-20230220-W0AH-947,2023-02-20,Jane Doe,EMP-002,NZXT H510 Case,9,Components,Cases,1,7000,0,4500,Debit Card,Leslie Riddle,,
OFF-20240221-6A2T-948,2024-02-21,Anton,EMP-001,NZXT H510 Case,17,Components,Cases,3,7000,0,4500,Debit Card,Lisa Smith,(817)921-9321x62075,
OFF-20251104-N8JY-949,2025-11-04,Anton,EMP-001,Intel Core i7 13700K,19,Components,CPU,2,35000,500,28000,Debit Card,Walk-in,+1-528-923-8010x79625,
OFF-20211017-38TJ-950,2021-10-17,Jane Doe,EMP-002,Samsung 980 PRO 1TB,8,Components,Storage,3,8000,1000,5500,Debit Card,Walk-in,,
OFF-20240426-18AV-951,2024-04-26,John Smith,EMP-003,Samsung 980 PRO 1TB,9,Components,Storage,3,8000,1500,5500,Cash,Curtis Dennis,,
OFF-20240314-WJGC-952,2024-03-14,Jane Doe,EMP-002,Samsung 980 PRO 1TB,17,Components,Storage,2,8000,0,5500,Debit Card,Walk-in,001-942-877-7169x21487,
OFF-20220313-3Q3T-953,2022-03-13,Jane Doe,EMP-002,Logitech MX Master 3,10,Accessories,Mice,3,8500,500,5000,Credit Card,David Christensen,(709)902-6907x52580,Deep keep thus this five.
OFF-20211031-QMM0-954,2021-10-31,John Smith,EMP-003,Razer BlackWidow,11,Accessories,Keyboards,2,12000,1000,8000,Credit Card,Lauren Hudson,,
OFF-20251023-KWEO-955,2025-10-23,Jane Doe,EMP-002,NZXT H510 Case,5,Components,Cases,1,7000,1500,4500,Cash,Jasmine Navarro,,
OFF-20210922-L30A-956,2021-09-22,Anton,EMP-001,RTX 4070 Ti,6,Components,GPU,2,75000,1500,60000,Debit Card,Hannah Fernandez,758.709.6495,
OFF-20230107-C1S6-957,2023-01-07,John Smith,EMP-003,Corsair 32GB RAM,10,Components,RAM,2,9000,0,6000,Credit Card,Tiffany Riley,,
OFF-20250525-YD73-958,2025-05-25,John Smith,EMP-003,NZXT H510 Case,7,Components,Cases,1,7000,500,4500,Credit Card,Walk-in,001-580-203-4452x5349,
OFF-20220511-S23H-959,2022-05-11,John Smith,EMP-003,Logitech MX Master 3,3,Accessories,Mice,1,8500,0,5000,Debit Card,Patrick Lozano,,Our Mr room buy body.
OFF-20240624-CX32-960,2024-06-24,John Smith,EMP-003,NZXT H510 Case,6,Components,Cases,1,7000,1000,4500,Cash,Walk-in,,
OFF-20240105-MV9H-961,2024-01-05,John Smith,EMP-003,Intel Core i7 13700K,6,Components,CPU,1,35000,500,28000,Credit Card,Walk-in,,
OFF-20210422-GERP-962,2021-04-22,John Smith,EMP-003,NZXT H510 Case,4,Components,Cases,1,7000,0,4500,UPI,Tammy Thompson,,Spring manager who age head.
OFF-20250429-MA07-963,2025-04-29,John Smith,EMP-003,Gaming PC Build,1,Desktops,Gaming PC,3,85000,0,65000,Debit Card,John Turner,754.508.5602x586,
OFF-20220708-1HK9-964,2022-07-08,Anton,EMP-001,Samsung 980 PRO 1TB,3,Components,Storage,1,8000,500,5500,UPI,Kristen Anderson,,Right trial newspaper though test all rock sense.
OFF-20250514-3BHG-965,2025-05-14,Jane Doe,EMP-002,Corsair 32GB RAM,19,Components,RAM,3,9000,1500,6000,Cash,Alexis Sanford,,
OFF-20250417-DZW9-966,2025-04-17,John Smith,EMP-003,NZXT H510 Case,15,Components,Cases,1,7000,0,4500,UPI,Walk-in,859-920-0611x7808,
OFF-20220828-1NT5-967,2022-08-28,Jane Doe,EMP-002,Logitech MX Master 3,6,Accessories,Mice,3,8500,500,5000,Cash,Morgan Garcia,,
OFF-20260302-EPZT-968,2026-03-02,Anton,EMP-001,Gaming PC Build,18,Desktops,Gaming PC,3,85000,1500,65000,Credit Card,Erin Bryant,+1-595-892-3516x7394,
OFF-20230712-AJFH-969,2023-07-12,John Smith,EMP-003,Samsung 980 PRO 1TB,4,Components,Storage,3,8000,0,5500,Cash,Donald Young,896-894-8614x800,
OFF-20240205-KWPQ-970,2024-02-05,Jane Doe,EMP-002,Logitech WebCam C920,19,Accessories,Webcams,3,6000,0,3500,Credit Card,Benjamin Rodriguez,,
OFF-20220508-WUXX-971,2022-05-08,Jane Doe,EMP-002,Intel Core i7 13700K,11,Components,CPU,1,35000,0,28000,Cash,Erik Ward,(242)744-5650x480,Gas doctor these name man.
OFF-20220615-960B-972,2022-06-15,Anton,EMP-001,Intel Core i7 13700K,14,Components,CPU,2,35000,0,28000,Cash,Walk-in,,
OFF-20240423-RITG-973,2024-04-23,John Smith,EMP-003,NZXT H510 Case,6,Components,Cases,1,7000,1000,4500,Credit Card,Stephanie Gregory,,
OFF-20241005-O8MN-974,2024-10-05,John Smith,EMP-003,RTX 4070 Ti,17,Components,GPU,2,75000,500,60000,Credit Card,Gregory Mueller,,
OFF-20250925-CW9P-975,2025-09-25,John Smith,EMP-003,Razer BlackWidow,7,Accessories,Keyboards,2,12000,1000,8000,Credit Card,Rebecca Brown,8166917699,Blue drop statement but common ahead.
OFF-20260301-7I1B-976,2026-03-01,Jane Doe,EMP-002,Corsair 32GB RAM,9,Components,RAM,1,9000,1000,6000,UPI,Natalie Collins,+1-812-487-3316x2598,
OFF-20220324-NCNW-977,2022-03-24,John Smith,EMP-003,Intel Core i7 13700K,10,Components,CPU,2,35000,1000,28000,Credit Card,Caleb Williams,,
OFF-20230522-F5NN-978,2023-05-22,Anton,EMP-001,Logitech WebCam C920,11,Accessories,Webcams,1,6000,0,3500,Cash,Walk-in,(242)218-7390x6589,
OFF-20220703-1NT6-979,2022-07-03,Anton,EMP-001,Logitech MX Master 3,6,Accessories,Mice,3,8500,1000,5000,Cash,Christine Blevins,,
OFF-20230208-WB2E-980,2023-02-08,John Smith,EMP-003,Corsair 32GB RAM,14,Components,RAM,3,9000,0,6000,Debit Card,Lauren Nguyen,,
OFF-20251014-5GOA-981,2025-10-14,John Smith,EMP-003,Gaming PC Build,17,Desktops,Gaming PC,3,85000,0,65000,UPI,Erik Cunningham,3185626091,
OFF-20230605-CT8L-982,2023-06-05,Anton,EMP-001,ASUS ROG Monitor 27,14,Displays,Monitors,3,25000,1500,18000,Debit Card,Lisa Long,,
OFF-20230817-MO24-983,2023-08-17,John Smith,EMP-003,Samsung 980 PRO 1TB,6,Components,Storage,3,8000,1000,5500,Credit Card,John Hayes,,
OFF-20250323-9RVN-984,2025-03-23,John Smith,EMP-003,Logitech WebCam C920,20,Accessories,Webcams,2,6000,1000,3500,Debit Card,Kathleen Flores,,
OFF-20241122-QHAT-985,2024-11-22,John Smith,EMP-003,Logitech MX Master 3,2,Accessories,Mice,1,8500,0,5000,Credit Card,Jennifer Edwards,,
OFF-20250120-31VG-986,2025-01-20,Anton,EMP-001,Intel Core i7 13700K,5,Components,CPU,3,35000,0,28000,UPI,Jennifer Harrell,+1-681-957-9610x5391,
OFF-20260113-7YXZ-987,2026-01-13,Jane Doe,EMP-002,Samsung 980 PRO 1TB,20,Components,Storage,1,8000,0,5500,Debit Card,Walk-in,792-818-2517x62714,
OFF-20250809-37DE-988,2025-08-09,Jane Doe,EMP-002,RTX 4070 Ti,17,Components,GPU,1,75000,0,60000,Cash,Walk-in,001-810-357-1522x882,
OFF-20251222-X1N1-989,2025-12-22,Jane Doe,EMP-002,Logitech WebCam C920,12,Accessories,Webcams,2,6000,1500,3500,Debit Card,Stephanie Young,668.422.4284x19679,
OFF-20210917-6I21-990,2021-09-17,Jane Doe,EMP-002,Gaming PC Build,11,Desktops,Gaming PC,3,85000,0,65000,Cash,Anthony Osborne,001-943-338-4563x76511,
OFF-20220928-Z1BX-991,2022-09-28,John Smith,EMP-003,RTX 4070 Ti,4,Components,GPU,2,75000,1500,60000,Debit Card,Paul Warner,962.508.7468x97110,
OFF-20230922-D5LP-992,2023-09-22,Jane Doe,EMP-002,Logitech MX Master 3,2,Accessories,Mice,3,8500,0,5000,UPI,Walk-in,+1-342-657-7062x11607,
OFF-20211031-4CRJ-993,2021-10-31,John Smith,EMP-003,Intel Core i7 13700K,9,Components,CPU,2,35000,1500,28000,Debit Card,Walk-in,+1-340-396-3486x23041,
OFF-20250723-KA7D-994,2025-07-23,John Smith,EMP-003,Razer BlackWidow,1,Accessories,Keyboards,3,12000,0,8000,Credit Card,Samantha Williams,,
OFF-20221130-M8Z2-995,2022-11-30,Jane Doe,EMP-002,RTX 4070 Ti,4,Components,GPU,2,75000,0,60000,Debit Card,Bridget Santos,712-875-7343x5896,Series debate when activity prevent bring adult good.
OFF-20230406-D0AJ-996,2023-04-06,Jane Doe,EMP-002,Razer BlackWidow,13,Accessories,Keyboards,3,12000,1000,8000,Cash,Aaron Barnes,,Respond indicate mother old live learn.
OFF-20220826-GELW-997,2022-08-26,Jane Doe,EMP-002,RTX 4070 Ti,14,Components,GPU,2,75000,500,60000,Credit Card,Shane Decker,529-874-1389,
OFF-20260318-WQ88-998,2026-03-18,Jane Doe,EMP-002,Logitech WebCam C920,2,Accessories,Webcams,2,6000,0,3500,Cash,Hailey Stafford,,Special production sport anyone road light.
OFF-20250924-T2KP-999,2025-09-24,Anton,EMP-001,RTX 4070 Ti,2,Components,GPU,3,75000,1000,60000,Credit Card,Walk-in,(867)889-0970,According teacher ago both phone.
OFF-20210830-IP7U-1000,2021-08-30,John Smith,EMP-003,ASUS ROG Monitor 27,18,Displays,Monitors,2,25000,0,18000,Credit Card,Gregory Hamilton,,News add doctor question natural.
OFF-20231016-K176-1001,2023-10-16,John Smith,EMP-003,Razer BlackWidow,1,Accessories,Keyboards,2,12000,0,8000,Debit Card,Patricia Bell,,
OFF-20220524-59KY-1002,2022-05-24,Jane Doe,EMP-002,ASUS ROG Monitor 27,6,Displays,Monitors,3,25000,500,18000,UPI,Susan Craig,9178545494,
OFF-20210513-FCC1-1003,2021-05-13,Jane Doe,EMP-002,Corsair 32GB RAM,10,Components,RAM,3,9000,1000,6000,Cash,James Watson,,
OFF-20240104-1HQL-1004,2024-01-04,John Smith,EMP-003,ASUS ROG Monitor 27,7,Displays,Monitors,2,25000,0,18000,Credit Card,Steven Turner,,
OFF-20241106-B6IO-1005,2024-11-06,Anton,EMP-001,ASUS ROG Monitor 27,20,Displays,Monitors,1,25000,0,18000,Debit Card,Jeffrey Hays,,Box share until grow again government character section.
OFF-20210921-XPWS-1006,2021-09-21,John Smith,EMP-003,Logitech MX Master 3,13,Accessories,Mice,2,8500,500,5000,Debit Card,Eric Ruiz,,Remember minute worry act address.
OFF-20220414-KL7A-1007,2022-04-14,Jane Doe,EMP-002,Corsair 32GB RAM,1,Components,RAM,2,9000,0,6000,Debit Card,Phyllis Miller,+1-467-765-2729,Themselves decide try drug.
OFF-20231101-07WJ-1008,2023-11-01,John Smith,EMP-003,Corsair 32GB RAM,14,Components,RAM,2,9000,1000,6000,UPI,Walk-in,001-311-271-2086x4957,
OFF-20230721-80ZH-1009,2023-07-21,Anton,EMP-001,NZXT H510 Case,17,Components,Cases,1,7000,0,4500,UPI,Robert Miller,,
OFF-20251102-7727-1010,2025-11-02,Anton,EMP-001,Corsair 32GB RAM,10,Components,RAM,2,9000,500,6000,UPI,Rebecca Smith,(280)925-5148,Prove dream then Democrat phone present message.
OFF-20230626-91QM-1011,2023-06-26,Anton,EMP-001,Logitech MX Master 3,15,Accessories,Mice,1,8500,1500,5000,Credit Card,Shannon Chan,(541)714-3139x65962,
OFF-20220101-ISR5-1012,2022-01-01,Jane Doe,EMP-002,NZXT H510 Case,8,Components,Cases,2,7000,0,4500,Cash,Benjamin Harris,,
OFF-20241223-MOWR-1013,2024-12-23,Jane Doe,EMP-002,Intel Core i7 13700K,5,Components,CPU,3,35000,0,28000,Debit Card,Daniel Adams,(953)428-9610,
OFF-20250305-NSVL-1014,2025-03-05,John Smith,EMP-003,NZXT H510 Case,17,Components,Cases,3,7000,500,4500,Credit Card,Yolanda Gonzalez,,
OFF-20250719-AH3U-1015,2025-07-19,Jane Doe,EMP-002,Corsair 32GB RAM,8,Components,RAM,2,9000,1500,6000,Cash,Eric Wise,,Career view spend dark.
OFF-20240619-OW5I-1016,2024-06-19,Anton,EMP-001,Gaming PC Build,1,Desktops,Gaming PC,3,85000,0,65000,Cash,Stephanie Marshall,,
OFF-20230609-IP31-1017,2023-06-09,Jane Doe,EMP-002,Logitech MX Master 3,19,Accessories,Mice,2,8500,500,5000,Credit Card,Christina Smith,,
OFF-20260221-89OJ-1018,2026-02-21,Jane Doe,EMP-002,ASUS ROG Monitor 27,11,Displays,Monitors,3,25000,0,18000,Cash,Tanya Collins,,Old second green cover child son space example.
OFF-20260221-VIYX-1019,2026-02-21,Anton,EMP-001,Gaming PC Build,10,Desktops,Gaming PC,2,85000,1000,65000,Credit Card,Julie Valdez,,
OFF-20221017-BX1A-1020,2022-10-17,Anton,EMP-001,Razer BlackWidow,9,Accessories,Keyboards,2,12000,0,8000,UPI,Debra Moses,833-605-7053x22259,Wait market trial.
OFF-20230606-F0PG-1021,2023-06-06,Jane Doe,EMP-002,Intel Core i7 13700K,10,Components,CPU,1,35000,0,28000,Debit Card,Walk-in,,
OFF-20250228-8TTR-1022,2025-02-28,Jane Doe,EMP-002,Logitech WebCam C920,4,Accessories,Webcams,3,6000,500,3500,Debit Card,Ms. Sarah Brown MD,+1-762-499-9460,
OFF-20230123-WRM4-1023,2023-01-23,Jane Doe,EMP-002,Logitech MX Master 3,4,Accessories,Mice,3,8500,0,5000,Credit Card,Terry Russell,296-615-3342,
OFF-20240506-40VF-1024,2024-05-06,John Smith,EMP-003,Gaming PC Build,13,Desktops,Gaming PC,1,85000,0,65000,UPI,Lisa Frye,,
OFF-20250622-NH5J-1025,2025-06-22,John Smith,EMP-003,Gaming PC Build,11,Desktops,Gaming PC,3,85000,500,65000,Debit Card,Heather Rice,+1-919-386-9256,
OFF-20221029-332A-1026,2022-10-29,Jane Doe,EMP-002,RTX 4070 Ti,20,Components,GPU,3,75000,0,60000,UPI,Walk-in,679-918-0692x1260,
OFF-20260330-ETNQ-1027,2026-03-30,Jane Doe,EMP-002,NZXT H510 Case,3,Components,Cases,3,7000,500,4500,Credit Card,Steven Sawyer,,
OFF-20250307-HBDC-1028,2025-03-07,Anton,EMP-001,Gaming PC Build,14,Desktops,Gaming PC,2,85000,1000,65000,Cash,Madeline Cameron,,Every well current interview must.
OFF-20251122-YL00-1029,2025-11-22,John Smith,EMP-003,Logitech WebCam C920,10,Accessories,Webcams,1,6000,0,3500,Credit Card,Wendy Jones,,
OFF-20250225-3TKY-1030,2025-02-25,Jane Doe,EMP-002,Samsung 980 PRO 1TB,5,Components,Storage,2,8000,500,5500,Debit Card,Walk-in,,
OFF-20251209-6VEU-1031,2025-12-09,Anton,EMP-001,Samsung 980 PRO 1TB,9,Components,Storage,1,8000,1000,5500,Debit Card,Walk-in,+1-752-408-7766,Surface simply per yes debate lot.
OFF-20220904-H33D-1032,2022-09-04,Jane Doe,EMP-002,Logitech WebCam C920,15,Accessories,Webcams,1,6000,1000,3500,UPI,Walk-in,876.923.1078x447,
OFF-20210717-0AID-1033,2021-07-17,Anton,EMP-001,RTX 4070 Ti,2,Components,GPU,2,75000,0,60000,UPI,Walk-in,907-916-0295,Result rich well peace huge something.
OFF-20260327-HMEI-1034,2026-03-27,Jane Doe,EMP-002,Logitech WebCam C920,13,Accessories,Webcams,2,6000,1500,3500,Cash,Derek Wong,,
OFF-20240713-UBIP-1035,2024-07-13,Anton,EMP-001,Corsair 32GB RAM,1,Components,RAM,2,9000,0,6000,Credit Card,Walk-in,(552)223-0425x909,Couple like side night.
OFF-20210513-BCN2-1036,2021-05-13,Jane Doe,EMP-002,Intel Core i7 13700K,13,Components,CPU,2,35000,0,28000,UPI,Walk-in,,
OFF-20220804-CNPP-1037,2022-08-04,John Smith,EMP-003,Logitech MX Master 3,17,Accessories,Mice,2,8500,0,5000,Cash,Heather Mills,,Training many whole quickly.
OFF-20250317-ZW3Z-1038,2025-03-17,Anton,EMP-001,Logitech WebCam C920,3,Accessories,Webcams,1,6000,0,3500,Debit Card,Walk-in,,
OFF-20220905-FS94-1039,2022-09-05,Anton,EMP-001,Logitech MX Master 3,4,Accessories,Mice,3,8500,1500,5000,Cash,Walk-in,,
OFF-20230123-NLZ1-1040,2023-01-23,Jane Doe,EMP-002,Intel Core i7 13700K,20,Components,CPU,2,35000,0,28000,Debit Card,Kristin White,,
OFF-20220514-1NFB-1041,2022-05-14,John Smith,EMP-003,Intel Core i7 13700K,13,Components,CPU,2,35000,1500,28000,Credit Card,Luke Moran,,
OFF-20211220-1LRG-1042,2021-12-20,Jane Doe,EMP-002,Logitech WebCam C920,14,Accessories,Webcams,2,6000,0,3500,Cash,Walk-in,,Something write area us.
OFF-20250129-6SSE-1043,2025-01-29,Jane Doe,EMP-002,NZXT H510 Case,11,Components,Cases,2,7000,500,4500,UPI,Walk-in,,
OFF-20240728-QDQL-1044,2024-07-28,Jane Doe,EMP-002,Gaming PC Build,10,Desktops,Gaming PC,3,85000,1500,65000,Credit Card,Andrew Porter,,
OFF-20240129-P1PN-1045,2024-01-29,Jane Doe,EMP-002,Intel Core i7 13700K,9,Components,CPU,3,35000,0,28000,Credit Card,Walk-in,+1-508-823-6807x360,
OFF-20240325-HI5Q-1046,2024-03-25,Anton,EMP-001,Logitech MX Master 3,16,Accessories,Mice,1,8500,0,5000,UPI,Albert Cunningham,(290)594-1728,
OFF-20210507-OZ2O-1047,2021-05-07,Anton,EMP-001,Corsair 32GB RAM,14,Components,RAM,2,9000,0,6000,Debit Card,Michele Moran,(256)269-1773x6591,
OFF-20250106-YUBO-1048,2025-01-06,Jane Doe,EMP-002,Intel Core i7 13700K,3,Components,CPU,1,35000,500,28000,Debit Card,Walk-in,735.607.5519x9757,
OFF-20240808-8UNG-1049,2024-08-08,Jane Doe,EMP-002,Razer BlackWidow,20,Accessories,Keyboards,3,12000,1500,8000,Cash,Kimberly Davis,(335)921-5520,
OFF-20230814-XDGA-1050,2023-08-14,Anton,EMP-001,ASUS ROG Monitor 27,9,Displays,Monitors,3,25000,500,18000,Credit Card,Julie Baker,,Each agreement year month.
OFF-20230128-LN0B-1051,2023-01-28,Anton,EMP-001,RTX 4070 Ti,7,Components,GPU,3,75000,500,60000,Debit Card,Diane Barton,,Investment difference scene successful position the certainly.
OFF-20221123-O4Y7-1052,2022-11-23,Anton,EMP-001,Samsung 980 PRO 1TB,9,Components,Storage,2,8000,0,5500,Cash,Walk-in,,
OFF-20250504-5USJ-1053,2025-05-04,John Smith,EMP-003,NZXT H510 Case,7,Components,Cases,3,7000,0,4500,Debit Card,Stephanie Guerrero,,
OFF-20230215-N6N2-1054,2023-02-15,Anton,EMP-001,NZXT H510 Case,1,Components,Cases,2,7000,0,4500,Credit Card,Jesse Graves,3836060399,
OFF-20241202-Z2PS-1055,2024-12-02,John Smith,EMP-003,NZXT H510 Case,4,Components,Cases,1,7000,0,4500,UPI,Walk-in,8953040763,Blood argue key off.
OFF-20240911-R22K-1056,2024-09-11,Anton,EMP-001,Logitech WebCam C920,6,Accessories,Webcams,3,6000,0,3500,UPI,Matthew Jones,523.221.5751x16102,Maintain surface hour especially final mention another.
OFF-20210615-4Z6S-1057,2021-06-15,John Smith,EMP-003,Intel Core i7 13700K,2,Components,CPU,3,35000,1500,28000,Debit Card,Bradley Guerrero,(917)933-3088x977,Reflect gun sense.
OFF-20221116-BONB-1058,2022-11-16,John Smith,EMP-003,Corsair 32GB RAM,19,Components,RAM,1,9000,0,6000,Debit Card,Walk-in,847.355.7514x599,
OFF-20210726-Z26J-1059,2021-07-26,John Smith,EMP-003,RTX 4070 Ti,20,Components,GPU,3,75000,1500,60000,Cash,Julie Thompson,,
OFF-20210728-21R3-1060,2021-07-28,John Smith,EMP-003,Logitech MX Master 3,11,Accessories,Mice,2,8500,1500,5000,Credit Card,Mary Stone,+1-349-414-0591x75247,Sell research law.
OFF-20220822-91MI-1061,2022-08-22,John Smith,EMP-003,Corsair 32GB RAM,11,Components,RAM,2,9000,0,6000,Debit Card,Mark Reynolds,,
OFF-20230721-XLUB-1062,2023-07-21,Jane Doe,EMP-002,Samsung 980 PRO 1TB,11,Components,Storage,3,8000,0,5500,Credit Card,Shane Flores,,
OFF-20241023-FEUQ-1063,2024-10-23,John Smith,EMP-003,NZXT H510 Case,18,Components,Cases,1,7000,1000,4500,UPI,Tricia Fitzpatrick,276-290-5581,Help power voice take.
OFF-20220603-JONB-1064,2022-06-03,Jane Doe,EMP-002,RTX 4070 Ti,16,Components,GPU,2,75000,0,60000,Debit Card,Angel Pham,832-410-6134,Before wide opportunity nice.
OFF-20240818-ZYAO-1065,2024-08-18,Anton,EMP-001,Corsair 32GB RAM,14,Components,RAM,3,9000,0,6000,Credit Card,Courtney Pennington,001-232-311-1682,
OFF-20210720-DN11-1066,2021-07-20,Jane Doe,EMP-002,NZXT H510 Case,11,Components,Cases,3,7000,500,4500,Debit Card,Christopher Sullivan,+1-241-544-9656x12102,
OFF-20250913-BWTF-1067,2025-09-13,Jane Doe,EMP-002,Logitech WebCam C920,7,Accessories,Webcams,2,6000,1000,3500,UPI,Walk-in,(586)809-1319x388,Less understand bad trouble.
OFF-20220219-LU5Q-1068,2022-02-19,Anton,EMP-001,Samsung 980 PRO 1TB,12,Components,Storage,2,8000,0,5500,UPI,James Herring,,
OFF-20211011-RJTT-1069,2021-10-11,John Smith,EMP-003,Logitech WebCam C920,3,Accessories,Webcams,2,6000,500,3500,Debit Card,Jeff Gutierrez,,
OFF-20240624-RAZZ-1070,2024-06-24,John Smith,EMP-003,Samsung 980 PRO 1TB,15,Components,Storage,3,8000,500,5500,Credit Card,Nicholas Smith,(926)622-2519x49264,
OFF-20250906-26DU-1071,2025-09-06,John Smith,EMP-003,Gaming PC Build,13,Desktops,Gaming PC,3,85000,0,65000,Debit Card,Walk-in,717-326-3727x568,
OFF-20250422-RTB4-1072,2025-04-22,John Smith,EMP-003,RTX 4070 Ti,14,Components,GPU,3,75000,1500,60000,Cash,Walk-in,,
OFF-20221017-EFXI-1073,2022-10-17,Jane Doe,EMP-002,Intel Core i7 13700K,20,Components,CPU,2,35000,1500,28000,UPI,Walk-in,,
OFF-20250413-CQ52-1074,2025-04-13,John Smith,EMP-003,RTX 4070 Ti,17,Components,GPU,3,75000,0,60000,UPI,Laura Holt,873.237.7257,
OFF-20230424-CQ07-1075,2023-04-24,John Smith,EMP-003,RTX 4070 Ti,12,Components,GPU,1,75000,0,60000,UPI,Walk-in,,Whose agree day office sort.
OFF-20220912-NBQK-1076,2022-09-12,John Smith,EMP-003,RTX 4070 Ti,9,Components,GPU,3,75000,0,60000,Credit Card,James Frost,+1-257-301-2507x4219,
OFF-20260312-ET2I-1077,2026-03-12,Jane Doe,EMP-002,Samsung 980 PRO 1TB,16,Components,Storage,1,8000,0,5500,Debit Card,Leslie Tran,,Room yes building organization.
OFF-20250712-4RAO-1078,2025-07-12,Jane Doe,EMP-002,Logitech WebCam C920,9,Accessories,Webcams,1,6000,0,3500,Debit Card,Tracy Davis,6693463032,
OFF-20230525-N5YB-1079,2023-05-25,Jane Doe,EMP-002,RTX 4070 Ti,3,Components,GPU,2,75000,0,60000,Credit Card,Sara Davenport,9189470558,
OFF-20240816-RFSU-1080,2024-08-16,Jane Doe,EMP-002,Razer BlackWidow,7,Accessories,Keyboards,1,12000,0,8000,Credit Card,Shannon Riley,,
OFF-20240608-3XD3-1081,2024-06-08,Jane Doe,EMP-002,RTX 4070 Ti,12,Components,GPU,2,75000,0,60000,Cash,Sheryl Leonard,(289)705-6827x7273,Radio democratic coach he.
OFF-20220107-BYFU-1082,2022-01-07,Anton,EMP-001,NZXT H510 Case,8,Components,Cases,3,7000,0,4500,UPI,Walk-in,,
OFF-20211125-8YI0-1083,2021-11-25,John Smith,EMP-003,RTX 4070 Ti,10,Components,GPU,1,75000,0,60000,UPI,Brandon Adkins,369-768-1380x91985,
OFF-20230722-M1V3-1084,2023-07-22,Jane Doe,EMP-002,RTX 4070 Ti,5,Components,GPU,2,75000,0,60000,Credit Card,Walk-in,(969)237-1874x42083,
OFF-20230910-8HRS-1085,2023-09-10,Anton,EMP-001,Logitech WebCam C920,2,Accessories,Webcams,2,6000,0,3500,UPI,Jonathan Griffith,,
OFF-20230211-EYQC-1086,2023-02-11,Jane Doe,EMP-002,Intel Core i7 13700K,9,Components,CPU,3,35000,0,28000,UPI,Walk-in,3656136583,
OFF-20250323-0W3M-1087,2025-03-23,Anton,EMP-001,Corsair 32GB RAM,17,Components,RAM,1,9000,0,6000,Debit Card,Walk-in,(781)254-5874,Different beat once.
OFF-20231005-44R9-1088,2023-10-05,John Smith,EMP-003,Gaming PC Build,8,Desktops,Gaming PC,2,85000,0,65000,Cash,Thomas Zimmerman,859.488.5347,
OFF-20220722-GLXR-1089,2022-07-22,Anton,EMP-001,Logitech WebCam C920,1,Accessories,Webcams,1,6000,1000,3500,Credit Card,April Thomas,001-759-336-5222x29608,
OFF-20260227-QEZ6-1090,2026-02-27,Jane Doe,EMP-002,Logitech WebCam C920,2,Accessories,Webcams,1,6000,1000,3500,Cash,Chelsea Donovan,,
OFF-20231225-FFBX-1091,2023-12-25,Jane Doe,EMP-002,Logitech MX Master 3,1,Accessories,Mice,3,8500,0,5000,Debit Card,Gabrielle Harris,001-524-450-3670x080,
OFF-20230918-X2VF-1092,2023-09-18,Anton,EMP-001,NZXT H510 Case,11,Components,Cases,1,7000,0,4500,Credit Card,Tammy Huynh,(532)825-2863,
OFF-20260216-CTE0-1093,2026-02-16,Anton,EMP-001,NZXT H510 Case,12,Components,Cases,1,7000,0,4500,Cash,Robin Davenport,776-850-4930x86220,
OFF-20240512-R56I-1094,2024-05-12,John Smith,EMP-003,Corsair 32GB RAM,11,Components,RAM,2,9000,0,6000,Debit Card,Benjamin Duran,,
OFF-20210930-YF5S-1095,2021-09-30,Jane Doe,EMP-002,RTX 4070 Ti,4,Components,GPU,1,75000,0,60000,UPI,Walk-in,,
OFF-20240201-LUEU-1096,2024-02-01,John Smith,EMP-003,Razer BlackWidow,10,Accessories,Keyboards,2,12000,1500,8000,Debit Card,Tyler May,,
OFF-20240809-YVV3-1097,2024-08-09,Jane Doe,EMP-002,Samsung 980 PRO 1TB,2,Components,Storage,2,8000,500,5500,Debit Card,Whitney Gallagher,7778185287,
OFF-20241018-HVP1-1098,2024-10-18,Anton,EMP-001,Intel Core i7 13700K,13,Components,CPU,3,35000,1500,28000,Credit Card,Melissa Nguyen,,
OFF-20240222-ACRO-1099,2024-02-22,Jane Doe,EMP-002,Razer BlackWidow,12,Accessories,Keyboards,3,12000,500,8000,UPI,Diana Gardner,,
OFF-20220514-B4AN-1100,2022-05-14,John Smith,EMP-003,Intel Core i7 13700K,4,Components,CPU,1,35000,0,28000,Credit Card,Walk-in,,Include bill young old arm close save.
OFF-20230827-MFE4-1101,2023-08-27,John Smith,EMP-003,ASUS ROG Monitor 27,13,Displays,Monitors,3,25000,1000,18000,Debit Card,Luke Thompson,,Tonight administration civil mention sense.
OFF-20230910-82QZ-1102,2023-09-10,Jane Doe,EMP-002,RTX 4070 Ti,12,Components,GPU,1,75000,500,60000,Debit Card,Nicholas Barnes,,
OFF-20241216-RT8I-1103,2024-12-16,Jane Doe,EMP-002,Corsair 32GB RAM,7,Components,RAM,1,9000,500,6000,Cash,Misty Wilson,,
OFF-20211006-S72O-1104,2021-10-06,John Smith,EMP-003,Gaming PC Build,14,Desktops,Gaming PC,2,85000,0,65000,UPI,Natalie Williams,402.652.5772,
OFF-20221006-OK9R-1105,2022-10-06,Jane Doe,EMP-002,Intel Core i7 13700K,8,Components,CPU,3,35000,0,28000,Credit Card,Jennifer Moore,,Popular wife reduce stand population.
OFF-20250305-M92F-1106,2025-03-05,Anton,EMP-001,Razer BlackWidow,4,Accessories,Keyboards,3,12000,0,8000,Debit Card,Marc Day,(469)752-3183,
OFF-20220615-3R8F-1107,2022-06-15,John Smith,EMP-003,Logitech WebCam C920,17,Accessories,Webcams,3,6000,0,3500,Credit Card,Brittany Lowe,,
OFF-20240507-BDE7-1108,2024-05-07,John Smith,EMP-003,Logitech MX Master 3,13,Accessories,Mice,1,8500,0,5000,UPI,Walk-in,326-889-4743,
OFF-20231119-VYEB-1109,2023-11-19,Jane Doe,EMP-002,Razer BlackWidow,19,Accessories,Keyboards,2,12000,1500,8000,Debit Card,Walk-in,273-728-4700x2044,
OFF-20220302-M5U8-1110,2022-03-02,Anton,EMP-001,Gaming PC Build,9,Desktops,Gaming PC,1,85000,0,65000,Credit Card,Courtney Simmons,,
OFF-20210619-LHE4-1111,2021-06-19,John Smith,EMP-003,Razer BlackWidow,16,Accessories,Keyboards,2,12000,0,8000,Debit Card,Dawn Taylor,(393)388-6851x532,
OFF-20240116-DR06-1112,2024-01-16,Jane Doe,EMP-002,Samsung 980 PRO 1TB,2,Components,Storage,1,8000,1000,5500,Credit Card,Steven Mata,,
OFF-20220315-YC4Z-1113,2022-03-15,Anton,EMP-001,Samsung 980 PRO 1TB,8,Components,Storage,2,8000,0,5500,UPI,Walk-in,(780)345-2838,
OFF-20250623-43SE-1114,2025-06-23,Anton,EMP-001,Gaming PC Build,20,Desktops,Gaming PC,3,85000,0,65000,Cash,Eric Wallace,,
OFF-20220806-P87D-1115,2022-08-06,Jane Doe,EMP-002,RTX 4070 Ti,19,Components,GPU,1,75000,0,60000,Cash,Walk-in,+1-419-685-7439,
OFF-20251230-37LM-1116,2025-12-30,Anton,EMP-001,Logitech WebCam C920,12,Accessories,Webcams,3,6000,0,3500,Cash,Michael Brock,,
OFF-20220617-2EVT-1117,2022-06-17,Anton,EMP-001,Gaming PC Build,14,Desktops,Gaming PC,3,85000,1000,65000,Credit Card,Walk-in,(388)465-4570x412,Unit much own full.
OFF-20220308-261M-1118,2022-03-08,Jane Doe,EMP-002,RTX 4070 Ti,11,Components,GPU,1,75000,0,60000,Debit Card,Amber Barber,,
OFF-20230702-FOW1-1119,2023-07-02,Jane Doe,EMP-002,Corsair 32GB RAM,14,Components,RAM,2,9000,0,6000,Credit Card,Peter Reyes,579.492.5437,
OFF-20231112-2O1L-1120,2023-11-12,Jane Doe,EMP-002,Corsair 32GB RAM,10,Components,RAM,3,9000,0,6000,Debit Card,Walk-in,,
OFF-20240415-VRE6-1121,2024-04-15,John Smith,EMP-003,RTX 4070 Ti,14,Components,GPU,3,75000,500,60000,UPI,Walk-in,,
OFF-20231215-B2D1-1122,2023-12-15,Anton,EMP-001,RTX 4070 Ti,5,Components,GPU,2,75000,1500,60000,UPI,Mark Mcfarland,,
OFF-20211128-JKJ3-1123,2021-11-28,John Smith,EMP-003,Razer BlackWidow,5,Accessories,Keyboards,2,12000,500,8000,Debit Card,Walk-in,,Health important government.
OFF-20220912-YQIS-1124,2022-09-12,John Smith,EMP-003,RTX 4070 Ti,1,Components,GPU,2,75000,0,60000,UPI,Jennifer Rose,,
OFF-20241029-1SMY-1125,2024-10-29,Jane Doe,EMP-002,ASUS ROG Monitor 27,10,Displays,Monitors,2,25000,0,18000,UPI,Cathy Carroll,001-994-961-7654,
OFF-20210725-VNT1-1126,2021-07-25,Jane Doe,EMP-002,RTX 4070 Ti,17,Components,GPU,2,75000,0,60000,Debit Card,Walk-in,769-369-0870,
OFF-20230417-BSVO-1127,2023-04-17,John Smith,EMP-003,Gaming PC Build,12,Desktops,Gaming PC,3,85000,0,65000,Cash,Heather Bush,923.852.4316,
OFF-20220217-9DG1-1128,2022-02-17,Anton,EMP-001,RTX 4070 Ti,14,Components,GPU,1,75000,1000,60000,Debit Card,Karen Gonzales MD,526-983-1634x0603,
OFF-20250928-7EEH-1129,2025-09-28,Anton,EMP-001,Logitech WebCam C920,18,Accessories,Webcams,1,6000,1000,3500,Cash,Walk-in,,Civil subject value benefit another with recently.
OFF-20211013-XN6W-1130,2021-10-13,Jane Doe,EMP-002,NZXT H510 Case,6,Components,Cases,1,7000,1000,4500,UPI,Phillip Collins,,
OFF-20220413-S3J2-1131,2022-04-13,Anton,EMP-001,Razer BlackWidow,9,Accessories,Keyboards,2,12000,0,8000,Credit Card,Walk-in,,
OFF-20240903-2N1K-1132,2024-09-03,Jane Doe,EMP-002,Intel Core i7 13700K,1,Components,CPU,1,35000,0,28000,UPI,Stephen Parker,,
OFF-20210418-A9L3-1133,2021-04-18,John Smith,EMP-003,NZXT H510 Case,8,Components,Cases,2,7000,0,4500,UPI,Michael Burns,+1-246-229-4176,Against scene wonder discuss seek street we.
OFF-20250329-3815-1134,2025-03-29,John Smith,EMP-003,RTX 4070 Ti,6,Components,GPU,1,75000,1500,60000,Credit Card,Walk-in,+1-228-752-3756x5161,
OFF-20230503-BCK4-1135,2023-05-03,John Smith,EMP-003,Logitech MX Master 3,5,Accessories,Mice,3,8500,500,5000,Debit Card,Walk-in,(261)252-7339x226,
OFF-20220721-3YB5-1136,2022-07-21,John Smith,EMP-003,Samsung 980 PRO 1TB,11,Components,Storage,1,8000,0,5500,Debit Card,Walk-in,(229)317-8921x409,
OFF-20230812-IR9E-1137,2023-08-12,Jane Doe,EMP-002,Intel Core i7 13700K,17,Components,CPU,3,35000,0,28000,Cash,Joshua Sanchez,,
OFF-20251218-223D-1138,2025-12-18,Anton,EMP-001,Gaming PC Build,2,Desktops,Gaming PC,2,85000,0,65000,Debit Card,Walk-in,,
OFF-20260121-N2K6-1139,2026-01-21,Anton,EMP-001,Logitech MX Master 3,12,Accessories,Mice,1,8500,1500,5000,Debit Card,Anthony Stewart,(909)301-6637x0337,Onto how half rather.
OFF-20240724-MKWY-1140,2024-07-24,Jane Doe,EMP-002,ASUS ROG Monitor 27,9,Displays,Monitors,2,25000,0,18000,UPI,Walk-in,(650)267-7960x1883,
OFF-20240104-82S9-1141,2024-01-04,Anton,EMP-001,Logitech MX Master 3,5,Accessories,Mice,2,8500,0,5000,Cash,Katherine Edwards,(704)770-4239x9107,
OFF-20230606-7G96-1142,2023-06-06,Anton,EMP-001,Razer BlackWidow,1,Accessories,Keyboards,1,12000,1500,8000,Credit Card,Walk-in,,
OFF-20250429-H006-1143,2025-04-29,Jane Doe,EMP-002,Samsung 980 PRO 1TB,18,Components,Storage,3,8000,0,5500,Debit Card,Timothy Sampson,376-939-0522x953,
OFF-20240405-I0OX-1144,2024-04-05,Anton,EMP-001,ASUS ROG Monitor 27,3,Displays,Monitors,1,25000,0,18000,Debit Card,Walk-in,,
OFF-20220707-NYRZ-1145,2022-07-07,John Smith,EMP-003,Logitech WebCam C920,18,Accessories,Webcams,2,6000,1000,3500,UPI,Erin Campbell,3748828382,
OFF-20260113-8BUT-1146,2026-01-13,John Smith,EMP-003,RTX 4070 Ti,7,Components,GPU,2,75000,0,60000,Debit Card,Jasmine Johnson,529.904.7545x88137,
OFF-20240526-XYMJ-1147,2024-05-26,John Smith,EMP-003,Intel Core i7 13700K,12,Components,CPU,3,35000,1500,28000,Credit Card,Grace Walters,,
OFF-20250116-ZCTW-1148,2025-01-16,John Smith,EMP-003,Corsair 32GB RAM,10,Components,RAM,1,9000,0,6000,Debit Card,Wendy Haas,+1-761-331-5347x023,
OFF-20240510-QE4R-1149,2024-05-10,Anton,EMP-001,ASUS ROG Monitor 27,11,Displays,Monitors,3,25000,0,18000,Cash,John Roberts,,
OFF-20220704-GNS9-1150,2022-07-04,John Smith,EMP-003,Logitech MX Master 3,3,Accessories,Mice,1,8500,500,5000,Debit Card,Leah Castaneda,,
OFF-20210527-5WHW-1151,2021-05-27,Jane Doe,EMP-002,Corsair 32GB RAM,13,Components,RAM,1,9000,1000,6000,Debit Card,Brent Rodriguez,,
OFF-20250405-8RVG-1152,2025-04-05,Jane Doe,EMP-002,Logitech MX Master 3,7,Accessories,Mice,1,8500,1500,5000,Cash,Chloe Murphy,,
OFF-20250826-A2M5-1153,2025-08-26,Anton,EMP-001,Logitech WebCam C920,8,Accessories,Webcams,1,6000,1500,3500,Debit Card,Walk-in,,
OFF-20250518-4FJX-1154,2025-05-18,Anton,EMP-001,Razer BlackWidow,8,Accessories,Keyboards,3,12000,1500,8000,Debit Card,Daniel Tucker,777.423.9936x8527,
OFF-20220930-JPQP-1155,2022-09-30,Jane Doe,EMP-002,Intel Core i7 13700K,5,Components,CPU,2,35000,0,28000,Debit Card,Walk-in,001-887-807-8227x6151,My evidence she determine.
OFF-20210508-ELLL-1156,2021-05-08,Jane Doe,EMP-002,NZXT H510 Case,15,Components,Cases,3,7000,0,4500,Debit Card,Leonard Mathis,,
OFF-20250621-Y57P-1157,2025-06-21,Anton,EMP-001,RTX 4070 Ti,17,Components,GPU,2,75000,1500,60000,UPI,James Oliver,585-271-2814x027,
OFF-20220131-S7LG-1158,2022-01-31,John Smith,EMP-003,Gaming PC Build,17,Desktops,Gaming PC,1,85000,1500,65000,UPI,Justin Mosley,220-422-9129x737,
OFF-20231225-AWW0-1159,2023-12-25,Jane Doe,EMP-002,NZXT H510 Case,2,Components,Cases,1,7000,1500,4500,Credit Card,Walk-in,+1-826-349-5718x186,
OFF-20230530-DMXY-1160,2023-05-30,Jane Doe,EMP-002,Razer BlackWidow,3,Accessories,Keyboards,1,12000,0,8000,UPI,Katherine Garcia,917.617.6812,
OFF-20250604-VY9N-1161,2025-06-04,Jane Doe,EMP-002,Logitech WebCam C920,6,Accessories,Webcams,2,6000,1500,3500,Credit Card,Carly Duncan,+1-606-330-9363x6443,Test commercial will record.
OFF-20221231-O85R-1162,2022-12-31,Jane Doe,EMP-002,Corsair 32GB RAM,18,Components,RAM,3,9000,1000,6000,Credit Card,Jennifer Lopez,930-405-1585,
OFF-20250118-UOF4-1163,2025-01-18,Jane Doe,EMP-002,Intel Core i7 13700K,19,Components,CPU,1,35000,0,28000,Cash,Margaret Gonzalez,,
OFF-20240722-HTDT-1164,2024-07-22,Jane Doe,EMP-002,Razer BlackWidow,9,Accessories,Keyboards,2,12000,500,8000,UPI,Kelsey Mayer,(951)909-0000,
OFF-20250810-P6RJ-1165,2025-08-10,John Smith,EMP-003,Logitech MX Master 3,3,Accessories,Mice,1,8500,500,5000,UPI,Timothy Fernandez,,
OFF-20210907-R7R6-1166,2021-09-07,Anton,EMP-001,Logitech MX Master 3,7,Accessories,Mice,3,8500,0,5000,UPI,Jason Evans,,
OFF-20240616-JEOQ-1167,2024-06-16,Anton,EMP-001,Intel Core i7 13700K,10,Components,CPU,1,35000,1500,28000,Debit Card,Matthew Walker,,
OFF-20230611-2Y0T-1168,2023-06-11,John Smith,EMP-003,Logitech WebCam C920,12,Accessories,Webcams,3,6000,0,3500,Debit Card,Walk-in,,
OFF-20210422-V6OH-1169,2021-04-22,Jane Doe,EMP-002,Logitech MX Master 3,13,Accessories,Mice,2,8500,1000,5000,UPI,Christopher Wood,,Understand happy its property our gas.
OFF-20230814-KDWF-1170,2023-08-14,Jane Doe,EMP-002,Logitech WebCam C920,2,Accessories,Webcams,2,6000,1000,3500,Cash,Walk-in,,
OFF-20240901-Z0JV-1171,2024-09-01,Jane Doe,EMP-002,Corsair 32GB RAM,16,Components,RAM,2,9000,0,6000,Cash,Walk-in,,
OFF-20240715-93V3-1172,2024-07-15,Jane Doe,EMP-002,ASUS ROG Monitor 27,13,Displays,Monitors,3,25000,1000,18000,Credit Card,Derek Hardy,869.801.1144x2437,
OFF-20210501-5MYX-1173,2021-05-01,John Smith,EMP-003,Intel Core i7 13700K,19,Components,CPU,2,35000,0,28000,Credit Card,Michael Lawson,,
OFF-20231116-X5ZQ-1174,2023-11-16,John Smith,EMP-003,Intel Core i7 13700K,2,Components,CPU,3,35000,1000,28000,Credit Card,Jonathan Wall,001-837-734-5968x09762,
OFF-20210928-I3BA-1175,2021-09-28,Anton,EMP-001,Razer BlackWidow,8,Accessories,Keyboards,3,12000,1000,8000,Credit Card,Walk-in,,
OFF-20220509-N1SX-1176,2022-05-09,Jane Doe,EMP-002,ASUS ROG Monitor 27,11,Displays,Monitors,2,25000,1500,18000,Credit Card,Hannah Huerta,+1-500-401-3235x9659,
OFF-20250518-8UZY-1177,2025-05-18,Jane Doe,EMP-002,RTX 4070 Ti,19,Components,GPU,2,75000,0,60000,UPI,Gerald Miller,,
OFF-20211210-36EX-1178,2021-12-10,John Smith,EMP-003,Corsair 32GB RAM,19,Components,RAM,3,9000,0,6000,Credit Card,Sara Silva,,
OFF-20240622-PY3R-1179,2024-06-22,Jane Doe,EMP-002,RTX 4070 Ti,8,Components,GPU,2,75000,500,60000,Cash,Robert Buchanan,,Available agree new any middle.
OFF-20221124-93R1-1180,2022-11-24,Anton,EMP-001,Logitech WebCam C920,19,Accessories,Webcams,3,6000,500,3500,Credit Card,Karen Turner,,Off might over interesting past.
OFF-20250107-DE33-1181,2025-01-07,Jane Doe,EMP-002,ASUS ROG Monitor 27,14,Displays,Monitors,1,25000,0,18000,Cash,Ryan Thomas,,
OFF-20221116-R7ZD-1182,2022-11-16,John Smith,EMP-003,Gaming PC Build,8,Desktops,Gaming PC,1,85000,1500,65000,Cash,Walk-in,,
OFF-20250413-XKD2-1183,2025-04-13,Anton,EMP-001,RTX 4070 Ti,15,Components,GPU,1,75000,0,60000,Cash,Deanna Cherry,,
OFF-20220523-V06T-1184,2022-05-23,Jane Doe,EMP-002,RTX 4070 Ti,18,Components,GPU,2,75000,500,60000,UPI,Douglas King,,Indeed significant data various his site.
OFF-20221021-TP0F-1185,2022-10-21,Jane Doe,EMP-002,Intel Core i7 13700K,7,Components,CPU,3,35000,1500,28000,Credit Card,Katherine Novak,,
OFF-20250929-QLE8-1186,2025-09-29,John Smith,EMP-003,Razer BlackWidow,2,Accessories,Keyboards,2,12000,500,8000,UPI,Austin Ross,,Require lose contain less may produce prepare within.
OFF-20210503-2MPI-1187,2021-05-03,Jane Doe,EMP-002,ASUS ROG Monitor 27,7,Displays,Monitors,2,25000,0,18000,Debit Card,Ashley Buck,,
OFF-20230808-CL4E-1188,2023-08-08,Anton,EMP-001,Gaming PC Build,1,Desktops,Gaming PC,1,85000,1000,65000,UPI,Jackson Casey,,
OFF-20210503-N2DK-1189,2021-05-03,Anton,EMP-001,ASUS ROG Monitor 27,7,Displays,Monitors,2,25000,1000,18000,Cash,Michael Carlson,915.559.0655x296,
OFF-20250201-5SSJ-1190,2025-02-01,Anton,EMP-001,Gaming PC Build,2,Desktops,Gaming PC,1,85000,0,65000,Debit Card,William Lewis,498.330.9149x36866,
OFF-20230429-F8VQ-1191,2023-04-29,Jane Doe,EMP-002,Logitech WebCam C920,5,Accessories,Webcams,2,6000,1000,3500,Cash,Patricia Winters,,Though analysis strategy want game message.
OFF-20251117-97EP-1192,2025-11-17,Jane Doe,EMP-002,Intel Core i7 13700K,8,Components,CPU,3,35000,500,28000,Debit Card,James Smith,+1-870-821-3825x130,
OFF-20250404-8CV3-1193,2025-04-04,Jane Doe,EMP-002,NZXT H510 Case,12,Components,Cases,3,7000,1000,4500,Credit Card,Walk-in,448-715-0183,Bank two different appear system.
OFF-20230827-JS98-1194,2023-08-27,Jane Doe,EMP-002,Corsair 32GB RAM,13,Components,RAM,2,9000,1000,6000,Credit Card,Walk-in,,Shoulder according sell watch common trip rise consider.
OFF-20240930-CVEY-1195,2024-09-30,Anton,EMP-001,Gaming PC Build,13,Desktops,Gaming PC,2,85000,1000,65000,Debit Card,Walk-in,692-424-6057x93819,
OFF-20220225-57ML-1196,2022-02-25,John Smith,EMP-003,ASUS ROG Monitor 27,19,Displays,Monitors,1,25000,0,18000,Debit Card,Bryan Bowen,,
OFF-20220727-JRYC-1197,2022-07-27,Jane Doe,EMP-002,Corsair 32GB RAM,3,Components,RAM,1,9000,0,6000,UPI,William Reynolds,,
OFF-20250201-1121-1198,2025-02-01,John Smith,EMP-003,Logitech MX Master 3,8,Accessories,Mice,2,8500,0,5000,Cash,Walk-in,,Weight such lot call first.
OFF-20230213-KVS1-1199,2023-02-13,Anton,EMP-001,NZXT H510 Case,17,Components,Cases,3,7000,500,4500,Debit Card,Linda Meyer MD,,
OFF-20231202-M43Q-1200,2023-12-02,Anton,EMP-001,RTX 4070 Ti,8,Components,GPU,2,75000,0,60000,Cash,Walk-in,001-305-884-5266,
OFF-20231212-T7VK-1201,2023-12-12,Anton,EMP-001,Gaming PC Build,19,Desktops,Gaming PC,3,85000,500,65000,Credit Card,Walk-in,(985)963-3277x884,Bed ground guess determine.
OFF-20230324-00VN-1202,2023-03-24,John Smith,EMP-003,Intel Core i7 13700K,10,Components,CPU,3,35000,0,28000,Debit Card,Sarah Clark,,
OFF-20231231-31NB-1203,2023-12-31,Anton,EMP-001,NZXT H510 Case,10,Components,Cases,1,7000,0,4500,Cash,Erica Howard,,
OFF-20250524-71O8-1204,2025-05-24,Anton,EMP-001,RTX 4070 Ti,1,Components,GPU,1,75000,0,60000,UPI,Arthur Fernandez,,
OFF-20250704-6I2D-1205,2025-07-04,Jane Doe,EMP-002,NZXT H510 Case,5,Components,Cases,3,7000,0,4500,Cash,Walk-in,,
OFF-20260112-QU95-1206,2026-01-12,Jane Doe,EMP-002,Razer BlackWidow,16,Accessories,Keyboards,3,12000,1500,8000,Cash,Robert Walker,,Season us free east talk college.
OFF-20241114-S0OX-1207,2024-11-14,Anton,EMP-001,Corsair 32GB RAM,2,Components,RAM,1,9000,1000,6000,UPI,Kaitlyn Villegas,+1-971-366-0246,
OFF-20211211-5CPW-1208,2021-12-11,John Smith,EMP-003,Gaming PC Build,17,Desktops,Gaming PC,2,85000,1500,65000,Cash,Dylan Reed,861-455-1225,
OFF-20230110-NDC4-1209,2023-01-10,Anton,EMP-001,RTX 4070 Ti,11,Components,GPU,2,75000,1000,60000,UPI,Cindy Andersen,818.819.6292x67823,
OFF-20250303-XMUS-1210,2025-03-03,Jane Doe,EMP-002,Intel Core i7 13700K,4,Components,CPU,1,35000,1500,28000,Debit Card,Eric Ramsey,001-903-435-1777x9527,
OFF-20230922-4PE8-1211,2023-09-22,Anton,EMP-001,NZXT H510 Case,8,Components,Cases,1,7000,0,4500,Credit Card,Walk-in,,
OFF-20230925-W196-1212,2023-09-25,Anton,EMP-001,Logitech MX Master 3,5,Accessories,Mice,3,8500,0,5000,Cash,Crystal Mathis,409-738-6002,
OFF-20220602-DRTJ-1213,2022-06-02,Jane Doe,EMP-002,Logitech MX Master 3,1,Accessories,Mice,3,8500,0,5000,Credit Card,Jeffrey Smith,001-690-462-1551x29144,
OFF-20241127-410F-1214,2024-11-27,Jane Doe,EMP-002,Gaming PC Build,19,Desktops,Gaming PC,1,85000,1000,65000,UPI,Kelli Wade,,
OFF-20250308-B0WJ-1215,2025-03-08,Anton,EMP-001,RTX 4070 Ti,20,Components,GPU,2,75000,500,60000,Credit Card,Thomas Ellis,,
OFF-20220321-7PWB-1216,2022-03-21,Anton,EMP-001,Samsung 980 PRO 1TB,8,Components,Storage,3,8000,1000,5500,Credit Card,Margaret Gonzalez,(449)689-2058,Computer goal second ever anyone stuff rather great.
OFF-20230520-TSRH-1217,2023-05-20,Anton,EMP-001,RTX 4070 Ti,14,Components,GPU,2,75000,0,60000,Credit Card,Abigail Anderson,+1-461-354-5966x62667,Task economic institution task.
OFF-20240115-HKFD-1218,2024-01-15,John Smith,EMP-003,Intel Core i7 13700K,4,Components,CPU,3,35000,0,28000,Credit Card,Walk-in,001-678-393-1381x860,
OFF-20230530-DJDG-1219,2023-05-30,John Smith,EMP-003,Razer BlackWidow,2,Accessories,Keyboards,1,12000,500,8000,UPI,Dennis Green,828.222.4778,
OFF-20221201-KI5G-1220,2022-12-01,Jane Doe,EMP-002,Intel Core i7 13700K,7,Components,CPU,2,35000,1500,28000,Cash,Nicole Wilkins,,
OFF-20251202-CEEQ-1221,2025-12-02,Anton,EMP-001,ASUS ROG Monitor 27,15,Displays,Monitors,2,25000,500,18000,Credit Card,Dr. Christina Saunders DDS,001-322-979-2317x9128,
OFF-20220223-38SG-1222,2022-02-23,Anton,EMP-001,Logitech WebCam C920,15,Accessories,Webcams,3,6000,1500,3500,Cash,Scott Gilbert,(747)842-3400x7159,
OFF-20220612-AV02-1223,2022-06-12,John Smith,EMP-003,Razer BlackWidow,6,Accessories,Keyboards,3,12000,500,8000,Debit Card,Walk-in,442.564.7558,
OFF-20250114-2RB9-1224,2025-01-14,John Smith,EMP-003,Intel Core i7 13700K,15,Components,CPU,3,35000,0,28000,Credit Card,Walk-in,,
OFF-20220121-5HQU-1225,2022-01-21,John Smith,EMP-003,Logitech MX Master 3,17,Accessories,Mice,1,8500,0,5000,UPI,Daniel Massey,,
OFF-20230818-5HRH-1226,2023-08-18,Jane Doe,EMP-002,Logitech MX Master 3,3,Accessories,Mice,2,8500,500,5000,Cash,Monica Zhang,,
OFF-20220312-WBM9-1227,2022-03-12,Anton,EMP-001,Corsair 32GB RAM,10,Components,RAM,2,9000,0,6000,Credit Card,Kathryn Snyder,(785)692-8947x038,Any industry pass exactly up.
OFF-20230911-WL1Z-1228,2023-09-11,Anton,EMP-001,Samsung 980 PRO 1TB,8,Components,Storage,3,8000,1500,5500,UPI,Gabriel Lopez,,
OFF-20220728-MJIV-1229,2022-07-28,Jane Doe,EMP-002,Razer BlackWidow,8,Accessories,Keyboards,3,12000,1000,8000,Cash,Walk-in,(746)714-5708x5012,Single decide major.
OFF-20220901-IF60-1230,2022-09-01,Jane Doe,EMP-002,Gaming PC Build,3,Desktops,Gaming PC,1,85000,1500,65000,Credit Card,Lisa Miller,690-701-1143x29921,
OFF-20251028-21HN-1231,2025-10-28,Anton,EMP-001,Logitech WebCam C920,12,Accessories,Webcams,2,6000,500,3500,Debit Card,Richard Bender,,
OFF-20220516-LBVC-1232,2022-05-16,John Smith,EMP-003,Logitech MX Master 3,15,Accessories,Mice,3,8500,1000,5000,Cash,Tiffany Hall,303-923-9179,
OFF-20251102-FNE4-1233,2025-11-02,Anton,EMP-001,Gaming PC Build,15,Desktops,Gaming PC,3,85000,0,65000,Debit Card,Leah Harrison,820.343.5644x89028,
OFF-20240929-8PC1-1234,2024-09-29,Jane Doe,EMP-002,Razer BlackWidow,7,Accessories,Keyboards,1,12000,0,8000,UPI,Keith Lee,,
OFF-20230520-LUBW-1235,2023-05-20,Jane Doe,EMP-002,Logitech MX Master 3,6,Accessories,Mice,2,8500,1500,5000,UPI,Kimberly Allison,,
OFF-20250515-T7MU-1236,2025-05-15,Anton,EMP-001,ASUS ROG Monitor 27,1,Displays,Monitors,2,25000,0,18000,Debit Card,Caleb Ford,314-331-8060x1977,
OFF-20260112-76SS-1237,2026-01-12,Jane Doe,EMP-002,Logitech WebCam C920,6,Accessories,Webcams,1,6000,0,3500,Cash,Walk-in,489.654.4351x637,
OFF-20260109-4683-1238,2026-01-09,Anton,EMP-001,Logitech WebCam C920,11,Accessories,Webcams,3,6000,500,3500,Debit Card,Mario Ramirez,,
OFF-20240902-OO9Q-1239,2024-09-02,Jane Doe,EMP-002,Corsair 32GB RAM,18,Components,RAM,3,9000,0,6000,Debit Card,Cole Evans,,Call officer daughter listen.
OFF-20250302-L8M4-1240,2025-03-02,Anton,EMP-001,RTX 4070 Ti,9,Components,GPU,2,75000,1500,60000,Cash,Chris Gonzales,,
OFF-20250622-2IIZ-1241,2025-06-22,Jane Doe,EMP-002,Razer BlackWidow,12,Accessories,Keyboards,1,12000,500,8000,Debit Card,Christine Arnold,794-367-1239x506,
OFF-20221217-IR4P-1242,2022-12-17,Anton,EMP-001,ASUS ROG Monitor 27,1,Displays,Monitors,1,25000,0,18000,Debit Card,Walk-in,,
OFF-20230215-8BR1-1243,2023-02-15,Jane Doe,EMP-002,Logitech WebCam C920,17,Accessories,Webcams,2,6000,0,3500,Debit Card,Adam Brooks,323.209.0276x2216,
OFF-20210929-G4NP-1244,2021-09-29,John Smith,EMP-003,Corsair 32GB RAM,1,Components,RAM,1,9000,0,6000,Debit Card,Walk-in,,
OFF-20220806-TAKQ-1245,2022-08-06,Jane Doe,EMP-002,ASUS ROG Monitor 27,9,Displays,Monitors,3,25000,1000,18000,Credit Card,Bryan Miller,,
OFF-20240821-GF9Z-1246,2024-08-21,Jane Doe,EMP-002,Corsair 32GB RAM,15,Components,RAM,1,9000,500,6000,Credit Card,Alexandria Rivera,4173378042,
OFF-20250602-0JTV-1247,2025-06-02,John Smith,EMP-003,Gaming PC Build,9,Desktops,Gaming PC,3,85000,0,65000,Credit Card,Walk-in,,
OFF-20230824-AVYU-1248,2023-08-24,Jane Doe,EMP-002,Corsair 32GB RAM,17,Components,RAM,3,9000,0,6000,Credit Card,Jeremy Pineda,+1-647-455-1979,
OFF-20250723-M7RJ-1249,2025-07-23,John Smith,EMP-003,Logitech WebCam C920,3,Accessories,Webcams,3,6000,0,3500,UPI,Lauren Contreras,697-462-6332x327,
OFF-20210916-WL4V-1250,2021-09-16,Anton,EMP-001,Razer BlackWidow,1,Accessories,Keyboards,3,12000,1000,8000,Cash,Johnny Ruiz,,Imagine medical that husband yard face simply.
OFF-20251205-A1EE-1251,2025-12-05,John Smith,EMP-003,NZXT H510 Case,5,Components,Cases,3,7000,500,4500,Cash,Carolyn Johnson,2333173984,
OFF-20220730-MMXH-1252,2022-07-30,John Smith,EMP-003,Razer BlackWidow,12,Accessories,Keyboards,2,12000,0,8000,UPI,Rickey Nichols,492-768-0578x232,
OFF-20221126-L7XU-1253,2022-11-26,John Smith,EMP-003,Razer BlackWidow,12,Accessories,Keyboards,1,12000,500,8000,Credit Card,Ronald Monroe,,
OFF-20250528-4GY7-1254,2025-05-28,John Smith,EMP-003,Logitech WebCam C920,19,Accessories,Webcams,3,6000,500,3500,Cash,Patrick Phillips,,Way perhaps phone marriage arrive TV.
OFF-20221026-58MP-1255,2022-10-26,John Smith,EMP-003,Gaming PC Build,18,Desktops,Gaming PC,1,85000,0,65000,Credit Card,Walk-in,,
OFF-20230504-PY01-1256,2023-05-04,Anton,EMP-001,Logitech WebCam C920,17,Accessories,Webcams,2,6000,1000,3500,Credit Card,Nicole Ellison,(711)638-0287,
OFF-20230419-4M8E-1257,2023-04-19,Anton,EMP-001,Razer BlackWidow,9,Accessories,Keyboards,3,12000,1000,8000,UPI,Lisa Bates,,
OFF-20250306-FKJ9-1258,2025-03-06,Jane Doe,EMP-002,Gaming PC Build,15,Desktops,Gaming PC,1,85000,1000,65000,UPI,Rachel Lee,747-799-6227x76254,Him generation huge such term.
OFF-20210813-U084-1259,2021-08-13,John Smith,EMP-003,Logitech WebCam C920,19,Accessories,Webcams,3,6000,500,3500,Cash,Walk-in,6692173025,
OFF-20230721-OES1-1260,2023-07-21,John Smith,EMP-003,Logitech MX Master 3,15,Accessories,Mice,1,8500,0,5000,Debit Card,Walk-in,,
OFF-20220217-G5FT-1261,2022-02-17,John Smith,EMP-003,RTX 4070 Ti,7,Components,GPU,3,75000,1500,60000,Debit Card,Walk-in,001-338-973-8929,
OFF-20220320-593C-1262,2022-03-20,John Smith,EMP-003,ASUS ROG Monitor 27,3,Displays,Monitors,2,25000,0,18000,Credit Card,April Decker,(526)351-8006,
OFF-20221027-5KXX-1263,2022-10-27,Jane Doe,EMP-002,NZXT H510 Case,4,Components,Cases,3,7000,0,4500,UPI,Walk-in,+1-542-621-3504x839,
OFF-20220218-3JY2-1264,2022-02-18,Jane Doe,EMP-002,Corsair 32GB RAM,6,Components,RAM,1,9000,500,6000,Credit Card,Mark Dunn,,Hundred sure degree look reality.
OFF-20240817-DHYI-1265,2024-08-17,Anton,EMP-001,Intel Core i7 13700K,18,Components,CPU,1,35000,0,28000,Debit Card,Sharon Cervantes,,
OFF-20250926-QJ0K-1266,2025-09-26,Anton,EMP-001,Logitech MX Master 3,12,Accessories,Mice,1,8500,0,5000,UPI,Walk-in,,
OFF-20241009-ZFA0-1267,2024-10-09,Anton,EMP-001,Gaming PC Build,4,Desktops,Gaming PC,1,85000,0,65000,Debit Card,Sarah Liu,,
OFF-20240910-5AUR-1268,2024-09-10,Anton,EMP-001,Intel Core i7 13700K,8,Components,CPU,1,35000,0,28000,Cash,Walk-in,,
OFF-20250504-BQLI-1269,2025-05-04,Jane Doe,EMP-002,NZXT H510 Case,20,Components,Cases,1,7000,1000,4500,Debit Card,Kimberly Smith,,
OFF-20250223-KZDH-1270,2025-02-23,Jane Doe,EMP-002,NZXT H510 Case,18,Components,Cases,3,7000,500,4500,Debit Card,Lisa Gibbs,,
OFF-20220702-RVUQ-1271,2022-07-02,Anton,EMP-001,Intel Core i7 13700K,16,Components,CPU,1,35000,0,28000,Cash,Dr. Dave Neal,001-896-597-8114,Age day war half step.
OFF-20231210-PK01-1272,2023-12-10,John Smith,EMP-003,Intel Core i7 13700K,11,Components,CPU,2,35000,500,28000,Credit Card,Walk-in,+1-765-739-2127,
OFF-20250308-Y41R-1273,2025-03-08,Anton,EMP-001,RTX 4070 Ti,18,Components,GPU,1,75000,1500,60000,Credit Card,William Sexton,,
OFF-20230731-3B04-1274,2023-07-31,Jane Doe,EMP-002,RTX 4070 Ti,6,Components,GPU,1,75000,0,60000,Credit Card,Jonathan Ryan,,
OFF-20250224-6OES-1275,2025-02-24,John Smith,EMP-003,Corsair 32GB RAM,17,Components,RAM,2,9000,1500,6000,Debit Card,Lori Martinez,,
OFF-20240818-5J1N-1276,2024-08-18,Jane Doe,EMP-002,Razer BlackWidow,6,Accessories,Keyboards,3,12000,500,8000,Cash,Victor Crawford,,Group relationship name around for director century.
OFF-20260220-RC4T-1277,2026-02-20,John Smith,EMP-003,Razer BlackWidow,18,Accessories,Keyboards,3,12000,0,8000,UPI,Walk-in,001-674-233-8289x34524,
OFF-20230124-M728-1278,2023-01-24,Anton,EMP-001,NZXT H510 Case,11,Components,Cases,1,7000,500,4500,Cash,Stacy Collins,7109788834,
OFF-20220320-NFN1-1279,2022-03-20,John Smith,EMP-003,Logitech MX Master 3,19,Accessories,Mice,2,8500,500,5000,Credit Card,Pamela Ortega,360-271-2530x020,
OFF-20260109-OBEO-1280,2026-01-09,Jane Doe,EMP-002,ASUS ROG Monitor 27,8,Displays,Monitors,2,25000,0,18000,Credit Card,Tara Guzman,627.432.3020x44536,
OFF-20210831-OC6U-1281,2021-08-31,Jane Doe,EMP-002,RTX 4070 Ti,8,Components,GPU,1,75000,0,60000,Credit Card,Walk-in,,
OFF-20231021-DP5B-1282,2023-10-21,Anton,EMP-001,Gaming PC Build,16,Desktops,Gaming PC,3,85000,0,65000,Cash,Kathleen Smith,804-829-1699x374,Until later fight.
OFF-20220303-ROMB-1283,2022-03-03,John Smith,EMP-003,Samsung 980 PRO 1TB,14,Components,Storage,1,8000,0,5500,Credit Card,Walk-in,,
OFF-20240418-XI10-1284,2024-04-18,John Smith,EMP-003,RTX 4070 Ti,7,Components,GPU,1,75000,0,60000,UPI,Walk-in,,
OFF-20240106-YE3Z-1285,2024-01-06,John Smith,EMP-003,ASUS ROG Monitor 27,1,Displays,Monitors,3,25000,0,18000,Debit Card,Kimberly Morris,,
OFF-20250927-HT1O-1286,2025-09-27,Anton,EMP-001,Intel Core i7 13700K,14,Components,CPU,2,35000,1000,28000,UPI,Robert Jacobs,7205990247,Explain moment some hotel share plan growth themselves.
OFF-20211012-RXGZ-1287,2021-10-12,John Smith,EMP-003,Corsair 32GB RAM,1,Components,RAM,1,9000,0,6000,Debit Card,Tony Wallace,926-655-3686,From despite mention office skill expect that available.
OFF-20231219-8XJ6-1288,2023-12-19,Anton,EMP-001,Gaming PC Build,12,Desktops,Gaming PC,2,85000,500,65000,UPI,Jonathan Carey,,
OFF-20240518-MNO1-1289,2024-05-18,John Smith,EMP-003,Corsair 32GB RAM,15,Components,RAM,1,9000,1500,6000,UPI,Molly Haney,,
OFF-20231105-ASPV-1290,2023-11-05,Anton,EMP-001,Intel Core i7 13700K,16,Components,CPU,3,35000,500,28000,Debit Card,Dr. Renee Roberts,,
OFF-20250806-HIEF-1291,2025-08-06,Jane Doe,EMP-002,Logitech WebCam C920,3,Accessories,Webcams,1,6000,0,3500,UPI,Walk-in,,
OFF-20240430-RQRW-1292,2024-04-30,Anton,EMP-001,Corsair 32GB RAM,16,Components,RAM,1,9000,0,6000,Debit Card,Walk-in,2486645886,
OFF-20221130-0YYO-1293,2022-11-30,John Smith,EMP-003,Gaming PC Build,4,Desktops,Gaming PC,1,85000,0,65000,Debit Card,Kristina Pena,,
OFF-20210902-J7GF-1294,2021-09-02,Jane Doe,EMP-002,Razer BlackWidow,19,Accessories,Keyboards,2,12000,1000,8000,UPI,John Parrish,261-569-1241,Note the how wall focus defense.
OFF-20231210-P5PW-1295,2023-12-10,Jane Doe,EMP-002,Samsung 980 PRO 1TB,20,Components,Storage,2,8000,0,5500,Cash,Walk-in,318-497-9312,
OFF-20231009-ZJ8T-1296,2023-10-09,John Smith,EMP-003,Samsung 980 PRO 1TB,20,Components,Storage,3,8000,1500,5500,UPI,Melissa Hughes,+1-572-351-9734x0589,
OFF-20250728-3SB0-1297,2025-07-28,John Smith,EMP-003,Logitech MX Master 3,13,Accessories,Mice,3,8500,0,5000,Credit Card,Walk-in,,
OFF-20221006-UU0E-1298,2022-10-06,John Smith,EMP-003,Corsair 32GB RAM,13,Components,RAM,2,9000,1000,6000,Cash,Walk-in,371-232-0220,
OFF-20260125-D5X5-1299,2026-01-25,John Smith,EMP-003,Logitech WebCam C920,12,Accessories,Webcams,3,6000,1000,3500,Cash,Walk-in,4118310222,
OFF-20230302-WY6T-1300,2023-03-02,John Smith,EMP-003,Intel Core i7 13700K,11,Components,CPU,3,35000,1500,28000,Credit Card,Walk-in,001-987-866-7306,
OFF-20220903-CWJY-1301,2022-09-03,Anton,EMP-001,Logitech WebCam C920,19,Accessories,Webcams,2,6000,0,3500,Credit Card,Antonio Newman,001-511-608-8580x337,
OFF-20230710-3WVK-1302,2023-07-10,Jane Doe,EMP-002,Intel Core i7 13700K,18,Components,CPU,1,35000,1500,28000,Cash,Walk-in,430-834-8922x23565,
OFF-20250921-QZSD-1303,2025-09-21,Jane Doe,EMP-002,RTX 4070 Ti,10,Components,GPU,3,75000,1500,60000,Cash,Walk-in,937.900.3422,
OFF-20240916-0YVR-1304,2024-09-16,Jane Doe,EMP-002,ASUS ROG Monitor 27,7,Displays,Monitors,2,25000,1000,18000,Cash,Nicole Watson,,
OFF-20230810-ECFY-1305,2023-08-10,Jane Doe,EMP-002,Razer BlackWidow,19,Accessories,Keyboards,2,12000,0,8000,Credit Card,Dr. Carlos Lowe,(916)319-8471,
OFF-20230919-HD40-1306,2023-09-19,Jane Doe,EMP-002,RTX 4070 Ti,17,Components,GPU,3,75000,1500,60000,Cash,Aaron Ross,(621)876-3314,Good mission when measure just Republican democratic single.
OFF-20260404-CZFZ-1307,2026-04-04,Anton,EMP-001,RTX 4070 Ti,12,Components,GPU,1,75000,1000,60000,UPI,Chad Burke,+1-967-596-8807,
OFF-20240827-G37N-1308,2024-08-27,Anton,EMP-001,Samsung 980 PRO 1TB,16,Components,Storage,3,8000,0,5500,Credit Card,Steven Turner,,
OFF-20230105-3YTW-1309,2023-01-05,John Smith,EMP-003,NZXT H510 Case,19,Components,Cases,3,7000,0,4500,Credit Card,Walk-in,,
OFF-20231022-T7HV-1310,2023-10-22,Jane Doe,EMP-002,NZXT H510 Case,5,Components,Cases,2,7000,500,4500,Cash,Melinda Clark,,
OFF-20251020-QX6D-1311,2025-10-20,Anton,EMP-001,Samsung 980 PRO 1TB,14,Components,Storage,1,8000,500,5500,UPI,John Santana,+1-640-831-4505x54899,
OFF-20220312-BHWN-1312,2022-03-12,Anton,EMP-001,Gaming PC Build,11,Desktops,Gaming PC,2,85000,500,65000,Cash,Matthew Barber,,
OFF-20240605-4NNV-1313,2024-06-05,Anton,EMP-001,Logitech WebCam C920,16,Accessories,Webcams,3,6000,0,3500,Cash,Walk-in,,Sound rest three mind.
OFF-20221109-5GTH-1314,2022-11-09,Jane Doe,EMP-002,NZXT H510 Case,5,Components,Cases,2,7000,0,4500,Cash,Amber Cummings,+1-480-775-2202x94726,
OFF-20210424-01TQ-1315,2021-04-24,John Smith,EMP-003,NZXT H510 Case,3,Components,Cases,2,7000,0,4500,Cash,Walk-in,,
OFF-20210925-Z2F6-1316,2021-09-25,Jane Doe,EMP-002,Logitech MX Master 3,18,Accessories,Mice,1,8500,1000,5000,Credit Card,Anita Orr,+1-767-500-7097x54952,
OFF-20250219-KNJ6-1317,2025-02-19,Anton,EMP-001,Gaming PC Build,4,Desktops,Gaming PC,2,85000,0,65000,Credit Card,Sophia Potter,909.609.5743x8819,Decision yet fly line fund maybe mention.
OFF-20220907-EG5U-1318,2022-09-07,John Smith,EMP-003,ASUS ROG Monitor 27,10,Displays,Monitors,3,25000,0,18000,UPI,Walk-in,,
OFF-20251111-BPU1-1319,2025-11-11,John Smith,EMP-003,NZXT H510 Case,3,Components,Cases,3,7000,1500,4500,UPI,Kristen Parker,+1-241-353-9275,
OFF-20260108-RYFF-1320,2026-01-08,John Smith,EMP-003,RTX 4070 Ti,5,Components,GPU,2,75000,0,60000,Credit Card,Walk-in,224-220-5545x924,
OFF-20210903-KT7A-1321,2021-09-03,John Smith,EMP-003,Gaming PC Build,11,Desktops,Gaming PC,3,85000,500,65000,Debit Card,Walk-in,342.554.8376x544,
OFF-20230119-SMBA-1322,2023-01-19,John Smith,EMP-003,Intel Core i7 13700K,13,Components,CPU,2,35000,0,28000,Debit Card,Walk-in,,
OFF-20220707-TEYN-1323,2022-07-07,Jane Doe,EMP-002,Logitech WebCam C920,2,Accessories,Webcams,3,6000,1500,3500,Cash,Walk-in,,Clear factor watch few.
OFF-20220427-P0WL-1324,2022-04-27,John Smith,EMP-003,ASUS ROG Monitor 27,14,Displays,Monitors,1,25000,0,18000,Debit Card,Jill Lawrence,,Dream economy magazine recent administration represent minute.
OFF-20220116-ZSCX-1325,2022-01-16,Jane Doe,EMP-002,Logitech WebCam C920,2,Accessories,Webcams,2,6000,1000,3500,Debit Card,Walk-in,,
OFF-20240327-D1QA-1326,2024-03-27,Jane Doe,EMP-002,Corsair 32GB RAM,3,Components,RAM,2,9000,0,6000,UPI,Walk-in,(796)255-6925,
OFF-20251221-ZTS2-1327,2025-12-21,Jane Doe,EMP-002,Gaming PC Build,11,Desktops,Gaming PC,1,85000,500,65000,UPI,Cameron Townsend,+1-692-261-5522x54363,Bill machine cup person probably hand.
OFF-20260331-FEDP-1328,2026-03-31,Jane Doe,EMP-002,RTX 4070 Ti,12,Components,GPU,3,75000,1000,60000,Debit Card,Sarah Henry,885-540-4041x512,
OFF-20250409-KK5E-1329,2025-04-09,Anton,EMP-001,Gaming PC Build,12,Desktops,Gaming PC,1,85000,1000,65000,UPI,Walk-in,001-935-864-6043,
OFF-20241021-Z77X-1330,2024-10-21,Jane Doe,EMP-002,Logitech WebCam C920,12,Accessories,Webcams,2,6000,1500,3500,Debit Card,Jose Collins,001-304-655-8378x47927,Fund likely leader personal parent eight.
OFF-20220712-2LP3-1331,2022-07-12,Jane Doe,EMP-002,Logitech MX Master 3,3,Accessories,Mice,3,8500,0,5000,Cash,Marvin Singleton,270-890-0013x8393,
OFF-20220221-2K56-1332,2022-02-21,Jane Doe,EMP-002,RTX 4070 Ti,14,Components,GPU,3,75000,1000,60000,Cash,Walk-in,810.635.7158x54261,
OFF-20230514-Z2H0-1333,2023-05-14,Jane Doe,EMP-002,Logitech MX Master 3,16,Accessories,Mice,3,8500,1000,5000,UPI,Erika Wilson,,
OFF-20251011-ZLKW-1334,2025-10-11,Jane Doe,EMP-002,RTX 4070 Ti,6,Components,GPU,2,75000,0,60000,UPI,Cindy Jones,001-751-220-2031x9167,Son arrive cause camera dark.
OFF-20240703-HNIZ-1335,2024-07-03,Jane Doe,EMP-002,Logitech MX Master 3,4,Accessories,Mice,3,8500,500,5000,Debit Card,Dennis Brady,919-332-8159x756,
OFF-20220816-MGWP-1336,2022-08-16,John Smith,EMP-003,Samsung 980 PRO 1TB,10,Components,Storage,3,8000,0,5500,Credit Card,Jamie Black,929-306-2928x82579,
OFF-20260329-ARE3-1337,2026-03-29,John Smith,EMP-003,ASUS ROG Monitor 27,2,Displays,Monitors,2,25000,1500,18000,UPI,Walk-in,,
OFF-20220716-S4D3-1338,2022-07-16,Anton,EMP-001,Logitech MX Master 3,8,Accessories,Mice,3,8500,0,5000,Cash,Randy Hunt,,Big free specific operation animal.
OFF-20230213-05PO-1339,2023-02-13,Jane Doe,EMP-002,Samsung 980 PRO 1TB,10,Components,Storage,2,8000,0,5500,Credit Card,Kristin Diaz,382-332-3025x3964,Anyone thus better for.
OFF-20231230-VOJC-1340,2023-12-30,Anton,EMP-001,RTX 4070 Ti,15,Components,GPU,1,75000,1000,60000,UPI,Christopher Harris,,
OFF-20230225-YPRO-1341,2023-02-25,Anton,EMP-001,Samsung 980 PRO 1TB,17,Components,Storage,3,8000,0,5500,UPI,Steve Sheppard,+1-453-824-6256,
OFF-20240813-RODQ-1342,2024-08-13,John Smith,EMP-003,ASUS ROG Monitor 27,10,Displays,Monitors,2,25000,500,18000,Debit Card,Ashley Butler,001-697-614-3695x68068,Financial type college whom eat likely.
OFF-20250613-Y19O-1343,2025-06-13,Anton,EMP-001,Samsung 980 PRO 1TB,6,Components,Storage,2,8000,1000,5500,UPI,Melvin Boone,,
OFF-20240424-PR3H-1344,2024-04-24,John Smith,EMP-003,Corsair 32GB RAM,9,Components,RAM,3,9000,500,6000,Debit Card,Jennifer Allen,,
OFF-20220210-GSMF-1345,2022-02-10,John Smith,EMP-003,Intel Core i7 13700K,16,Components,CPU,1,35000,0,28000,UPI,Roger Edwards,,
OFF-20220707-039F-1346,2022-07-07,John Smith,EMP-003,Intel Core i7 13700K,16,Components,CPU,2,35000,1000,28000,Cash,Walk-in,,Technology character through anyone involve then.
OFF-20230816-RRSF-1347,2023-08-16,Anton,EMP-001,ASUS ROG Monitor 27,2,Displays,Monitors,3,25000,0,18000,Debit Card,Crystal Davis,,
OFF-20220823-TR4E-1348,2022-08-23,Anton,EMP-001,ASUS ROG Monitor 27,18,Displays,Monitors,2,25000,500,18000,Debit Card,Lori Hamilton,,
OFF-20240623-DHIH-1349,2024-06-23,Jane Doe,EMP-002,Gaming PC Build,19,Desktops,Gaming PC,1,85000,0,65000,Credit Card,Melissa Patterson,,
OFF-20250609-WAS8-1350,2025-06-09,Anton,EMP-001,RTX 4070 Ti,3,Components,GPU,1,75000,1000,60000,UPI,Dr. Lori Bradley MD,,
OFF-20230318-25P3-1351,2023-03-18,Jane Doe,EMP-002,ASUS ROG Monitor 27,10,Displays,Monitors,2,25000,500,18000,Cash,Joseph Schroeder,,Full note list activity.
OFF-20250216-ELFA-1352,2025-02-16,Jane Doe,EMP-002,Corsair 32GB RAM,14,Components,RAM,3,9000,0,6000,Cash,Walk-in,,Mission impact drive main discussion.
OFF-20220908-9DNZ-1353,2022-09-08,John Smith,EMP-003,Corsair 32GB RAM,5,Components,RAM,3,9000,500,6000,UPI,Walk-in,888.375.1525x17789,
OFF-20240115-ACQI-1354,2024-01-15,John Smith,EMP-003,Samsung 980 PRO 1TB,15,Components,Storage,2,8000,1000,5500,Debit Card,Justin Hill,(623)419-3001,
OFF-20240804-P7EU-1355,2024-08-04,Anton,EMP-001,NZXT H510 Case,9,Components,Cases,2,7000,1000,4500,UPI,John Walker,+1-802-653-1018x891,
OFF-20260103-36JV-1356,2026-01-03,John Smith,EMP-003,Logitech WebCam C920,10,Accessories,Webcams,3,6000,0,3500,UPI,Michael Harris,,
OFF-20230417-O6W3-1357,2023-04-17,John Smith,EMP-003,ASUS ROG Monitor 27,16,Displays,Monitors,2,25000,1500,18000,Debit Card,Peggy Richardson,(744)901-1887,
OFF-20230225-560H-1358,2023-02-25,John Smith,EMP-003,Intel Core i7 13700K,15,Components,CPU,1,35000,0,28000,Cash,Walk-in,001-521-994-5721,
OFF-20220908-GVX3-1359,2022-09-08,Anton,EMP-001,Intel Core i7 13700K,19,Components,CPU,2,35000,500,28000,Cash,Walk-in,984-581-0094x2526,
OFF-20220803-YMUV-1360,2022-08-03,John Smith,EMP-003,RTX 4070 Ti,17,Components,GPU,3,75000,0,60000,Cash,Brian David,729.298.8825x6690,
OFF-20221119-SD9S-1361,2022-11-19,Anton,EMP-001,RTX 4070 Ti,18,Components,GPU,1,75000,0,60000,Debit Card,Thomas Lara,(476)889-8750x181,
OFF-20241007-49WX-1362,2024-10-07,Anton,EMP-001,Gaming PC Build,4,Desktops,Gaming PC,3,85000,1500,65000,Debit Card,Kimberly Hughes,,Series benefit respond back.
OFF-20240529-PPH7-1363,2024-05-29,Anton,EMP-001,Logitech WebCam C920,16,Accessories,Webcams,1,6000,1500,3500,Debit Card,David Martinez,,
OFF-20231028-RLLX-1364,2023-10-28,Jane Doe,EMP-002,RTX 4070 Ti,9,Components,GPU,1,75000,0,60000,Credit Card,Tyrone Carson,(853)595-6063x6577,Focus focus knowledge present officer bed card trouble.
OFF-20250327-L6TP-1365,2025-03-27,Jane Doe,EMP-002,Razer BlackWidow,5,Accessories,Keyboards,1,12000,500,8000,Credit Card,Walk-in,,
OFF-20210923-F5A1-1366,2021-09-23,Anton,EMP-001,RTX 4070 Ti,1,Components,GPU,1,75000,0,60000,UPI,Alexa Green,307.296.9580x158,Sometimes many media market.
OFF-20240105-7THK-1367,2024-01-05,Jane Doe,EMP-002,Corsair 32GB RAM,12,Components,RAM,3,9000,0,6000,Cash,Brenda Johnson,,
OFF-20210416-1JW3-1368,2021-04-16,Jane Doe,EMP-002,Corsair 32GB RAM,18,Components,RAM,2,9000,0,6000,Debit Card,Walk-in,,
OFF-20221104-ZOVM-1369,2022-11-04,John Smith,EMP-003,Logitech WebCam C920,9,Accessories,Webcams,3,6000,0,3500,UPI,Allison Johnson,,
OFF-20240109-KPNM-1370,2024-01-09,Anton,EMP-001,Logitech WebCam C920,2,Accessories,Webcams,1,6000,500,3500,Credit Card,Debbie Cortez,616-428-1962x186,
OFF-20230306-HGPR-1371,2023-03-06,Jane Doe,EMP-002,Samsung 980 PRO 1TB,12,Components,Storage,1,8000,0,5500,Credit Card,Margaret Banks,,
OFF-20220127-AT2I-1372,2022-01-27,Anton,EMP-001,Corsair 32GB RAM,14,Components,RAM,1,9000,0,6000,UPI,Anthony Kerr,710-830-1856x27156,
OFF-20260125-SKLB-1373,2026-01-25,Anton,EMP-001,Intel Core i7 13700K,6,Components,CPU,3,35000,0,28000,Debit Card,Stacey Walker,,
OFF-20231219-EWBB-1374,2023-12-19,John Smith,EMP-003,Samsung 980 PRO 1TB,11,Components,Storage,1,8000,1000,5500,Credit Card,Robert Coffey,,
OFF-20260129-SR5S-1375,2026-01-29,Anton,EMP-001,Intel Core i7 13700K,11,Components,CPU,1,35000,1000,28000,Credit Card,Walk-in,,Day politics responsibility upon himself economy.
OFF-20230221-ZC1N-1376,2023-02-21,Jane Doe,EMP-002,ASUS ROG Monitor 27,11,Displays,Monitors,3,25000,0,18000,Cash,Richard Finley,+1-613-697-3147,
OFF-20230103-Z75J-1377,2023-01-03,Jane Doe,EMP-002,NZXT H510 Case,16,Components,Cases,3,7000,500,4500,Credit Card,Ryan Ferguson,7843480655,
OFF-20220513-KT18-1378,2022-05-13,Anton,EMP-001,Logitech WebCam C920,15,Accessories,Webcams,1,6000,0,3500,Credit Card,Walk-in,(762)532-8182,
OFF-20230417-YP64-1379,2023-04-17,Anton,EMP-001,RTX 4070 Ti,3,Components,GPU,2,75000,1000,60000,Debit Card,Walk-in,001-782-556-4307x77168,Stage idea particular goal prove even college.
OFF-20220118-N573-1380,2022-01-18,Jane Doe,EMP-002,Logitech WebCam C920,9,Accessories,Webcams,3,6000,0,3500,Debit Card,Steven Jones,,Adult must production girl child hit level culture.
OFF-20220414-MAA7-1381,2022-04-14,John Smith,EMP-003,Corsair 32GB RAM,18,Components,RAM,3,9000,0,6000,UPI,Christopher Velazquez,(530)277-2356,
OFF-20210924-I7BA-1382,2021-09-24,Anton,EMP-001,Corsair 32GB RAM,16,Components,RAM,2,9000,1500,6000,UPI,Walk-in,+1-873-933-3922x30069,
OFF-20210716-ZCIR-1383,2021-07-16,Jane Doe,EMP-002,ASUS ROG Monitor 27,10,Displays,Monitors,3,25000,500,18000,Credit Card,Kelsey Brown,,
OFF-20220823-7NAZ-1384,2022-08-23,John Smith,EMP-003,Gaming PC Build,15,Desktops,Gaming PC,3,85000,1000,65000,Debit Card,Amanda Love,,
OFF-20210809-RKHJ-1385,2021-08-09,Anton,EMP-001,Logitech MX Master 3,5,Accessories,Mice,2,8500,1000,5000,Cash,Walk-in,,
OFF-20260406-J1TL-1386,2026-04-06,Anton,EMP-001,Corsair 32GB RAM,4,Components,RAM,1,9000,500,6000,UPI,Daniel Hill,001-925-261-2159x9880,
OFF-20240507-7I56-1387,2024-05-07,Jane Doe,EMP-002,Intel Core i7 13700K,9,Components,CPU,3,35000,1500,28000,UPI,Walk-in,884.861.6749x096,
OFF-20211006-AR8D-1388,2021-10-06,John Smith,EMP-003,RTX 4070 Ti,7,Components,GPU,1,75000,1500,60000,Debit Card,Spencer Wolfe,211.899.2839x2078,
OFF-20250922-6RR2-1389,2025-09-22,Jane Doe,EMP-002,Razer BlackWidow,12,Accessories,Keyboards,2,12000,0,8000,UPI,Mrs. Michelle Garcia,712.416.2498,
OFF-20230909-18E9-1390,2023-09-09,Jane Doe,EMP-002,RTX 4070 Ti,9,Components,GPU,3,75000,0,60000,Credit Card,Walk-in,,Past shoulder social authority from seem miss.
OFF-20231031-20CA-1391,2023-10-31,Anton,EMP-001,Samsung 980 PRO 1TB,13,Components,Storage,2,8000,1500,5500,Cash,Walk-in,438.511.7906,Figure throw bed.
OFF-20240122-IGH3-1392,2024-01-22,Anton,EMP-001,Intel Core i7 13700K,19,Components,CPU,3,35000,0,28000,Debit Card,Walk-in,,
OFF-20240105-S35Z-1393,2024-01-05,Anton,EMP-001,NZXT H510 Case,14,Components,Cases,3,7000,500,4500,Debit Card,Walk-in,328-265-2822x6762,
OFF-20250803-1W7R-1394,2025-08-03,Anton,EMP-001,Samsung 980 PRO 1TB,12,Components,Storage,1,8000,0,5500,Credit Card,Walk-in,771.587.8064,
OFF-20211209-SA2X-1395,2021-12-09,John Smith,EMP-003,Logitech MX Master 3,4,Accessories,Mice,3,8500,0,5000,Debit Card,Walk-in,,
OFF-20250126-GGM8-1396,2025-01-26,John Smith,EMP-003,Gaming PC Build,16,Desktops,Gaming PC,2,85000,1000,65000,Credit Card,Walk-in,,
OFF-20220112-BR83-1397,2022-01-12,Jane Doe,EMP-002,Corsair 32GB RAM,15,Components,RAM,1,9000,0,6000,Cash,Elizabeth Cantrell,(396)844-4585,Teach brother about ok because.
OFF-20211115-R2YC-1398,2021-11-15,Anton,EMP-001,ASUS ROG Monitor 27,12,Displays,Monitors,2,25000,0,18000,Cash,Roberto Lopez,,Nice war trial project and.
OFF-20220416-VMEK-1399,2022-04-16,Anton,EMP-001,Logitech MX Master 3,11,Accessories,Mice,1,8500,0,5000,Credit Card,Jessica Gutierrez,,
OFF-20250521-S70U-1400,2025-05-21,Anton,EMP-001,Samsung 980 PRO 1TB,9,Components,Storage,3,8000,500,5500,Credit Card,Gregory Mitchell,,
OFF-20241021-ZDDT-1401,2024-10-21,John Smith,EMP-003,RTX 4070 Ti,1,Components,GPU,2,75000,0,60000,Credit Card,Dana Hall,001-236-822-9398x34468,Positive cost song talk body writer.
OFF-20260324-RC6I-1402,2026-03-24,Anton,EMP-001,RTX 4070 Ti,14,Components,GPU,1,75000,0,60000,Cash,Brooke Ross,,
OFF-20220830-XXJP-1403,2022-08-30,John Smith,EMP-003,NZXT H510 Case,8,Components,Cases,2,7000,500,4500,Credit Card,Mark Skinner,,
OFF-20260310-QU0Z-1404,2026-03-10,John Smith,EMP-003,Corsair 32GB RAM,8,Components,RAM,3,9000,0,6000,Debit Card,Joseph Park,,
OFF-20260217-TR23-1405,2026-02-17,John Smith,EMP-003,Logitech MX Master 3,5,Accessories,Mice,1,8500,1000,5000,Cash,Aimee Murray,,
OFF-20240312-4ZYY-1406,2024-03-12,Jane Doe,EMP-002,Razer BlackWidow,15,Accessories,Keyboards,1,12000,0,8000,Debit Card,Jennifer Miller,,
OFF-20231227-6G4R-1407,2023-12-27,John Smith,EMP-003,Intel Core i7 13700K,9,Components,CPU,2,35000,0,28000,Debit Card,Walk-in,001-390-686-6618x03140,
OFF-20250510-4HQC-1408,2025-05-10,John Smith,EMP-003,Razer BlackWidow,14,Accessories,Keyboards,1,12000,1500,8000,UPI,Walk-in,,Subject poor television.
OFF-20240610-DKNF-1409,2024-06-10,John Smith,EMP-003,Intel Core i7 13700K,14,Components,CPU,2,35000,500,28000,Cash,Philip Robinson,,
OFF-20220722-QK35-1410,2022-07-22,John Smith,EMP-003,Logitech WebCam C920,20,Accessories,Webcams,1,6000,500,3500,Debit Card,Paul Joyce,,
OFF-20221205-LZA9-1411,2022-12-05,Anton,EMP-001,Gaming PC Build,4,Desktops,Gaming PC,2,85000,500,65000,Credit Card,Chloe Davis,+1-578-350-2889x01002,
OFF-20240909-TEUM-1412,2024-09-09,Anton,EMP-001,Corsair 32GB RAM,3,Components,RAM,3,9000,1000,6000,Cash,David Gonzalez,5426377193,
OFF-20250903-EPSR-1413,2025-09-03,Jane Doe,EMP-002,Logitech MX Master 3,1,Accessories,Mice,1,8500,500,5000,Debit Card,Ryan Gomez,,
OFF-20230824-7IIW-1414,2023-08-24,Anton,EMP-001,Corsair 32GB RAM,15,Components,RAM,3,9000,1500,6000,Credit Card,Walk-in,,
OFF-20220428-6P2C-1415,2022-04-28,John Smith,EMP-003,Samsung 980 PRO 1TB,9,Components,Storage,1,8000,0,5500,Debit Card,Matthew Mckee,,Or more yourself should.
OFF-20230814-5DCD-1416,2023-08-14,John Smith,EMP-003,Intel Core i7 13700K,11,Components,CPU,2,35000,0,28000,Cash,Melinda Gibson,350.467.5549,
OFF-20251111-DAN5-1417,2025-11-11,Jane Doe,EMP-002,ASUS ROG Monitor 27,6,Displays,Monitors,2,25000,0,18000,UPI,Jasmine Gross,,
OFF-20240128-SEMK-1418,2024-01-28,John Smith,EMP-003,Logitech WebCam C920,17,Accessories,Webcams,2,6000,1500,3500,Debit Card,Walk-in,,Campaign book arrive choice.
OFF-20240509-C1VT-1419,2024-05-09,Anton,EMP-001,Razer BlackWidow,6,Accessories,Keyboards,1,12000,0,8000,Credit Card,Walk-in,584.829.3916,
OFF-20240505-78C4-1420,2024-05-05,Jane Doe,EMP-002,Samsung 980 PRO 1TB,19,Components,Storage,2,8000,0,5500,UPI,Joy Rios,,
OFF-20240503-B9HJ-1421,2024-05-03,John Smith,EMP-003,NZXT H510 Case,5,Components,Cases,1,7000,0,4500,Cash,Walk-in,+1-978-298-8939,
OFF-20210513-X68K-1422,2021-05-13,Anton,EMP-001,Logitech WebCam C920,8,Accessories,Webcams,1,6000,0,3500,Cash,Leslie Stewart,4192269973,Nor record catch west scientist affect.
OFF-20220428-1T1Z-1423,2022-04-28,Anton,EMP-001,Gaming PC Build,12,Desktops,Gaming PC,2,85000,0,65000,Debit Card,Terri Olson,,Meet imagine fight than realize person suffer.
OFF-20230929-MJLE-1424,2023-09-29,Anton,EMP-001,Razer BlackWidow,15,Accessories,Keyboards,1,12000,1500,8000,Debit Card,Walk-in,(227)479-0438x254,Coach over stop though really think training.
OFF-20230805-KFXT-1425,2023-08-05,Jane Doe,EMP-002,Intel Core i7 13700K,9,Components,CPU,1,35000,0,28000,Credit Card,James Kane,,
OFF-20250306-2VNQ-1426,2025-03-06,Anton,EMP-001,RTX 4070 Ti,15,Components,GPU,2,75000,500,60000,Debit Card,Brian Diaz,,Necessary third house.
OFF-20240129-6MKC-1427,2024-01-29,John Smith,EMP-003,Gaming PC Build,2,Desktops,Gaming PC,3,85000,1000,65000,Debit Card,Walk-in,001-987-389-1310x3126,So under fine although among.
OFF-20211020-KQNX-1428,2021-10-20,John Smith,EMP-003,Samsung 980 PRO 1TB,6,Components,Storage,2,8000,0,5500,Cash,Walk-in,5217925627,
OFF-20251026-9D04-1429,2025-10-26,Jane Doe,EMP-002,Samsung 980 PRO 1TB,14,Components,Storage,2,8000,1500,5500,Cash,Cheryl Roberts,001-313-991-8810,
OFF-20211005-JN3D-1430,2021-10-05,John Smith,EMP-003,Corsair 32GB RAM,5,Components,RAM,2,9000,0,6000,UPI,Benjamin Acosta,001-492-943-8997x794,
OFF-20251207-74E0-1431,2025-12-07,Jane Doe,EMP-002,Logitech WebCam C920,1,Accessories,Webcams,1,6000,1500,3500,Debit Card,Craig Rodriguez,,Many which seek interview.
OFF-20240710-BGE0-1432,2024-07-10,Jane Doe,EMP-002,NZXT H510 Case,3,Components,Cases,3,7000,1000,4500,Credit Card,Jeffrey Bowers,+1-740-573-1291x7560,
OFF-20210922-RH0O-1433,2021-09-22,Jane Doe,EMP-002,Samsung 980 PRO 1TB,19,Components,Storage,2,8000,0,5500,Credit Card,Crystal Wade,,
OFF-20260323-07O9-1434,2026-03-23,Jane Doe,EMP-002,RTX 4070 Ti,17,Components,GPU,1,75000,0,60000,Debit Card,Courtney Pratt,,
OFF-20210511-S8DT-1435,2021-05-11,Jane Doe,EMP-002,Intel Core i7 13700K,8,Components,CPU,1,35000,0,28000,Credit Card,Brian Owens,,
OFF-20210726-8FMZ-1436,2021-07-26,Jane Doe,EMP-002,RTX 4070 Ti,20,Components,GPU,3,75000,0,60000,Cash,James Fuentes,,
OFF-20230918-PCNT-1437,2023-09-18,John Smith,EMP-003,ASUS ROG Monitor 27,17,Displays,Monitors,1,25000,0,18000,Cash,Aaron Harris,001-403-559-2329,
OFF-20251010-J7JF-1438,2025-10-10,John Smith,EMP-003,RTX 4070 Ti,12,Components,GPU,3,75000,0,60000,Credit Card,Joel Giles,456.509.9073,
OFF-20240801-JLPH-1439,2024-08-01,Jane Doe,EMP-002,Razer BlackWidow,5,Accessories,Keyboards,3,12000,0,8000,UPI,Matthew Wilson,+1-966-679-1169x6520,
OFF-20230912-1AQF-1440,2023-09-12,Jane Doe,EMP-002,Corsair 32GB RAM,5,Components,RAM,1,9000,0,6000,UPI,Walk-in,,
OFF-20250423-CUTG-1441,2025-04-23,Jane Doe,EMP-002,Intel Core i7 13700K,16,Components,CPU,3,35000,0,28000,UPI,Walk-in,+1-230-592-7386x78940,
OFF-20230718-CLWR-1442,2023-07-18,Anton,EMP-001,Intel Core i7 13700K,12,Components,CPU,1,35000,500,28000,Debit Card,Amy Weber,,Listen region research stand.
OFF-20250720-XDMB-1443,2025-07-20,Jane Doe,EMP-002,Intel Core i7 13700K,7,Components,CPU,2,35000,1500,28000,Debit Card,Shannon Fowler,,Skill should loss born organization wear.
OFF-20230620-OKBQ-1444,2023-06-20,Anton,EMP-001,Gaming PC Build,15,Desktops,Gaming PC,3,85000,0,65000,UPI,Billy Rosales,2856538374,
OFF-20210904-PTSQ-1445,2021-09-04,Jane Doe,EMP-002,Razer BlackWidow,12,Accessories,Keyboards,1,12000,1500,8000,Credit Card,Heather Jacobson,,
OFF-20251228-GGG9-1446,2025-12-28,John Smith,EMP-003,Intel Core i7 13700K,5,Components,CPU,1,35000,500,28000,Cash,Shirley Joyce,,
OFF-20220225-ZHQG-1447,2022-02-25,John Smith,EMP-003,Samsung 980 PRO 1TB,9,Components,Storage,2,8000,1000,5500,Cash,Jacob Frederick,+1-544-809-6766x24227,
OFF-20230624-2JII-1448,2023-06-24,Anton,EMP-001,Samsung 980 PRO 1TB,19,Components,Storage,3,8000,0,5500,Cash,Walk-in,,
OFF-20220404-6783-1449,2022-04-04,Anton,EMP-001,ASUS ROG Monitor 27,15,Displays,Monitors,2,25000,1000,18000,UPI,Brett Allen,6369136359,
OFF-20240124-96OW-1450,2024-01-24,John Smith,EMP-003,Razer BlackWidow,20,Accessories,Keyboards,2,12000,500,8000,Cash,Sean Walter,372-753-8811,
OFF-20211116-5AC2-1451,2021-11-16,Jane Doe,EMP-002,RTX 4070 Ti,2,Components,GPU,2,75000,0,60000,Credit Card,Bobby Harrison,001-626-617-3483x72306,
OFF-20240621-01GB-1452,2024-06-21,Anton,EMP-001,Samsung 980 PRO 1TB,12,Components,Storage,3,8000,0,5500,UPI,Charles Watson,522.447.8972,
OFF-20221227-JLBA-1453,2022-12-27,Anton,EMP-001,Logitech WebCam C920,2,Accessories,Webcams,3,6000,500,3500,Debit Card,Dr. Lisa Fernandez MD,,
OFF-20230530-2YDV-1454,2023-05-30,John Smith,EMP-003,Corsair 32GB RAM,2,Components,RAM,2,9000,1500,6000,Cash,Angie Pittman,887-571-6730,
OFF-20210927-49EH-1455,2021-09-27,Jane Doe,EMP-002,Corsair 32GB RAM,17,Components,RAM,2,9000,0,6000,UPI,Lawrence Raymond,001-621-924-7510x507,
OFF-20211103-ZJW0-1456,2021-11-03,John Smith,EMP-003,Gaming PC Build,6,Desktops,Gaming PC,2,85000,0,65000,Cash,Walk-in,286-520-1796x89226,
OFF-20230114-TSFC-1457,2023-01-14,Jane Doe,EMP-002,Gaming PC Build,20,Desktops,Gaming PC,3,85000,1500,65000,UPI,Walk-in,,
OFF-20250208-555F-1458,2025-02-08,John Smith,EMP-003,ASUS ROG Monitor 27,9,Displays,Monitors,3,25000,0,18000,Cash,Walk-in,,
OFF-20230422-2QQA-1459,2023-04-22,Jane Doe,EMP-002,RTX 4070 Ti,19,Components,GPU,3,75000,1500,60000,UPI,Beth Murphy,,Director member happy a apply.
OFF-20251204-PBE7-1460,2025-12-04,John Smith,EMP-003,Razer BlackWidow,6,Accessories,Keyboards,3,12000,1000,8000,Cash,Walk-in,,
OFF-20251211-2JV5-1461,2025-12-11,Anton,EMP-001,Corsair 32GB RAM,11,Components,RAM,1,9000,0,6000,Cash,Walk-in,,Glass soon effect require rock another friend.
OFF-20240327-IYMW-1462,2024-03-27,Jane Doe,EMP-002,Logitech MX Master 3,19,Accessories,Mice,1,8500,500,5000,Debit Card,Anne Parks,(626)890-7827x440,
OFF-20250821-54WE-1463,2025-08-21,John Smith,EMP-003,Intel Core i7 13700K,8,Components,CPU,2,35000,0,28000,UPI,Kyle Floyd,,
OFF-20251123-PX1O-1464,2025-11-23,Anton,EMP-001,Intel Core i7 13700K,1,Components,CPU,2,35000,0,28000,Debit Card,Maria Powell,937-876-8375x7350,
OFF-20211010-9AJ7-1465,2021-10-10,Jane Doe,EMP-002,RTX 4070 Ti,7,Components,GPU,2,75000,0,60000,UPI,Kevin Briggs,,
OFF-20250409-XEK4-1466,2025-04-09,John Smith,EMP-003,Gaming PC Build,11,Desktops,Gaming PC,1,85000,1000,65000,Credit Card,James Thompson,,
OFF-20250605-U33X-1467,2025-06-05,John Smith,EMP-003,Razer BlackWidow,8,Accessories,Keyboards,3,12000,1000,8000,Debit Card,Nicole Jones,,People black wear middle home if building.
OFF-20220810-JRJC-1468,2022-08-10,Jane Doe,EMP-002,Logitech WebCam C920,11,Accessories,Webcams,3,6000,500,3500,Cash,Walk-in,,
OFF-20220407-V7D2-1469,2022-04-07,John Smith,EMP-003,Logitech MX Master 3,16,Accessories,Mice,3,8500,0,5000,Credit Card,Eduardo Hogan,,
OFF-20230911-UB1K-1470,2023-09-11,Jane Doe,EMP-002,Logitech MX Master 3,10,Accessories,Mice,2,8500,0,5000,Credit Card,Timothy Pacheco,,
OFF-20241121-TRD7-1471,2024-11-21,Jane Doe,EMP-002,Intel Core i7 13700K,17,Components,CPU,3,35000,0,28000,Credit Card,Caleb Hernandez,001-300-549-7864x82515,
OFF-20240223-WW4H-1472,2024-02-23,John Smith,EMP-003,NZXT H510 Case,20,Components,Cases,2,7000,0,4500,Credit Card,Walk-in,945-233-0015x3645,
OFF-20210807-RXDV-1473,2021-08-07,John Smith,EMP-003,Razer BlackWidow,18,Accessories,Keyboards,3,12000,1000,8000,Debit Card,Sherry Baldwin,,
OFF-20221012-4LKL-1474,2022-10-12,Jane Doe,EMP-002,Logitech WebCam C920,19,Accessories,Webcams,3,6000,0,3500,Cash,Daniel Bullock,+1-842-981-4360x9708,Also simple huge.
OFF-20241017-YI1L-1475,2024-10-17,John Smith,EMP-003,RTX 4070 Ti,18,Components,GPU,3,75000,1000,60000,Credit Card,Madison Crane,574.498.4846,
OFF-20211111-S0TY-1476,2021-11-11,Jane Doe,EMP-002,Intel Core i7 13700K,1,Components,CPU,1,35000,1500,28000,Cash,Tiffany Roman,(792)712-3018,Require world understand process many player charge.
OFF-20231205-Q57D-1477,2023-12-05,John Smith,EMP-003,Logitech MX Master 3,15,Accessories,Mice,1,8500,0,5000,Cash,Logan Odonnell,,
OFF-20220816-E6OE-1478,2022-08-16,Anton,EMP-001,Logitech MX Master 3,10,Accessories,Mice,1,8500,0,5000,Debit Card,Ryan Bell,+1-714-386-6008x23147,
OFF-20211112-XMM2-1479,2021-11-12,John Smith,EMP-003,Razer BlackWidow,17,Accessories,Keyboards,3,12000,0,8000,Cash,Jennifer Ford,2979680174,
OFF-20250211-94M2-1480,2025-02-11,John Smith,EMP-003,Gaming PC Build,4,Desktops,Gaming PC,2,85000,0,65000,Debit Card,Anthony Torres,621.938.3520x195,
OFF-20220428-VN5E-1481,2022-04-28,Jane Doe,EMP-002,Corsair 32GB RAM,11,Components,RAM,1,9000,1000,6000,Cash,Amber Zuniga,+1-755-646-0418,
OFF-20220922-1NOM-1482,2022-09-22,Jane Doe,EMP-002,Corsair 32GB RAM,10,Components,RAM,1,9000,1500,6000,Cash,Timothy Manning,,
OFF-20240105-P4TM-1483,2024-01-05,Anton,EMP-001,Intel Core i7 13700K,18,Components,CPU,1,35000,0,28000,Cash,Joshua Gillespie,2449051099,
OFF-20220829-120N-1484,2022-08-29,Anton,EMP-001,Gaming PC Build,18,Desktops,Gaming PC,2,85000,0,65000,UPI,Walk-in,,
OFF-20240402-3F6F-1485,2024-04-02,John Smith,EMP-003,Gaming PC Build,12,Desktops,Gaming PC,3,85000,500,65000,Debit Card,Michael Nguyen,,Behavior at central cost down.
OFF-20250610-GEAQ-1486,2025-06-10,John Smith,EMP-003,RTX 4070 Ti,4,Components,GPU,3,75000,1500,60000,UPI,Kathryn Howell,+1-586-689-6384x104,
OFF-20250915-0D8N-1487,2025-09-15,John Smith,EMP-003,NZXT H510 Case,15,Components,Cases,2,7000,0,4500,Credit Card,Vanessa White,,
OFF-20210608-N79O-1488,2021-06-08,Anton,EMP-001,NZXT H510 Case,16,Components,Cases,1,7000,0,4500,Debit Card,Brandon Nelson,(685)689-4037,
OFF-20240708-2MBR-1489,2024-07-08,John Smith,EMP-003,Samsung 980 PRO 1TB,11,Components,Storage,1,8000,0,5500,Debit Card,Lisa Mora,,Voice eye will race.
OFF-20210829-GRT4-1490,2021-08-29,John Smith,EMP-003,RTX 4070 Ti,18,Components,GPU,1,75000,0,60000,Cash,Sara Gill,446.824.2811x7109,
OFF-20231126-W2J2-1491,2023-11-26,John Smith,EMP-003,Razer BlackWidow,20,Accessories,Keyboards,1,12000,500,8000,UPI,Kathleen Brock,,
OFF-20240825-80WP-1492,2024-08-25,Jane Doe,EMP-002,Logitech WebCam C920,16,Accessories,Webcams,2,6000,0,3500,UPI,Todd Davis,650-570-8394,Gas event national live approach.
OFF-20211206-HF0B-1493,2021-12-06,Anton,EMP-001,Samsung 980 PRO 1TB,2,Components,Storage,1,8000,1000,5500,Debit Card,Carolyn Williams,,
OFF-20231107-2PEE-1494,2023-11-07,John Smith,EMP-003,Corsair 32GB RAM,2,Components,RAM,2,9000,0,6000,Cash,John Gonzalez,,Democrat product act improve.
OFF-20241029-IQ02-1495,2024-10-29,John Smith,EMP-003,ASUS ROG Monitor 27,9,Displays,Monitors,1,25000,0,18000,Credit Card,Mario Carter,,
OFF-20250520-YXTW-1496,2025-05-20,Anton,EMP-001,Gaming PC Build,16,Desktops,Gaming PC,1,85000,500,65000,Debit Card,Amanda Duran,,
OFF-20231122-EEIY-1497,2023-11-22,Anton,EMP-001,Intel Core i7 13700K,15,Components,CPU,3,35000,500,28000,Cash,Veronica Fernandez,,
OFF-20220822-0ZG3-1498,2022-08-22,John Smith,EMP-003,Logitech WebCam C920,14,Accessories,Webcams,2,6000,0,3500,UPI,James Lloyd,,
OFF-20240521-YTRN-1499,2024-05-21,John Smith,EMP-003,ASUS ROG Monitor 27,2,Displays,Monitors,2,25000,1000,18000,UPI,Veronica Mccormick,,
OFF-20250419-HK7X-1500,2025-04-19,Anton,EMP-001,Razer BlackWidow,15,Accessories,Keyboards,2,12000,1500,8000,Debit Card,Tony Wood,813.632.9762,
OFF-20210721-F1DR-1501,2021-07-21,Jane Doe,EMP-002,Logitech MX Master 3,2,Accessories,Mice,1,8500,1500,5000,UPI,Nicholas Phillips,,
OFF-20220622-XZGM-1502,2022-06-22,John Smith,EMP-003,NZXT H510 Case,13,Components,Cases,2,7000,500,4500,Credit Card,Walk-in,,
OFF-20251108-6WKV-1503,2025-11-08,Anton,EMP-001,Gaming PC Build,18,Desktops,Gaming PC,3,85000,500,65000,Debit Card,Lindsay Brown,983.377.2180x74284,
OFF-20211123-728H-1504,2021-11-23,Jane Doe,EMP-002,NZXT H510 Case,20,Components,Cases,1,7000,0,4500,Cash,Jeffrey Blevins,+1-616-854-8511x1569,Popular know wind enjoy memory season.
OFF-20220827-OMSY-1505,2022-08-27,Jane Doe,EMP-002,Corsair 32GB RAM,3,Components,RAM,2,9000,500,6000,Cash,Katie Dickerson,,
OFF-20240518-FEM7-1506,2024-05-18,John Smith,EMP-003,RTX 4070 Ti,13,Components,GPU,1,75000,500,60000,Debit Card,Jessica Fuentes,,
OFF-20250726-9ZK3-1507,2025-07-26,Anton,EMP-001,Corsair 32GB RAM,15,Components,RAM,1,9000,1500,6000,Debit Card,Erin Gregory,,Eat believe seat memory.
OFF-20220730-IRM0-1508,2022-07-30,John Smith,EMP-003,RTX 4070 Ti,12,Components,GPU,2,75000,0,60000,UPI,Jessica Livingston,,
OFF-20230212-T1F4-1509,2023-02-12,Anton,EMP-001,Logitech MX Master 3,14,Accessories,Mice,1,8500,500,5000,Cash,Christina Blankenship,277-878-8593x77569,
OFF-20210429-0XY5-1510,2021-04-29,Anton,EMP-001,Razer BlackWidow,7,Accessories,Keyboards,2,12000,0,8000,Cash,Meghan Williams,355.468.6341,Stay increase sense song economic.
OFF-20230123-V3ZT-1511,2023-01-23,Anton,EMP-001,Samsung 980 PRO 1TB,11,Components,Storage,1,8000,0,5500,Cash,Walk-in,+1-615-472-9699x07998,
OFF-20260305-Q0PE-1512,2026-03-05,Anton,EMP-001,Corsair 32GB RAM,7,Components,RAM,2,9000,0,6000,Debit Card,Christina Logan,,
OFF-20240515-PPB0-1513,2024-05-15,Anton,EMP-001,Gaming PC Build,17,Desktops,Gaming PC,1,85000,0,65000,Debit Card,Anna Mccoy,,
OFF-20210623-VD6Q-1514,2021-06-23,John Smith,EMP-003,NZXT H510 Case,5,Components,Cases,3,7000,0,4500,Cash,Abigail Nguyen,,
OFF-20241117-JNJ4-1515,2024-11-17,John Smith,EMP-003,RTX 4070 Ti,1,Components,GPU,2,75000,1000,60000,UPI,Ashley Arnold,,
OFF-20230205-7OJ2-1516,2023-02-05,Jane Doe,EMP-002,Razer BlackWidow,20,Accessories,Keyboards,2,12000,0,8000,Cash,Beth Bates,(293)256-4544x71303,
OFF-20210822-NB9E-1517,2021-08-22,Jane Doe,EMP-002,RTX 4070 Ti,11,Components,GPU,1,75000,1000,60000,Credit Card,Christopher Martin,,
OFF-20230702-O7AE-1518,2023-07-02,Jane Doe,EMP-002,Logitech MX Master 3,8,Accessories,Mice,2,8500,0,5000,Credit Card,Sandra Mercer,,
OFF-20221102-KLXT-1519,2022-11-02,John Smith,EMP-003,Intel Core i7 13700K,6,Components,CPU,1,35000,0,28000,UPI,Walk-in,,
OFF-20240122-HYR3-1520,2024-01-22,John Smith,EMP-003,Samsung 980 PRO 1TB,14,Components,Storage,3,8000,1500,5500,Debit Card,Walk-in,,
OFF-20220715-VQAR-1521,2022-07-15,Jane Doe,EMP-002,Samsung 980 PRO 1TB,6,Components,Storage,1,8000,0,5500,Debit Card,Walk-in,581.331.2767,
OFF-20240827-D39K-1522,2024-08-27,John Smith,EMP-003,Razer BlackWidow,17,Accessories,Keyboards,1,12000,0,8000,Credit Card,Alan Ali,,
OFF-20240202-P6VH-1523,2024-02-02,John Smith,EMP-003,Logitech MX Master 3,14,Accessories,Mice,3,8500,0,5000,Credit Card,Richard Taylor,,
OFF-20250416-KNLV-1524,2025-04-16,Jane Doe,EMP-002,NZXT H510 Case,17,Components,Cases,3,7000,0,4500,UPI,Kelly Gonzalez,,
OFF-20210811-I4FN-1525,2021-08-11,John Smith,EMP-003,Gaming PC Build,10,Desktops,Gaming PC,3,85000,0,65000,Cash,Lydia Hayes,001-314-892-3210x54627,
OFF-20250324-TY8J-1526,2025-03-24,John Smith,EMP-003,Logitech MX Master 3,18,Accessories,Mice,2,8500,1000,5000,UPI,Walk-in,,
OFF-20260317-MSJN-1527,2026-03-17,Anton,EMP-001,RTX 4070 Ti,3,Components,GPU,1,75000,1000,60000,Debit Card,Bryan Rodriguez,,
OFF-20260322-3WGE-1528,2026-03-22,Jane Doe,EMP-002,Gaming PC Build,17,Desktops,Gaming PC,3,85000,1500,65000,Credit Card,Tina Clarke,(292)452-2187,Have about per professional grow perhaps plan individual.
OFF-20220215-6C3D-1529,2022-02-15,John Smith,EMP-003,Corsair 32GB RAM,2,Components,RAM,2,9000,1000,6000,UPI,Lance Garcia,(247)912-7354,
OFF-20210903-3QIG-1530,2021-09-03,John Smith,EMP-003,Logitech MX Master 3,6,Accessories,Mice,2,8500,500,5000,Credit Card,Walk-in,988.502.5918,
OFF-20241229-N5Q1-1531,2024-12-29,John Smith,EMP-003,Intel Core i7 13700K,16,Components,CPU,3,35000,500,28000,UPI,Walk-in,2389042947,Wish future bank soldier point surface.
OFF-20240617-O1H3-1532,2024-06-17,Anton,EMP-001,Razer BlackWidow,9,Accessories,Keyboards,3,12000,0,8000,Cash,Christine Hoffman,4364544585,
OFF-20250913-55NC-1533,2025-09-13,Anton,EMP-001,NZXT H510 Case,16,Components,Cases,2,7000,1500,4500,Credit Card,Amanda Little,,
OFF-20250224-WRE3-1534,2025-02-24,John Smith,EMP-003,NZXT H510 Case,13,Components,Cases,1,7000,500,4500,Cash,Walk-in,,Water yeah run push process write child.
OFF-20240322-PSSY-1535,2024-03-22,John Smith,EMP-003,Intel Core i7 13700K,3,Components,CPU,2,35000,0,28000,Debit Card,Leslie Hudson,,
OFF-20220824-DW3C-1536,2022-08-24,Jane Doe,EMP-002,Logitech MX Master 3,14,Accessories,Mice,2,8500,0,5000,UPI,Anthony Rocha,,
OFF-20250805-MZ7Y-1537,2025-08-05,John Smith,EMP-003,Logitech MX Master 3,6,Accessories,Mice,3,8500,1000,5000,Debit Card,Walk-in,3918033776,
OFF-20220106-2QI1-1538,2022-01-06,Anton,EMP-001,Razer BlackWidow,19,Accessories,Keyboards,3,12000,1500,8000,Credit Card,Walk-in,,Suggest able lose just tree simple expert who.
OFF-20231117-4E3T-1539,2023-11-17,Anton,EMP-001,Logitech WebCam C920,17,Accessories,Webcams,2,6000,0,3500,Credit Card,Walk-in,,
OFF-20230331-HX8D-1540,2023-03-31,Jane Doe,EMP-002,Samsung 980 PRO 1TB,19,Components,Storage,2,8000,1000,5500,UPI,Julie Carroll,,
OFF-20220402-U6OS-1541,2022-04-02,Anton,EMP-001,ASUS ROG Monitor 27,11,Displays,Monitors,2,25000,1000,18000,Cash,David Morse,,
OFF-20230325-SDJ7-1542,2023-03-25,Jane Doe,EMP-002,Gaming PC Build,9,Desktops,Gaming PC,2,85000,500,65000,Credit Card,Walk-in,+1-362-266-8722x36637,
OFF-20210613-YUKA-1543,2021-06-13,John Smith,EMP-003,Samsung 980 PRO 1TB,15,Components,Storage,2,8000,0,5500,Credit Card,Walk-in,,
OFF-20250206-5QQJ-1544,2025-02-06,Anton,EMP-001,Samsung 980 PRO 1TB,1,Components,Storage,1,8000,1000,5500,Credit Card,Walk-in,,
OFF-20250415-VUPZ-1545,2025-04-15,Jane Doe,EMP-002,Corsair 32GB RAM,13,Components,RAM,3,9000,1000,6000,UPI,Walk-in,+1-893-671-0025x62178,
OFF-20240809-5R5A-1546,2024-08-09,Jane Doe,EMP-002,Logitech MX Master 3,13,Accessories,Mice,3,8500,0,5000,Credit Card,Jeffrey Thomas,,
OFF-20230901-CWKP-1547,2023-09-01,Anton,EMP-001,Logitech MX Master 3,18,Accessories,Mice,3,8500,0,5000,Credit Card,Kristin Jones,,
OFF-20210925-RNT7-1548,2021-09-25,John Smith,EMP-003,Logitech MX Master 3,10,Accessories,Mice,3,8500,500,5000,Debit Card,Richard Smith,,
OFF-20241019-C5UO-1549,2024-10-19,Jane Doe,EMP-002,Razer BlackWidow,18,Accessories,Keyboards,2,12000,1000,8000,Credit Card,Carla Vasquez,,
OFF-20240110-KGAY-1550,2024-01-10,John Smith,EMP-003,Razer BlackWidow,2,Accessories,Keyboards,1,12000,1000,8000,Cash,Walk-in,001-742-879-6547x05150,
OFF-20230731-X2AQ-1551,2023-07-31,John Smith,EMP-003,Intel Core i7 13700K,17,Components,CPU,3,35000,1500,28000,Cash,Walk-in,,
OFF-20220427-G4P7-1552,2022-04-27,Jane Doe,EMP-002,Gaming PC Build,18,Desktops,Gaming PC,1,85000,1000,65000,UPI,Garrett Cole,,
OFF-20210512-EZ6N-1553,2021-05-12,John Smith,EMP-003,Corsair 32GB RAM,11,Components,RAM,2,9000,500,6000,Debit Card,John Bentley,417.785.3157x1148,
OFF-20231227-8L7W-1554,2023-12-27,Jane Doe,EMP-002,Gaming PC Build,6,Desktops,Gaming PC,1,85000,0,65000,Credit Card,Samuel Frazier DDS,,
OFF-20230603-6AD0-1555,2023-06-03,John Smith,EMP-003,Logitech MX Master 3,5,Accessories,Mice,1,8500,1000,5000,Cash,Jennifer Robinson,563.611.6532,
OFF-20221026-F97A-1556,2022-10-26,Jane Doe,EMP-002,RTX 4070 Ti,15,Components,GPU,1,75000,0,60000,Cash,Robert Warner,579.582.5463x73571,
OFF-20210607-UUAT-1557,2021-06-07,Anton,EMP-001,Intel Core i7 13700K,1,Components,CPU,2,35000,0,28000,Debit Card,Kristopher Lynch,,
OFF-20220304-40L7-1558,2022-03-04,Jane Doe,EMP-002,NZXT H510 Case,13,Components,Cases,1,7000,500,4500,UPI,Nancy Davidson,+1-630-446-3150x2806,
OFF-20250715-6R0Q-1559,2025-07-15,Anton,EMP-001,Corsair 32GB RAM,2,Components,RAM,2,9000,1000,6000,Credit Card,Stephanie Cox,366-271-7184,System wonder several poor.
OFF-20220411-6TY1-1560,2022-04-11,Jane Doe,EMP-002,Logitech WebCam C920,17,Accessories,Webcams,1,6000,0,3500,Debit Card,Rebecca Powers,,
OFF-20230328-P7OP-1561,2023-03-28,Jane Doe,EMP-002,RTX 4070 Ti,12,Components,GPU,3,75000,1500,60000,Credit Card,Cody Gutierrez,438-868-7534,
OFF-20230226-A7EU-1562,2023-02-26,John Smith,EMP-003,Samsung 980 PRO 1TB,13,Components,Storage,3,8000,0,5500,UPI,Walk-in,,
OFF-20231101-VRU2-1563,2023-11-01,Anton,EMP-001,Gaming PC Build,19,Desktops,Gaming PC,1,85000,1500,65000,Debit Card,Walk-in,,
OFF-20220215-Y9E0-1564,2022-02-15,Anton,EMP-001,Razer BlackWidow,19,Accessories,Keyboards,2,12000,0,8000,Credit Card,Michael Johnson,,
OFF-20221007-M5D0-1565,2022-10-07,Jane Doe,EMP-002,Intel Core i7 13700K,8,Components,CPU,3,35000,1000,28000,Debit Card,Walk-in,(210)290-7531x893,
OFF-20231213-ECOE-1566,2023-12-13,Jane Doe,EMP-002,Gaming PC Build,3,Desktops,Gaming PC,2,85000,500,65000,Credit Card,Kayla King,,
OFF-20230507-2WXL-1567,2023-05-07,Anton,EMP-001,Logitech MX Master 3,13,Accessories,Mice,2,8500,1500,5000,Cash,Jason Mays,248.965.7319x0234,
OFF-20210610-6ZDZ-1568,2021-06-10,Anton,EMP-001,Logitech WebCam C920,10,Accessories,Webcams,3,6000,1000,3500,Cash,Chloe Taylor,,
OFF-20240120-8Z08-1569,2024-01-20,Jane Doe,EMP-002,Samsung 980 PRO 1TB,10,Components,Storage,3,8000,0,5500,Debit Card,Heidi Prince,,
OFF-20210611-8XII-1570,2021-06-11,Anton,EMP-001,RTX 4070 Ti,14,Components,GPU,3,75000,500,60000,Cash,Walk-in,314-276-6291,
OFF-20220625-3VO8-1571,2022-06-25,Jane Doe,EMP-002,ASUS ROG Monitor 27,2,Displays,Monitors,3,25000,0,18000,Cash,Jonathan Hammond,,Hope pretty sound today.
OFF-20231023-AZYD-1572,2023-10-23,Anton,EMP-001,Gaming PC Build,4,Desktops,Gaming PC,3,85000,0,65000,Debit Card,Troy Meadows,607.434.8612x3317,
OFF-20251206-JMQR-1573,2025-12-06,Jane Doe,EMP-002,Razer BlackWidow,7,Accessories,Keyboards,2,12000,1500,8000,UPI,Nathan Anderson,+1-420-251-2395x039,
OFF-20230827-ALCC-1574,2023-08-27,John Smith,EMP-003,Gaming PC Build,4,Desktops,Gaming PC,3,85000,500,65000,UPI,William Wilson,,
OFF-20210504-VHYM-1575,2021-05-04,Jane Doe,EMP-002,NZXT H510 Case,14,Components,Cases,1,7000,1500,4500,UPI,Patrick Barnett,(891)574-2262x221,
OFF-20260213-LKC6-1576,2026-02-13,Anton,EMP-001,RTX 4070 Ti,8,Components,GPU,2,75000,1000,60000,Debit Card,Walk-in,,
OFF-20221009-9YRH-1577,2022-10-09,Anton,EMP-001,Logitech WebCam C920,2,Accessories,Webcams,1,6000,0,3500,UPI,Walk-in,,
OFF-20231119-5IWW-1578,2023-11-19,Jane Doe,EMP-002,Intel Core i7 13700K,1,Components,CPU,2,35000,0,28000,Debit Card,Stephanie Wilson,,
OFF-20250426-PQV4-1579,2025-04-26,John Smith,EMP-003,Logitech MX Master 3,16,Accessories,Mice,3,8500,0,5000,UPI,Scott Jones,,
OFF-20230624-NGZ5-1580,2023-06-24,Anton,EMP-001,Razer BlackWidow,8,Accessories,Keyboards,1,12000,0,8000,Debit Card,Brittany Schmidt,,
OFF-20251016-CWI3-1581,2025-10-16,John Smith,EMP-003,Logitech MX Master 3,17,Accessories,Mice,1,8500,0,5000,Cash,Christina Young,635.200.9684x1104,Job cause notice alone order.
OFF-20220618-O1IZ-1582,2022-06-18,Anton,EMP-001,Corsair 32GB RAM,19,Components,RAM,1,9000,0,6000,UPI,Caitlin Jones,+1-639-404-6280,
OFF-20250727-3N5S-1583,2025-07-27,John Smith,EMP-003,Gaming PC Build,15,Desktops,Gaming PC,1,85000,1500,65000,Credit Card,Walk-in,,
OFF-20231102-8SGM-1584,2023-11-02,John Smith,EMP-003,RTX 4070 Ti,12,Components,GPU,3,75000,1000,60000,Credit Card,Steve Lozano,,
OFF-20240301-Y6VL-1585,2024-03-01,Jane Doe,EMP-002,Logitech WebCam C920,3,Accessories,Webcams,3,6000,0,3500,Credit Card,Brittney Rice PhD,472-508-3954x357,
OFF-20260315-JTKN-1586,2026-03-15,Anton,EMP-001,Samsung 980 PRO 1TB,19,Components,Storage,1,8000,0,5500,Debit Card,Bruce Rivera,,
OFF-20240128-214D-1587,2024-01-28,John Smith,EMP-003,Corsair 32GB RAM,10,Components,RAM,3,9000,0,6000,Debit Card,Walk-in,(221)568-4156x531,
OFF-20251028-335R-1588,2025-10-28,John Smith,EMP-003,Gaming PC Build,7,Desktops,Gaming PC,1,85000,0,65000,Debit Card,Walk-in,+1-883-940-8203x6679,
OFF-20221016-WQDT-1589,2022-10-16,Anton,EMP-001,NZXT H510 Case,6,Components,Cases,2,7000,0,4500,UPI,Walk-in,+1-588-941-5698x53081,
OFF-20230605-0J56-1590,2023-06-05,John Smith,EMP-003,NZXT H510 Case,13,Components,Cases,1,7000,500,4500,Cash,Patricia Reilly,,
OFF-20240605-HIUA-1591,2024-06-05,Jane Doe,EMP-002,Samsung 980 PRO 1TB,4,Components,Storage,1,8000,1500,5500,Cash,Brittany Johnson,+1-991-341-9608x265,Coach product miss little serious.
OFF-20240817-42OK-1592,2024-08-17,Anton,EMP-001,ASUS ROG Monitor 27,13,Displays,Monitors,2,25000,0,18000,Debit Card,Walk-in,001-996-573-9594x32414,
OFF-20220826-B5BP-1593,2022-08-26,Anton,EMP-001,Intel Core i7 13700K,2,Components,CPU,1,35000,1500,28000,Debit Card,Vanessa Castro,(345)894-6162x35161,Public small agree hotel.
OFF-20220219-HFTF-1594,2022-02-19,Anton,EMP-001,Corsair 32GB RAM,14,Components,RAM,1,9000,500,6000,UPI,Amy Kennedy,,
OFF-20250404-9Q07-1595,2025-04-04,Jane Doe,EMP-002,Samsung 980 PRO 1TB,18,Components,Storage,2,8000,0,5500,Debit Card,Walk-in,,
OFF-20260311-3BQ7-1596,2026-03-11,Anton,EMP-001,Corsair 32GB RAM,11,Components,RAM,1,9000,500,6000,UPI,Stacy Johnson,524.343.5069x261,
OFF-20250914-4NAE-1597,2025-09-14,Jane Doe,EMP-002,Logitech WebCam C920,5,Accessories,Webcams,3,6000,0,3500,Cash,Walk-in,509-678-3753x83206,
OFF-20220601-3XJ8-1598,2022-06-01,Anton,EMP-001,Samsung 980 PRO 1TB,20,Components,Storage,1,8000,500,5500,UPI,Tracey Williams,7703519124,
OFF-20230330-7ON7-1599,2023-03-30,Jane Doe,EMP-002,Intel Core i7 13700K,8,Components,CPU,3,35000,0,28000,UPI,Walk-in,,
OFF-20230427-DV4W-1600,2023-04-27,John Smith,EMP-003,Logitech WebCam C920,2,Accessories,Webcams,3,6000,500,3500,UPI,John Valentine,(376)869-3228x41792,
OFF-20220901-8X57-1601,2022-09-01,Jane Doe,EMP-002,ASUS ROG Monitor 27,20,Displays,Monitors,2,25000,0,18000,UPI,Ronald Hall,,
OFF-20230820-1BCC-1602,2023-08-20,John Smith,EMP-003,ASUS ROG Monitor 27,4,Displays,Monitors,2,25000,0,18000,Cash,Phillip Yates,001-770-429-7006,
OFF-20230901-2CD9-1603,2023-09-01,Anton,EMP-001,ASUS ROG Monitor 27,20,Displays,Monitors,1,25000,500,18000,Cash,Charles Martinez,,
OFF-20230411-A15K-1604,2023-04-11,John Smith,EMP-003,Corsair 32GB RAM,4,Components,RAM,2,9000,500,6000,Cash,Lynn Stewart,,
OFF-20220722-JLDF-1605,2022-07-22,John Smith,EMP-003,RTX 4070 Ti,8,Components,GPU,3,75000,0,60000,Credit Card,Paul Norris,943-763-2104x60177,Three dog increase growth once.
OFF-20210712-NW1L-1606,2021-07-12,Anton,EMP-001,Gaming PC Build,3,Desktops,Gaming PC,2,85000,0,65000,Cash,Joseph Robles,,
OFF-20250509-UMZI-1607,2025-05-09,John Smith,EMP-003,Logitech WebCam C920,20,Accessories,Webcams,1,6000,1500,3500,Credit Card,Pamela Bryant,207.623.2807x037,
OFF-20221221-TYVY-1608,2022-12-21,Anton,EMP-001,Gaming PC Build,11,Desktops,Gaming PC,3,85000,0,65000,Credit Card,William Chavez,(874)517-1452x9211,
OFF-20250807-D26A-1609,2025-08-07,Anton,EMP-001,NZXT H510 Case,17,Components,Cases,2,7000,1500,4500,Debit Card,Brenda Shelton,818-804-4774x4134,
OFF-20210411-WRU9-1610,2021-04-11,Jane Doe,EMP-002,Gaming PC Build,16,Desktops,Gaming PC,1,85000,0,65000,Credit Card,Walk-in,,
OFF-20230222-IMM1-1611,2023-02-22,Jane Doe,EMP-002,Razer BlackWidow,8,Accessories,Keyboards,1,12000,1500,8000,Credit Card,Rachel Lutz,,
OFF-20220224-SRUX-1612,2022-02-24,Anton,EMP-001,NZXT H510 Case,3,Components,Cases,3,7000,1500,4500,Credit Card,Mr. Anthony Francis,422-256-2884,
OFF-20251212-CS0K-1613,2025-12-12,Jane Doe,EMP-002,Logitech MX Master 3,3,Accessories,Mice,2,8500,500,5000,UPI,Steven Lane,5666003853,
OFF-20240929-B2N3-1614,2024-09-29,John Smith,EMP-003,Intel Core i7 13700K,2,Components,CPU,3,35000,1500,28000,UPI,Aaron Cortez,001-509-963-3735x9712,
OFF-20230820-BVI9-1615,2023-08-20,John Smith,EMP-003,Logitech MX Master 3,13,Accessories,Mice,3,8500,0,5000,Credit Card,Beverly Douglas,,
OFF-20250921-VYTY-1616,2025-09-21,Jane Doe,EMP-002,Intel Core i7 13700K,14,Components,CPU,2,35000,0,28000,Cash,Nancy Mathews,001-382-895-0500x8773,
OFF-20241207-0N9U-1617,2024-12-07,John Smith,EMP-003,ASUS ROG Monitor 27,19,Displays,Monitors,3,25000,1500,18000,Credit Card,Denise Tyler,,Federal serve no.
OFF-20240211-YZE1-1618,2024-02-11,John Smith,EMP-003,Logitech WebCam C920,11,Accessories,Webcams,3,6000,1500,3500,Credit Card,Nicole Ho,,
OFF-20211118-D43I-1619,2021-11-18,Jane Doe,EMP-002,Intel Core i7 13700K,9,Components,CPU,1,35000,1500,28000,UPI,Walk-in,,
OFF-20210617-EU89-1620,2021-06-17,John Smith,EMP-003,Corsair 32GB RAM,10,Components,RAM,2,9000,1500,6000,Cash,Juan Stein,+1-824-569-5355x76764,
OFF-20250721-65E5-1621,2025-07-21,Anton,EMP-001,Corsair 32GB RAM,2,Components,RAM,2,9000,0,6000,UPI,Jennifer Delgado,544.701.2759,
OFF-20241009-XE6L-1622,2024-10-09,Jane Doe,EMP-002,RTX 4070 Ti,5,Components,GPU,1,75000,0,60000,Debit Card,Reginald Reyes,733.845.7099,
OFF-20241225-MZE6-1623,2024-12-25,Anton,EMP-001,Corsair 32GB RAM,1,Components,RAM,1,9000,1000,6000,Credit Card,Mrs. Marcia Martin,+1-345-583-1241x5228,
OFF-20260218-VDYN-1624,2026-02-18,Anton,EMP-001,NZXT H510 Case,4,Components,Cases,2,7000,1000,4500,Credit Card,Walk-in,,Field still able situation project.
OFF-20230828-FMU4-1625,2023-08-28,John Smith,EMP-003,Logitech WebCam C920,3,Accessories,Webcams,1,6000,500,3500,Debit Card,Tricia Clark,938-781-5360x9028,Capital there wrong analysis.
OFF-20250112-U6PB-1626,2025-01-12,John Smith,EMP-003,Razer BlackWidow,1,Accessories,Keyboards,2,12000,0,8000,Credit Card,Louis Gilmore,,
OFF-20220905-3Z4S-1627,2022-09-05,John Smith,EMP-003,Logitech MX Master 3,10,Accessories,Mice,2,8500,0,5000,Debit Card,Jason Jennings,001-495-344-9428,
OFF-20230601-GFHZ-1628,2023-06-01,Anton,EMP-001,Logitech WebCam C920,12,Accessories,Webcams,1,6000,0,3500,Credit Card,Walk-in,001-320-582-5907x1227,
OFF-20251102-L8A7-1629,2025-11-02,John Smith,EMP-003,Gaming PC Build,13,Desktops,Gaming PC,3,85000,0,65000,UPI,Michael Garcia,001-481-511-6194x63832,Increase create agent son pressure term many.
OFF-20260102-VUG3-1630,2026-01-02,Anton,EMP-001,Logitech WebCam C920,5,Accessories,Webcams,1,6000,0,3500,Debit Card,Angela Phillips,,
OFF-20250829-J7V0-1631,2025-08-29,Anton,EMP-001,Samsung 980 PRO 1TB,7,Components,Storage,2,8000,0,5500,Cash,Steven Ibarra,949-855-8504x27704,
OFF-20230905-DS4R-1632,2023-09-05,Anton,EMP-001,Samsung 980 PRO 1TB,10,Components,Storage,3,8000,500,5500,Debit Card,Walk-in,497.855.4175x50417,
OFF-20230727-SJJE-1633,2023-07-27,Jane Doe,EMP-002,Logitech WebCam C920,8,Accessories,Webcams,1,6000,500,3500,Credit Card,Walk-in,875-558-4281,
OFF-20240206-I6P2-1634,2024-02-06,Jane Doe,EMP-002,NZXT H510 Case,14,Components,Cases,3,7000,0,4500,Credit Card,Troy Montes,927.523.8341x7904,
OFF-20241108-QI4J-1635,2024-11-08,John Smith,EMP-003,Intel Core i7 13700K,6,Components,CPU,3,35000,500,28000,Debit Card,Walk-in,,
OFF-20220323-MLP7-1636,2022-03-23,Anton,EMP-001,Samsung 980 PRO 1TB,12,Components,Storage,3,8000,1000,5500,Debit Card,Melissa Mcdowell,(664)500-5557,
OFF-20220108-MICB-1637,2022-01-08,Jane Doe,EMP-002,Intel Core i7 13700K,7,Components,CPU,3,35000,0,28000,Credit Card,Nicole Chapman,(818)745-4623x8040,Serve worry success most guess official.
OFF-20220802-7RCG-1638,2022-08-02,John Smith,EMP-003,ASUS ROG Monitor 27,6,Displays,Monitors,1,25000,1000,18000,UPI,James Shaw,+1-453-929-1987x66496,
OFF-20220206-3BWI-1639,2022-02-06,Anton,EMP-001,NZXT H510 Case,11,Components,Cases,2,7000,1000,4500,UPI,David Watkins,001-509-640-0957,
OFF-20250411-0383-1640,2025-04-11,John Smith,EMP-003,Logitech MX Master 3,2,Accessories,Mice,2,8500,0,5000,Credit Card,Walk-in,001-550-411-5865,
OFF-20260330-W3AW-1641,2026-03-30,Jane Doe,EMP-002,RTX 4070 Ti,15,Components,GPU,2,75000,0,60000,Credit Card,Richard Torres,001-895-964-1561,
OFF-20220821-EGX5-1642,2022-08-21,Anton,EMP-001,ASUS ROG Monitor 27,6,Displays,Monitors,2,25000,1000,18000,Debit Card,Dakota Reid,6942151686,
OFF-20210803-81V7-1643,2021-08-03,Jane Doe,EMP-002,Corsair 32GB RAM,4,Components,RAM,3,9000,500,6000,Credit Card,Claudia Williams,,
OFF-20251025-V09Y-1644,2025-10-25,Jane Doe,EMP-002,RTX 4070 Ti,17,Components,GPU,1,75000,0,60000,Cash,Latoya Miller,,Stay cause sell event him small.
OFF-20210930-383Y-1645,2021-09-30,Anton,EMP-001,Gaming PC Build,17,Desktops,Gaming PC,2,85000,500,65000,Cash,Walk-in,,
OFF-20220903-D3N4-1646,2022-09-03,Jane Doe,EMP-002,Samsung 980 PRO 1TB,18,Components,Storage,3,8000,500,5500,UPI,Jonathan Horne,001-685-825-4574x380,Challenge will term my actually.
OFF-20221124-J14I-1647,2022-11-24,John Smith,EMP-003,Intel Core i7 13700K,1,Components,CPU,3,35000,0,28000,UPI,James Miller,995.381.0222,
OFF-20211203-C9UX-1648,2021-12-03,Jane Doe,EMP-002,Intel Core i7 13700K,5,Components,CPU,1,35000,1500,28000,Cash,Keith Chandler,,
OFF-20240206-RZNK-1649,2024-02-06,Anton,EMP-001,NZXT H510 Case,4,Components,Cases,1,7000,0,4500,UPI,Mitchell Henderson,,
OFF-20240923-FUL3-1650,2024-09-23,John Smith,EMP-003,Logitech MX Master 3,3,Accessories,Mice,1,8500,1000,5000,Debit Card,Tiffany Mendez,,Remember trouble weight school probably spring marriage letter.
OFF-20260322-B8PG-1651,2026-03-22,John Smith,EMP-003,RTX 4070 Ti,13,Components,GPU,2,75000,0,60000,Credit Card,Rebecca Maynard,,
OFF-20220717-OUZG-1652,2022-07-17,John Smith,EMP-003,Samsung 980 PRO 1TB,18,Components,Storage,1,8000,0,5500,Debit Card,Walk-in,,
OFF-20230529-5QPD-1653,2023-05-29,Jane Doe,EMP-002,ASUS ROG Monitor 27,17,Displays,Monitors,3,25000,0,18000,Credit Card,Patricia Rodriguez,001-535-773-2302x03170,Safe call recognize section position.
OFF-20231013-V29W-1654,2023-10-13,Jane Doe,EMP-002,Intel Core i7 13700K,16,Components,CPU,3,35000,1500,28000,Cash,Christopher Clark,001-360-395-5403,
OFF-20260122-XG7K-1655,2026-01-22,John Smith,EMP-003,Logitech WebCam C920,4,Accessories,Webcams,2,6000,0,3500,UPI,Walk-in,,Kid short myself coach.
OFF-20221220-PL7M-1656,2022-12-20,Jane Doe,EMP-002,NZXT H510 Case,15,Components,Cases,3,7000,1000,4500,Debit Card,Walk-in,(718)763-8235x19197,
OFF-20240115-HJX7-1657,2024-01-15,Anton,EMP-001,RTX 4070 Ti,17,Components,GPU,3,75000,500,60000,Credit Card,Gail Rivera,,
OFF-20250826-UZFA-1658,2025-08-26,John Smith,EMP-003,Intel Core i7 13700K,7,Components,CPU,2,35000,1000,28000,Debit Card,Walk-in,272-764-1673x966,
OFF-20230512-OOXR-1659,2023-05-12,Anton,EMP-001,Gaming PC Build,20,Desktops,Gaming PC,1,85000,500,65000,Credit Card,Peter Torres,,Plant itself buy close by food capital.
OFF-20250525-YO06-1660,2025-05-25,Jane Doe,EMP-002,Razer BlackWidow,6,Accessories,Keyboards,3,12000,1500,8000,Credit Card,Julie Nguyen,+1-817-507-5351x012,
OFF-20220129-YI9I-1661,2022-01-29,Jane Doe,EMP-002,Samsung 980 PRO 1TB,1,Components,Storage,3,8000,0,5500,UPI,Marissa Johnson DDS,,
OFF-20250405-AXML-1662,2025-04-05,Anton,EMP-001,Samsung 980 PRO 1TB,11,Components,Storage,3,8000,500,5500,UPI,Walk-in,,Though camera my everybody which road.
OFF-20231201-N84G-1663,2023-12-01,Anton,EMP-001,Razer BlackWidow,16,Accessories,Keyboards,2,12000,0,8000,UPI,Terri Howell,,Front week likely war city travel.
OFF-20230806-FIZ4-1664,2023-08-06,John Smith,EMP-003,NZXT H510 Case,2,Components,Cases,1,7000,0,4500,Credit Card,Walk-in,(240)431-9255,
OFF-20251020-7VK1-1665,2025-10-20,John Smith,EMP-003,ASUS ROG Monitor 27,12,Displays,Monitors,2,25000,500,18000,Debit Card,Michael Newman,,
OFF-20251228-AJPU-1666,2025-12-28,Anton,EMP-001,Gaming PC Build,16,Desktops,Gaming PC,3,85000,1000,65000,UPI,Walk-in,,
OFF-20211102-Z2FT-1667,2021-11-02,Jane Doe,EMP-002,NZXT H510 Case,8,Components,Cases,3,7000,1500,4500,Cash,Walk-in,+1-504-574-4754x5736,
OFF-20240624-LS5S-1668,2024-06-24,Anton,EMP-001,ASUS ROG Monitor 27,7,Displays,Monitors,1,25000,0,18000,Credit Card,Walk-in,697-257-8117,
OFF-20240217-XDKN-1669,2024-02-17,Anton,EMP-001,Logitech WebCam C920,6,Accessories,Webcams,1,6000,500,3500,Debit Card,Rachel Walker,,
OFF-20221222-9X7K-1670,2022-12-22,Anton,EMP-001,Samsung 980 PRO 1TB,9,Components,Storage,3,8000,1500,5500,Debit Card,Laura Walters,(832)258-5335x600,
OFF-20240709-NKJ8-1671,2024-07-09,John Smith,EMP-003,ASUS ROG Monitor 27,3,Displays,Monitors,1,25000,0,18000,UPI,Walk-in,597-641-6666x2812,
OFF-20240120-X21M-1672,2024-01-20,Anton,EMP-001,Intel Core i7 13700K,11,Components,CPU,1,35000,0,28000,UPI,Walk-in,,Order program several bar.
OFF-20230813-W95P-1673,2023-08-13,Jane Doe,EMP-002,NZXT H510 Case,20,Components,Cases,3,7000,0,4500,Credit Card,Walk-in,(786)575-0195x2320,
OFF-20221005-EDIB-1674,2022-10-05,Jane Doe,EMP-002,Samsung 980 PRO 1TB,8,Components,Storage,3,8000,0,5500,Credit Card,Jeffrey Khan III,,
OFF-20250708-WYTJ-1675,2025-07-08,Jane Doe,EMP-002,ASUS ROG Monitor 27,20,Displays,Monitors,3,25000,1500,18000,UPI,Ryan Smith,,
OFF-20260205-I4II-1676,2026-02-05,John Smith,EMP-003,Logitech MX Master 3,4,Accessories,Mice,3,8500,1000,5000,Credit Card,Mrs. Emily Bryan,001-604-879-2691,
OFF-20240303-RX6O-1677,2024-03-03,Anton,EMP-001,NZXT H510 Case,7,Components,Cases,3,7000,0,4500,Debit Card,Walk-in,,Drop soldier city administration mention short.
OFF-20240718-1R6T-1678,2024-07-18,Anton,EMP-001,Logitech MX Master 3,19,Accessories,Mice,3,8500,0,5000,UPI,Omar Garcia,,Need future officer energy.
OFF-20230404-RJ3L-1679,2023-04-04,Anton,EMP-001,Logitech WebCam C920,2,Accessories,Webcams,1,6000,0,3500,Debit Card,Joshua Hanson,,Lot sit almost suffer strategy.
OFF-20240810-YG0O-1680,2024-08-10,John Smith,EMP-003,Logitech WebCam C920,8,Accessories,Webcams,2,6000,0,3500,UPI,Edward Turner,,
OFF-20210626-3DUD-1681,2021-06-26,Jane Doe,EMP-002,Logitech WebCam C920,9,Accessories,Webcams,1,6000,1500,3500,UPI,Laura Meyer,,
OFF-20250715-RQ6W-1682,2025-07-15,John Smith,EMP-003,Intel Core i7 13700K,5,Components,CPU,1,35000,500,28000,UPI,Walk-in,,
OFF-20240811-HVPK-1683,2024-08-11,Jane Doe,EMP-002,NZXT H510 Case,3,Components,Cases,1,7000,1500,4500,UPI,Linda Williams,,
OFF-20220917-4XLI-1684,2022-09-17,Anton,EMP-001,Corsair 32GB RAM,13,Components,RAM,2,9000,1000,6000,UPI,Walk-in,(652)590-8357x4288,National can pattern game court apply imagine.
OFF-20221029-NRE3-1685,2022-10-29,Jane Doe,EMP-002,Logitech MX Master 3,9,Accessories,Mice,1,8500,0,5000,UPI,Walk-in,,
OFF-20230429-7R6J-1686,2023-04-29,Jane Doe,EMP-002,ASUS ROG Monitor 27,13,Displays,Monitors,3,25000,0,18000,Cash,Richard Stewart,,
OFF-20211121-DI36-1687,2021-11-21,Jane Doe,EMP-002,RTX 4070 Ti,20,Components,GPU,1,75000,500,60000,UPI,Julia Soto,,
OFF-20230911-C5E5-1688,2023-09-11,Jane Doe,EMP-002,Logitech MX Master 3,4,Accessories,Mice,1,8500,0,5000,Debit Card,Patricia Ortiz,,
OFF-20230827-B6ER-1689,2023-08-27,Anton,EMP-001,Corsair 32GB RAM,12,Components,RAM,2,9000,0,6000,Credit Card,Walk-in,+1-631-492-6697x423,Address join ready.
OFF-20220402-NSSK-1690,2022-04-02,John Smith,EMP-003,Logitech WebCam C920,9,Accessories,Webcams,3,6000,0,3500,Debit Card,Hunter Franco,,
OFF-20260207-RGD7-1691,2026-02-07,John Smith,EMP-003,Intel Core i7 13700K,12,Components,CPU,3,35000,0,28000,Credit Card,Anne Williams,,
OFF-20241022-ME7R-1692,2024-10-22,Jane Doe,EMP-002,Corsair 32GB RAM,19,Components,RAM,1,9000,0,6000,Debit Card,Brandon Taylor,453.351.9189x30843,
OFF-20230209-1F82-1693,2023-02-09,Jane Doe,EMP-002,Corsair 32GB RAM,8,Components,RAM,1,9000,500,6000,Debit Card,James Freeman,001-975-527-0910,
OFF-20260211-V5RT-1694,2026-02-11,Jane Doe,EMP-002,Gaming PC Build,4,Desktops,Gaming PC,3,85000,0,65000,Credit Card,John Davis,,
OFF-20240628-4WHF-1695,2024-06-28,Anton,EMP-001,Corsair 32GB RAM,17,Components,RAM,1,9000,1000,6000,Debit Card,Walk-in,261-510-6265x71442,
OFF-20240606-K9U8-1696,2024-06-06,Anton,EMP-001,Intel Core i7 13700K,18,Components,CPU,1,35000,1000,28000,Cash,Brian Brandt,,
OFF-20210916-TJE9-1697,2021-09-16,Anton,EMP-001,Intel Core i7 13700K,18,Components,CPU,1,35000,0,28000,Cash,Anna Phillips,208.686.9710x39879,
OFF-20240802-X3UG-1698,2024-08-02,Jane Doe,EMP-002,ASUS ROG Monitor 27,15,Displays,Monitors,1,25000,0,18000,UPI,Kaitlyn Barber,,
OFF-20240829-JIZK-1699,2024-08-29,John Smith,EMP-003,Corsair 32GB RAM,17,Components,RAM,3,9000,1000,6000,Cash,Bruce Berger,+1-436-603-4666x487,
OFF-20250407-KI5G-1700,2025-04-07,Anton,EMP-001,RTX 4070 Ti,19,Components,GPU,1,75000,0,60000,Cash,David Stevens,360.983.6691,
OFF-20231117-YODD-1701,2023-11-17,Jane Doe,EMP-002,Logitech WebCam C920,14,Accessories,Webcams,3,6000,500,3500,UPI,Crystal Lucas,901-233-9165,
OFF-20220412-52V6-1702,2022-04-12,John Smith,EMP-003,NZXT H510 Case,10,Components,Cases,1,7000,500,4500,Cash,Keith Mora,,
OFF-20221202-JZH9-1703,2022-12-02,Jane Doe,EMP-002,Razer BlackWidow,15,Accessories,Keyboards,3,12000,0,8000,UPI,Gordon Rice,,Share forward trial like.
OFF-20260121-46WL-1704,2026-01-21,John Smith,EMP-003,Logitech WebCam C920,6,Accessories,Webcams,2,6000,1000,3500,Debit Card,Walk-in,764-695-4908x5579,
OFF-20240628-H5I3-1705,2024-06-28,Jane Doe,EMP-002,Logitech MX Master 3,10,Accessories,Mice,1,8500,1000,5000,Credit Card,Scott Dennis,(576)677-6575,
OFF-20220921-SJYR-1706,2022-09-21,Anton,EMP-001,Intel Core i7 13700K,20,Components,CPU,2,35000,1000,28000,UPI,Robert Williams,,
OFF-20240229-MPCB-1707,2024-02-29,Jane Doe,EMP-002,NZXT H510 Case,13,Components,Cases,1,7000,1000,4500,Credit Card,Walk-in,,
OFF-20220108-XK3S-1708,2022-01-08,John Smith,EMP-003,Corsair 32GB RAM,7,Components,RAM,2,9000,0,6000,Cash,David Gonzales,+1-599-655-7345,
OFF-20230803-XP79-1709,2023-08-03,John Smith,EMP-003,Intel Core i7 13700K,6,Components,CPU,2,35000,0,28000,Cash,Walk-in,+1-852-695-8133,
OFF-20210810-SZKJ-1710,2021-08-10,Jane Doe,EMP-002,ASUS ROG Monitor 27,12,Displays,Monitors,1,25000,500,18000,Cash,Haley Pierce,(679)405-7650,Country answer range wonder source.
OFF-20230517-KF7G-1711,2023-05-17,John Smith,EMP-003,Logitech MX Master 3,20,Accessories,Mice,3,8500,500,5000,UPI,Walk-in,592-570-8990x606,
OFF-20220626-BLF0-1712,2022-06-26,Jane Doe,EMP-002,Intel Core i7 13700K,12,Components,CPU,2,35000,0,28000,Debit Card,Beth Lindsey,,
OFF-20240702-3TEC-1713,2024-07-02,Jane Doe,EMP-002,Samsung 980 PRO 1TB,7,Components,Storage,2,8000,0,5500,Debit Card,Anna Miller,,Share capital thing card.
OFF-20240630-5YVN-1714,2024-06-30,John Smith,EMP-003,RTX 4070 Ti,2,Components,GPU,3,75000,0,60000,Credit Card,Jeremy Davis,,
OFF-20221213-1BSV-1715,2022-12-13,John Smith,EMP-003,Gaming PC Build,3,Desktops,Gaming PC,3,85000,1500,65000,UPI,Walk-in,(365)299-7698,
OFF-20250607-1NXK-1716,2025-06-07,John Smith,EMP-003,RTX 4070 Ti,4,Components,GPU,2,75000,0,60000,Debit Card,Joseph Allen,,Quickly interview design rule.
OFF-20231029-Z779-1717,2023-10-29,John Smith,EMP-003,ASUS ROG Monitor 27,9,Displays,Monitors,1,25000,0,18000,Cash,Kendra Tapia,,
OFF-20231120-6F5R-1718,2023-11-20,Anton,EMP-001,Gaming PC Build,5,Desktops,Gaming PC,3,85000,1500,65000,Debit Card,Elizabeth Walker,001-389-817-9394x1015,
OFF-20230809-PZ1Z-1719,2023-08-09,Anton,EMP-001,Razer BlackWidow,12,Accessories,Keyboards,3,12000,1500,8000,Debit Card,Christopher Walters PhD,9334072920,
OFF-20250217-WM89-1720,2025-02-17,Jane Doe,EMP-002,RTX 4070 Ti,16,Components,GPU,3,75000,1000,60000,Cash,Keith Cooley,689-958-4592x48664,
OFF-20230403-RQ67-1721,2023-04-03,Jane Doe,EMP-002,Gaming PC Build,16,Desktops,Gaming PC,3,85000,1000,65000,Credit Card,Walk-in,337.200.3408x959,Discover teach head nice something federal.
OFF-20251028-9NK1-1722,2025-10-28,Jane Doe,EMP-002,Gaming PC Build,20,Desktops,Gaming PC,3,85000,500,65000,Cash,Walk-in,(929)889-5101x05903,
OFF-20220828-873R-1723,2022-08-28,Jane Doe,EMP-002,Corsair 32GB RAM,16,Components,RAM,3,9000,0,6000,Debit Card,Walk-in,,
OFF-20220325-H8Z3-1724,2022-03-25,John Smith,EMP-003,Logitech MX Master 3,12,Accessories,Mice,2,8500,0,5000,Cash,Walk-in,,
OFF-20220913-2U64-1725,2022-09-13,Anton,EMP-001,Samsung 980 PRO 1TB,13,Components,Storage,3,8000,0,5500,Credit Card,Rhonda Jackson,2373863677,
OFF-20241029-KDIL-1726,2024-10-29,Jane Doe,EMP-002,Corsair 32GB RAM,16,Components,RAM,1,9000,0,6000,Credit Card,Kevin Smith,,
OFF-20241104-4X4A-1727,2024-11-04,John Smith,EMP-003,Logitech MX Master 3,6,Accessories,Mice,1,8500,1000,5000,Credit Card,Gary Daniels,,
OFF-20231214-2U7P-1728,2023-12-14,Anton,EMP-001,Gaming PC Build,15,Desktops,Gaming PC,1,85000,0,65000,Credit Card,Melissa Anderson,,
OFF-20230908-JR0O-1729,2023-09-08,Jane Doe,EMP-002,Logitech WebCam C920,16,Accessories,Webcams,3,6000,0,3500,Debit Card,Walk-in,,
OFF-20240906-WMRH-1730,2024-09-06,Anton,EMP-001,Logitech WebCam C920,4,Accessories,Webcams,3,6000,0,3500,Debit Card,Richard Miller,,Treatment eight summer note.
OFF-20211020-H7NF-1731,2021-10-20,Jane Doe,EMP-002,NZXT H510 Case,1,Components,Cases,1,7000,500,4500,Cash,Walk-in,001-742-292-3638,
OFF-20210616-9RLE-1732,2021-06-16,John Smith,EMP-003,NZXT H510 Case,17,Components,Cases,2,7000,0,4500,Cash,Thomas Cole,,
OFF-20250321-CF82-1733,2025-03-21,John Smith,EMP-003,Razer BlackWidow,6,Accessories,Keyboards,2,12000,1000,8000,Cash,Alexander Adams,,Anyone loss interview everybody security.
OFF-20210522-L89B-1734,2021-05-22,Anton,EMP-001,Intel Core i7 13700K,4,Components,CPU,1,35000,500,28000,Credit Card,Leah Rose,,
OFF-20230117-LAOI-1735,2023-01-17,John Smith,EMP-003,Logitech MX Master 3,18,Accessories,Mice,1,8500,0,5000,UPI,Amanda Hughes,366-409-7156,
OFF-20240106-DC6G-1736,2024-01-06,Jane Doe,EMP-002,Corsair 32GB RAM,7,Components,RAM,2,9000,0,6000,Debit Card,David Sanders,,
OFF-20211018-CNS6-1737,2021-10-18,John Smith,EMP-003,Razer BlackWidow,16,Accessories,Keyboards,3,12000,0,8000,Credit Card,Ryan Thomas,,
OFF-20251224-L10H-1738,2025-12-24,John Smith,EMP-003,Corsair 32GB RAM,4,Components,RAM,1,9000,500,6000,Cash,Walk-in,,
OFF-20230423-JQ13-1739,2023-04-23,Anton,EMP-001,Razer BlackWidow,3,Accessories,Keyboards,2,12000,1500,8000,Debit Card,Kathy Oneill,,
OFF-20220201-40EN-1740,2022-02-01,Jane Doe,EMP-002,Corsair 32GB RAM,10,Components,RAM,1,9000,1000,6000,Debit Card,Walk-in,940.594.0883x510,
OFF-20250406-QEPP-1741,2025-04-06,Anton,EMP-001,Intel Core i7 13700K,8,Components,CPU,2,35000,500,28000,UPI,Walk-in,769.229.3219x3840,
OFF-20210706-H1I3-1742,2021-07-06,Anton,EMP-001,Logitech WebCam C920,9,Accessories,Webcams,3,6000,1500,3500,Cash,Kelly Torres,,
OFF-20240524-PUCW-1743,2024-05-24,John Smith,EMP-003,Corsair 32GB RAM,14,Components,RAM,3,9000,0,6000,Credit Card,Crystal Brown,001-288-202-0317x27215,
OFF-20210422-8Q3D-1744,2021-04-22,John Smith,EMP-003,Corsair 32GB RAM,15,Components,RAM,3,9000,0,6000,UPI,Rose Ruiz,997-855-8406x67887,
OFF-20240327-3VF2-1745,2024-03-27,John Smith,EMP-003,RTX 4070 Ti,8,Components,GPU,1,75000,1000,60000,Credit Card,Timothy Mcbride,,
OFF-20221015-CYBV-1746,2022-10-15,Jane Doe,EMP-002,Logitech MX Master 3,4,Accessories,Mice,2,8500,500,5000,Cash,Daniel Stewart,,
OFF-20251014-WGKU-1747,2025-10-14,Jane Doe,EMP-002,Logitech MX Master 3,10,Accessories,Mice,1,8500,0,5000,UPI,Jason Perez,+1-273-325-7548x9640,
OFF-20220801-J1YN-1748,2022-08-01,John Smith,EMP-003,Samsung 980 PRO 1TB,9,Components,Storage,1,8000,500,5500,Debit Card,Walk-in,,
OFF-20220819-6PIV-1749,2022-08-19,Anton,EMP-001,Intel Core i7 13700K,7,Components,CPU,2,35000,0,28000,Debit Card,Paul Oneal,,
OFF-20260319-AM1W-1750,2026-03-19,John Smith,EMP-003,Samsung 980 PRO 1TB,11,Components,Storage,1,8000,0,5500,Cash,Matthew Wilson,001-781-337-9474,
OFF-20250418-KHS2-1751,2025-04-18,Jane Doe,EMP-002,Intel Core i7 13700K,4,Components,CPU,1,35000,500,28000,Cash,Tiffany Schroeder,,
OFF-20251126-2BBT-1752,2025-11-26,Jane Doe,EMP-002,Corsair 32GB RAM,2,Components,RAM,1,9000,500,6000,Cash,Walk-in,,
OFF-20230404-V2DK-1753,2023-04-04,Anton,EMP-001,RTX 4070 Ti,7,Components,GPU,1,75000,500,60000,Debit Card,Darrell Joseph,+1-236-684-5477x473,
OFF-20250610-UBWR-1754,2025-06-10,John Smith,EMP-003,Corsair 32GB RAM,8,Components,RAM,3,9000,1000,6000,Debit Card,Walk-in,,
OFF-20251105-S35F-1755,2025-11-05,John Smith,EMP-003,Samsung 980 PRO 1TB,4,Components,Storage,3,8000,0,5500,Debit Card,Walk-in,,
OFF-20240916-RSHB-1756,2024-09-16,Jane Doe,EMP-002,ASUS ROG Monitor 27,7,Displays,Monitors,3,25000,0,18000,Debit Card,Timothy Snow,,
OFF-20250805-XHBD-1757,2025-08-05,Jane Doe,EMP-002,NZXT H510 Case,19,Components,Cases,2,7000,1000,4500,Credit Card,Jennifer West,,
OFF-20231215-M397-1758,2023-12-15,Anton,EMP-001,Samsung 980 PRO 1TB,18,Components,Storage,2,8000,1500,5500,UPI,Walk-in,431-361-1758x17653,
OFF-20251011-15F4-1759,2025-10-11,John Smith,EMP-003,Razer BlackWidow,17,Accessories,Keyboards,2,12000,0,8000,Debit Card,Mrs. Dana Perry,816-975-5219,
OFF-20210606-ZNQA-1760,2021-06-06,Jane Doe,EMP-002,Logitech WebCam C920,17,Accessories,Webcams,3,6000,0,3500,Debit Card,Walk-in,,
OFF-20241011-6NB3-1761,2024-10-11,Anton,EMP-001,RTX 4070 Ti,16,Components,GPU,3,75000,1000,60000,UPI,Cassandra Hooper,(310)413-0458,
OFF-20210930-TMBL-1762,2021-09-30,Jane Doe,EMP-002,Corsair 32GB RAM,11,Components,RAM,2,9000,0,6000,Debit Card,Walk-in,654-582-1224x388,
OFF-20220314-4DDV-1763,2022-03-14,John Smith,EMP-003,Razer BlackWidow,6,Accessories,Keyboards,2,12000,0,8000,Cash,Trevor Berger,+1-570-319-6666x934,
OFF-20241112-JAZZ-1764,2024-11-12,Anton,EMP-001,Intel Core i7 13700K,19,Components,CPU,2,35000,0,28000,Cash,Sandra Koch,(780)393-8881,
OFF-20221008-4XE4-1765,2022-10-08,John Smith,EMP-003,Samsung 980 PRO 1TB,1,Components,Storage,2,8000,1500,5500,Cash,Bobby Kelly,,
OFF-20230430-92YL-1766,2023-04-30,Jane Doe,EMP-002,Corsair 32GB RAM,6,Components,RAM,2,9000,0,6000,Debit Card,Crystal Watkins MD,,Hundred city young general measure heart college.
OFF-20220809-EKTO-1767,2022-08-09,Anton,EMP-001,Intel Core i7 13700K,2,Components,CPU,3,35000,0,28000,Credit Card,Daniel Mullins,,Nor happy foot phone safe.
OFF-20230422-PHHC-1768,2023-04-22,Anton,EMP-001,Logitech MX Master 3,8,Accessories,Mice,3,8500,1000,5000,Credit Card,George Palmer,533-983-1261x966,
OFF-20210611-WNI1-1769,2021-06-11,Anton,EMP-001,Gaming PC Build,9,Desktops,Gaming PC,1,85000,0,65000,Cash,Walk-in,,
OFF-20250110-RYAV-1770,2025-01-10,Jane Doe,EMP-002,NZXT H510 Case,18,Components,Cases,2,7000,1500,4500,Cash,Kimberly Simpson,,
OFF-20231215-SV3P-1771,2023-12-15,Anton,EMP-001,Logitech WebCam C920,11,Accessories,Webcams,1,6000,1500,3500,Cash,Jennifer Phillips,695.451.7006,
OFF-20211022-8RXR-1772,2021-10-22,John Smith,EMP-003,RTX 4070 Ti,6,Components,GPU,3,75000,0,60000,Debit Card,Jennifer Martinez,+1-397-677-5803x6727,
OFF-20241130-4133-1773,2024-11-30,John Smith,EMP-003,NZXT H510 Case,7,Components,Cases,2,7000,500,4500,Debit Card,Walk-in,001-592-702-7336x1339,
OFF-20251212-QI4D-1774,2025-12-12,Jane Doe,EMP-002,Corsair 32GB RAM,19,Components,RAM,3,9000,0,6000,Credit Card,Michael Freeman,590.372.4795,
OFF-20230516-2J78-1775,2023-05-16,John Smith,EMP-003,RTX 4070 Ti,17,Components,GPU,2,75000,500,60000,Credit Card,Jason Lane,,
OFF-20230502-KEVI-1776,2023-05-02,Anton,EMP-001,NZXT H510 Case,3,Components,Cases,3,7000,0,4500,Debit Card,Andrew Good,388.337.4353,Use positive defense public dark note available.
OFF-20220330-5FDQ-1777,2022-03-30,John Smith,EMP-003,Intel Core i7 13700K,13,Components,CPU,2,35000,0,28000,Credit Card,Jeffrey Jones,(659)672-4747x517,
OFF-20220924-MOQX-1778,2022-09-24,Anton,EMP-001,RTX 4070 Ti,12,Components,GPU,3,75000,1500,60000,Credit Card,Melissa Porter,409.599.8104x25228,Compare often yeah threat figure vote.
OFF-20230813-84G6-1779,2023-08-13,Anton,EMP-001,Logitech MX Master 3,12,Accessories,Mice,3,8500,1000,5000,Credit Card,Shannon Barnes,,
OFF-20250125-T72L-1780,2025-01-25,Anton,EMP-001,RTX 4070 Ti,5,Components,GPU,3,75000,1500,60000,Credit Card,Brandon Buchanan,2949121771,
OFF-20230301-TPOB-1781,2023-03-01,Anton,EMP-001,ASUS ROG Monitor 27,5,Displays,Monitors,2,25000,1000,18000,Debit Card,Cory Hall,+1-460-488-1190x02755,
OFF-20210525-0G6W-1782,2021-05-25,Jane Doe,EMP-002,Logitech WebCam C920,4,Accessories,Webcams,2,6000,0,3500,UPI,Cindy Smith,805-906-5056,
OFF-20220124-BE0N-1783,2022-01-24,Jane Doe,EMP-002,NZXT H510 Case,6,Components,Cases,3,7000,0,4500,Debit Card,Faith Ortiz,,
OFF-20241126-KND0-1784,2024-11-26,John Smith,EMP-003,RTX 4070 Ti,15,Components,GPU,2,75000,0,60000,Credit Card,Carrie Moore,,Series too hundred wind.
OFF-20240218-74U9-1785,2024-02-18,Jane Doe,EMP-002,Razer BlackWidow,11,Accessories,Keyboards,1,12000,0,8000,Credit Card,Jocelyn Johnson PhD,4005275709,Security stop dream crime according mother understand.
OFF-20220513-19IA-1786,2022-05-13,John Smith,EMP-003,ASUS ROG Monitor 27,7,Displays,Monitors,3,25000,1000,18000,UPI,Zachary Jackson,(823)850-0310,
OFF-20221215-F227-1787,2022-12-15,Jane Doe,EMP-002,Intel Core i7 13700K,14,Components,CPU,3,35000,0,28000,Cash,Brandon Diaz,,
OFF-20250822-23RN-1788,2025-08-22,Jane Doe,EMP-002,NZXT H510 Case,1,Components,Cases,2,7000,1500,4500,Cash,Matthew Wilson,219-994-8156,
OFF-20211019-VWIP-1789,2021-10-19,Anton,EMP-001,Samsung 980 PRO 1TB,3,Components,Storage,1,8000,1000,5500,Credit Card,William King III,,
OFF-20251127-170I-1790,2025-11-27,Jane Doe,EMP-002,Intel Core i7 13700K,6,Components,CPU,1,35000,1500,28000,Debit Card,Walk-in,001-836-255-1769,Occur make move draw way never.
OFF-20230401-I8O4-1791,2023-04-01,Jane Doe,EMP-002,Razer BlackWidow,15,Accessories,Keyboards,3,12000,1500,8000,Credit Card,Walk-in,635-575-9574x336,
OFF-20250713-5WZ3-1792,2025-07-13,Jane Doe,EMP-002,Logitech MX Master 3,5,Accessories,Mice,3,8500,1500,5000,Debit Card,Ronald Crawford,8339158390,
OFF-20210814-FS3E-1793,2021-08-14,Jane Doe,EMP-002,Logitech WebCam C920,15,Accessories,Webcams,1,6000,500,3500,Cash,Roberto Flowers,+1-370-839-7663,
OFF-20210702-M97L-1794,2021-07-02,John Smith,EMP-003,Gaming PC Build,11,Desktops,Gaming PC,3,85000,0,65000,Credit Card,Dana Jackson,566.938.6290x576,
OFF-20251115-2HXG-1795,2025-11-15,John Smith,EMP-003,Razer BlackWidow,3,Accessories,Keyboards,3,12000,1500,8000,UPI,Sarah Gutierrez,,
OFF-20210911-TYWY-1796,2021-09-11,Jane Doe,EMP-002,ASUS ROG Monitor 27,7,Displays,Monitors,3,25000,0,18000,Cash,Walk-in,,
OFF-20221230-EYH3-1797,2022-12-30,Jane Doe,EMP-002,Gaming PC Build,16,Desktops,Gaming PC,1,85000,500,65000,Debit Card,Walk-in,+1-415-705-9930x128,
OFF-20250201-0AJI-1798,2025-02-01,Jane Doe,EMP-002,Intel Core i7 13700K,16,Components,CPU,3,35000,1500,28000,Credit Card,Walk-in,,
OFF-20210713-FGYJ-1799,2021-07-13,Jane Doe,EMP-002,Gaming PC Build,16,Desktops,Gaming PC,3,85000,1500,65000,Debit Card,Walk-in,001-289-416-1227,Trial identify heavy bank.
OFF-20241110-6FLE-1800,2024-11-10,John Smith,EMP-003,Logitech MX Master 3,14,Accessories,Mice,2,8500,1000,5000,Debit Card,Tiffany Lyons,,
OFF-20221108-3RNG-1801,2022-11-08,John Smith,EMP-003,Samsung 980 PRO 1TB,11,Components,Storage,3,8000,0,5500,UPI,Philip Ferguson,266.802.4475x345,
OFF-20250405-N65Q-1802,2025-04-05,Anton,EMP-001,Logitech MX Master 3,18,Accessories,Mice,1,8500,0,5000,Debit Card,Michael Salazar,+1-948-629-2808x9457,
OFF-20251123-CBCQ-1803,2025-11-23,John Smith,EMP-003,RTX 4070 Ti,1,Components,GPU,3,75000,0,60000,Credit Card,Kristina Wilson,001-517-483-8183,Blue resource hospital.
OFF-20221106-N9CJ-1804,2022-11-06,Jane Doe,EMP-002,NZXT H510 Case,14,Components,Cases,2,7000,1500,4500,UPI,Jasmine Lee,902.455.6391x85365,Let while second woman.
OFF-20211014-7VOC-1805,2021-10-14,John Smith,EMP-003,Gaming PC Build,7,Desktops,Gaming PC,3,85000,500,65000,Credit Card,Nathan Brown,+1-971-229-1367x14684,Interesting try world television work lose.
OFF-20240408-OLZB-1806,2024-04-08,Jane Doe,EMP-002,NZXT H510 Case,5,Components,Cases,2,7000,500,4500,Credit Card,Andrew Pratt,001-832-465-8362x6156,World southern audience report behind again against.
OFF-20251223-YO5R-1807,2025-12-23,Jane Doe,EMP-002,Samsung 980 PRO 1TB,20,Components,Storage,2,8000,500,5500,Cash,Walk-in,,
OFF-20250212-C5KJ-1808,2025-02-12,John Smith,EMP-003,ASUS ROG Monitor 27,7,Displays,Monitors,3,25000,1500,18000,UPI,Taylor Bass,,
OFF-20240219-U31E-1809,2024-02-19,John Smith,EMP-003,NZXT H510 Case,12,Components,Cases,3,7000,0,4500,Credit Card,Rachel Guerrero,,
OFF-20240223-ZJS1-1810,2024-02-23,John Smith,EMP-003,Intel Core i7 13700K,9,Components,CPU,3,35000,1500,28000,Credit Card,Walk-in,,
OFF-20240217-21WV-1811,2024-02-17,John Smith,EMP-003,ASUS ROG Monitor 27,6,Displays,Monitors,1,25000,1500,18000,Cash,Walk-in,,
OFF-20260312-003A-1812,2026-03-12,John Smith,EMP-003,RTX 4070 Ti,2,Components,GPU,3,75000,1500,60000,Debit Card,Matthew Lewis,,Rather modern garden turn small pick.
OFF-20250405-6WP9-1813,2025-04-05,Anton,EMP-001,Razer BlackWidow,10,Accessories,Keyboards,2,12000,0,8000,UPI,David Wright,,
OFF-20240822-RRKX-1814,2024-08-22,Jane Doe,EMP-002,RTX 4070 Ti,14,Components,GPU,1,75000,500,60000,UPI,Richard Thompson,,
OFF-20231207-LCET-1815,2023-12-07,Jane Doe,EMP-002,NZXT H510 Case,17,Components,Cases,2,7000,0,4500,UPI,Mark Reed,4813683326,
OFF-20211104-G43X-1816,2021-11-04,Anton,EMP-001,Gaming PC Build,19,Desktops,Gaming PC,3,85000,1500,65000,Debit Card,Joseph Brown,,
OFF-20260406-7R5D-1817,2026-04-06,Jane Doe,EMP-002,Samsung 980 PRO 1TB,13,Components,Storage,1,8000,1000,5500,Debit Card,Walk-in,(618)419-7023x91640,
OFF-20220123-V9I3-1818,2022-01-23,John Smith,EMP-003,ASUS ROG Monitor 27,15,Displays,Monitors,2,25000,1500,18000,Credit Card,Marcia White MD,(446)766-0482x003,
OFF-20230709-LIEG-1819,2023-07-09,Anton,EMP-001,Samsung 980 PRO 1TB,4,Components,Storage,2,8000,1500,5500,Credit Card,Robert Osborne,,
OFF-20260329-0JPE-1820,2026-03-29,John Smith,EMP-003,Razer BlackWidow,3,Accessories,Keyboards,2,12000,500,8000,Debit Card,Walk-in,3397770040,
OFF-20221126-DKQ9-1821,2022-11-26,Jane Doe,EMP-002,Samsung 980 PRO 1TB,2,Components,Storage,3,8000,0,5500,Debit Card,Walk-in,,Fund cup life strong one.
OFF-20220421-K2SM-1822,2022-04-21,John Smith,EMP-003,Intel Core i7 13700K,18,Components,CPU,2,35000,0,28000,Credit Card,Nicholas Williams,,
OFF-20230210-WT0L-1823,2023-02-10,Jane Doe,EMP-002,Corsair 32GB RAM,5,Components,RAM,2,9000,500,6000,Debit Card,Michael Bernard,+1-384-594-7711x33629,
OFF-20240219-LFZ4-1824,2024-02-19,Jane Doe,EMP-002,RTX 4070 Ti,13,Components,GPU,2,75000,0,60000,Cash,Amy Fox,+1-348-222-4490x11782,
OFF-20240830-G3F9-1825,2024-08-30,John Smith,EMP-003,Intel Core i7 13700K,9,Components,CPU,3,35000,1000,28000,UPI,Bradley Tran,,
OFF-20221223-NYUZ-1826,2022-12-23,Anton,EMP-001,ASUS ROG Monitor 27,4,Displays,Monitors,3,25000,500,18000,Credit Card,Emma Herrera,,
OFF-20220309-8FPJ-1827,2022-03-09,Jane Doe,EMP-002,Razer BlackWidow,12,Accessories,Keyboards,2,12000,500,8000,Cash,Walk-in,001-361-740-2627x622,
OFF-20220619-6SFN-1828,2022-06-19,Jane Doe,EMP-002,RTX 4070 Ti,9,Components,GPU,1,75000,0,60000,Cash,Jeremy Sullivan,,
OFF-20250623-UB84-1829,2025-06-23,Anton,EMP-001,Samsung 980 PRO 1TB,15,Components,Storage,3,8000,500,5500,Credit Card,Michelle Davis,,
OFF-20230425-U48Y-1830,2023-04-25,John Smith,EMP-003,Corsair 32GB RAM,11,Components,RAM,3,9000,1000,6000,UPI,William Kidd,+1-408-919-2254x18276,
OFF-20230120-CQUR-1831,2023-01-20,Anton,EMP-001,ASUS ROG Monitor 27,10,Displays,Monitors,1,25000,0,18000,Cash,Logan Barajas,594.505.6797x67133,Lot establish me rest movie.
OFF-20211216-94GQ-1832,2021-12-16,Jane Doe,EMP-002,Intel Core i7 13700K,7,Components,CPU,2,35000,500,28000,UPI,Thomas Williams,+1-819-665-5763x5288,
OFF-20240426-KW4K-1833,2024-04-26,Anton,EMP-001,NZXT H510 Case,9,Components,Cases,2,7000,500,4500,Credit Card,Michael Vincent,(601)843-4617x75555,
OFF-20241109-Q9D8-1834,2024-11-09,John Smith,EMP-003,Corsair 32GB RAM,5,Components,RAM,3,9000,0,6000,Cash,Walk-in,801.672.7579x0105,
OFF-20250107-XQAQ-1835,2025-01-07,John Smith,EMP-003,RTX 4070 Ti,14,Components,GPU,1,75000,500,60000,Cash,Joann White,,Director staff explain network.
OFF-20251208-WV41-1836,2025-12-08,Jane Doe,EMP-002,Intel Core i7 13700K,10,Components,CPU,1,35000,1500,28000,Cash,Jennifer Boyd,001-785-602-2471x1595,
OFF-20211028-XM26-1837,2021-10-28,Anton,EMP-001,ASUS ROG Monitor 27,15,Displays,Monitors,2,25000,500,18000,UPI,Renee Gilbert,801-234-7527,
OFF-20220625-V49V-1838,2022-06-25,Anton,EMP-001,RTX 4070 Ti,3,Components,GPU,2,75000,0,60000,Credit Card,Walk-in,,
OFF-20220720-BIUQ-1839,2022-07-20,Anton,EMP-001,Razer BlackWidow,18,Accessories,Keyboards,1,12000,1500,8000,Cash,Walk-in,,
OFF-20210603-RSSX-1840,2021-06-03,Jane Doe,EMP-002,Logitech MX Master 3,12,Accessories,Mice,2,8500,1500,5000,Credit Card,Roberto Anderson,990-777-9238,Party agree somebody too enough.
OFF-20211030-HPE1-1841,2021-10-30,John Smith,EMP-003,Logitech WebCam C920,19,Accessories,Webcams,2,6000,0,3500,Credit Card,Walk-in,001-729-886-2054x2132,
OFF-20220724-YL12-1842,2022-07-24,Jane Doe,EMP-002,Logitech MX Master 3,6,Accessories,Mice,1,8500,0,5000,Credit Card,Colleen Mcclure,001-562-271-4958x80023,
OFF-20230511-XRE9-1843,2023-05-11,Jane Doe,EMP-002,Gaming PC Build,16,Desktops,Gaming PC,3,85000,0,65000,Cash,Henry Kirk,928.241.3006x90289,
OFF-20220509-CT7B-1844,2022-05-09,John Smith,EMP-003,ASUS ROG Monitor 27,13,Displays,Monitors,3,25000,0,18000,UPI,Alan Fowler,3583781159,
OFF-20230701-IPYQ-1845,2023-07-01,Anton,EMP-001,NZXT H510 Case,14,Components,Cases,2,7000,0,4500,Credit Card,Walk-in,7382181338,
OFF-20220615-65IO-1846,2022-06-15,Jane Doe,EMP-002,RTX 4070 Ti,19,Components,GPU,2,75000,0,60000,Debit Card,Walk-in,,
OFF-20231020-517L-1847,2023-10-20,John Smith,EMP-003,Samsung 980 PRO 1TB,6,Components,Storage,3,8000,0,5500,UPI,Suzanne Vargas,335-947-0448x81208,
OFF-20210716-VW93-1848,2021-07-16,Anton,EMP-001,Gaming PC Build,19,Desktops,Gaming PC,3,85000,0,65000,UPI,Benjamin Davenport,(397)946-6873x9798,Social whether away play family.
OFF-20241219-1MQ6-1849,2024-12-19,John Smith,EMP-003,Gaming PC Build,10,Desktops,Gaming PC,3,85000,500,65000,Debit Card,Corey Robinson,,
OFF-20220822-E3A0-1850,2022-08-22,Jane Doe,EMP-002,Intel Core i7 13700K,6,Components,CPU,1,35000,1500,28000,UPI,Walk-in,(943)692-2115x619,Sometimes boy act style particular three door.
OFF-20220731-0X86-1851,2022-07-31,Jane Doe,EMP-002,Razer BlackWidow,6,Accessories,Keyboards,2,12000,1000,8000,Credit Card,Walk-in,,Can design source dark.
OFF-20211117-6XEQ-1852,2021-11-17,Jane Doe,EMP-002,NZXT H510 Case,3,Components,Cases,1,7000,1000,4500,Cash,Timothy Lee,985.390.0357,
OFF-20240916-OI3U-1853,2024-09-16,John Smith,EMP-003,Samsung 980 PRO 1TB,5,Components,Storage,3,8000,500,5500,UPI,James Cowan,001-887-867-5158x9401,Person staff see each force together positive.
OFF-20220417-M9BB-1854,2022-04-17,Anton,EMP-001,Intel Core i7 13700K,14,Components,CPU,2,35000,500,28000,Cash,Walk-in,,
OFF-20220829-PURZ-1855,2022-08-29,Anton,EMP-001,Logitech WebCam C920,12,Accessories,Webcams,1,6000,1500,3500,Debit Card,Christopher Rocha,,
OFF-20231028-M5Z4-1856,2023-10-28,John Smith,EMP-003,NZXT H510 Case,11,Components,Cases,3,7000,1500,4500,Debit Card,Daniel Johnson,,
OFF-20230126-HZJF-1857,2023-01-26,Anton,EMP-001,Razer BlackWidow,15,Accessories,Keyboards,2,12000,500,8000,Debit Card,Tyler Bullock,848-513-2697x05314,
OFF-20220520-ZN5R-1858,2022-05-20,Anton,EMP-001,Intel Core i7 13700K,3,Components,CPU,2,35000,500,28000,UPI,Steven Brown,+1-488-478-1952x2656,
OFF-20240609-ED6H-1859,2024-06-09,John Smith,EMP-003,Logitech MX Master 3,6,Accessories,Mice,2,8500,1500,5000,Cash,Cynthia Anderson DDS,,
OFF-20230801-ATIW-1860,2023-08-01,Anton,EMP-001,Logitech WebCam C920,3,Accessories,Webcams,3,6000,1500,3500,Debit Card,Walk-in,+1-396-863-2706x96828,
OFF-20240121-A9N5-1861,2024-01-21,Anton,EMP-001,Logitech WebCam C920,18,Accessories,Webcams,3,6000,0,3500,Credit Card,Summer Anderson,+1-817-833-5684x1079,
OFF-20241222-EXQB-1862,2024-12-22,John Smith,EMP-003,Samsung 980 PRO 1TB,19,Components,Storage,3,8000,0,5500,Credit Card,April Jenkins,2578347066,
OFF-20260228-UG8N-1863,2026-02-28,John Smith,EMP-003,ASUS ROG Monitor 27,6,Displays,Monitors,3,25000,0,18000,UPI,Walk-in,,
OFF-20250323-5KOS-1864,2025-03-23,Anton,EMP-001,Intel Core i7 13700K,15,Components,CPU,1,35000,500,28000,Credit Card,Elizabeth Reyes,(883)556-2801x86376,Hundred change lawyer cut charge.
OFF-20231102-AGPJ-1865,2023-11-02,John Smith,EMP-003,Corsair 32GB RAM,13,Components,RAM,1,9000,1000,6000,Credit Card,Walk-in,,Answer nearly deep industry score.
OFF-20230820-XB7S-1866,2023-08-20,John Smith,EMP-003,Samsung 980 PRO 1TB,10,Components,Storage,2,8000,1500,5500,Cash,Melinda Russell,,
OFF-20250410-UKY4-1867,2025-04-10,Anton,EMP-001,ASUS ROG Monitor 27,17,Displays,Monitors,2,25000,500,18000,Credit Card,Walk-in,,
OFF-20220224-TRLH-1868,2022-02-24,Anton,EMP-001,NZXT H510 Case,8,Components,Cases,3,7000,1500,4500,UPI,Jeffery Becker,,Develop need open computer keep strategy interesting measure.
OFF-20251217-JKDG-1869,2025-12-17,Jane Doe,EMP-002,Gaming PC Build,4,Desktops,Gaming PC,3,85000,1000,65000,Debit Card,Walk-in,,
OFF-20240821-KL7R-1870,2024-08-21,Jane Doe,EMP-002,Gaming PC Build,12,Desktops,Gaming PC,3,85000,0,65000,Debit Card,Walk-in,,
OFF-20220704-DSIT-1871,2022-07-04,Anton,EMP-001,Razer BlackWidow,19,Accessories,Keyboards,2,12000,1500,8000,Debit Card,Walk-in,,Happy everyone remain language.
OFF-20230324-87XI-1872,2023-03-24,Anton,EMP-001,ASUS ROG Monitor 27,18,Displays,Monitors,2,25000,1500,18000,Credit Card,Alyssa Fisher,,
OFF-20220110-P0PN-1873,2022-01-10,John Smith,EMP-003,Gaming PC Build,8,Desktops,Gaming PC,3,85000,0,65000,UPI,Emily Freeman,,
OFF-20221216-4LE5-1874,2022-12-16,Jane Doe,EMP-002,Corsair 32GB RAM,6,Components,RAM,2,9000,1500,6000,Cash,James Mejia,,
OFF-20250225-044O-1875,2025-02-25,John Smith,EMP-003,Logitech WebCam C920,8,Accessories,Webcams,1,6000,0,3500,Credit Card,Walk-in,,
OFF-20220810-7ISI-1876,2022-08-10,Anton,EMP-001,Razer BlackWidow,20,Accessories,Keyboards,1,12000,1000,8000,Debit Card,Melissa Cummings,(978)525-1589x91069,Hour which ready also write ready summer.
OFF-20210820-TKGF-1877,2021-08-20,John Smith,EMP-003,RTX 4070 Ti,3,Components,GPU,1,75000,1500,60000,Debit Card,Alexander Rodriguez,(628)528-7345x509,
OFF-20241006-V6DY-1878,2024-10-06,John Smith,EMP-003,Gaming PC Build,3,Desktops,Gaming PC,3,85000,1000,65000,Cash,Walk-in,618-325-6135,Simple new military include radio total security any.
OFF-20240403-463Z-1879,2024-04-03,Anton,EMP-001,ASUS ROG Monitor 27,6,Displays,Monitors,1,25000,0,18000,Cash,Jerry Mcbride,,
OFF-20250319-SY44-1880,2025-03-19,John Smith,EMP-003,RTX 4070 Ti,11,Components,GPU,2,75000,500,60000,Credit Card,Walk-in,,Audience conference read write.
OFF-20241004-KJCJ-1881,2024-10-04,Anton,EMP-001,Gaming PC Build,11,Desktops,Gaming PC,1,85000,1500,65000,Debit Card,Cynthia Webb,8244071267,
OFF-20220924-E9LL-1882,2022-09-24,Anton,EMP-001,Corsair 32GB RAM,2,Components,RAM,3,9000,0,6000,UPI,Lori Huang,,
OFF-20230117-PRF8-1883,2023-01-17,Jane Doe,EMP-002,Razer BlackWidow,4,Accessories,Keyboards,1,12000,0,8000,Cash,Henry Jacobs,,Nature nation experience wish focus seek.
OFF-20250423-CKE6-1884,2025-04-23,Jane Doe,EMP-002,Samsung 980 PRO 1TB,20,Components,Storage,2,8000,0,5500,Credit Card,Walk-in,,
OFF-20230524-ELUG-1885,2023-05-24,Jane Doe,EMP-002,NZXT H510 Case,16,Components,Cases,3,7000,1000,4500,Debit Card,Jeffrey Hayes,773-596-3027x912,
OFF-20210410-FU23-1886,2021-04-10,Anton,EMP-001,Gaming PC Build,10,Desktops,Gaming PC,3,85000,0,65000,Credit Card,Jennifer Oneill,+1-723-806-3161x1363,
OFF-20250514-23UA-1887,2025-05-14,Anton,EMP-001,RTX 4070 Ti,15,Components,GPU,1,75000,1500,60000,Credit Card,Mary Everett,,
OFF-20230410-U18E-1888,2023-04-10,Jane Doe,EMP-002,Logitech WebCam C920,16,Accessories,Webcams,1,6000,1000,3500,Debit Card,Jane Richardson,597.959.6847x270,
OFF-20211224-USZA-1889,2021-12-24,John Smith,EMP-003,ASUS ROG Monitor 27,3,Displays,Monitors,1,25000,0,18000,Credit Card,Walk-in,,
OFF-20220406-ACIC-1890,2022-04-06,John Smith,EMP-003,Razer BlackWidow,19,Accessories,Keyboards,3,12000,1500,8000,UPI,Christopher Banks,,
OFF-20211225-F1W0-1891,2021-12-25,John Smith,EMP-003,Razer BlackWidow,9,Accessories,Keyboards,2,12000,1500,8000,Credit Card,Walk-in,709.285.5609,
OFF-20230505-WBFA-1892,2023-05-05,Anton,EMP-001,Gaming PC Build,1,Desktops,Gaming PC,3,85000,1500,65000,Cash,Walk-in,,Reason produce main each those.
OFF-20240801-NDZ3-1893,2024-08-01,Anton,EMP-001,Logitech MX Master 3,20,Accessories,Mice,2,8500,1500,5000,Cash,Walk-in,,
OFF-20240528-YYIJ-1894,2024-05-28,Anton,EMP-001,Gaming PC Build,2,Desktops,Gaming PC,1,85000,0,65000,Credit Card,Walk-in,,
OFF-20250422-W6HS-1895,2025-04-22,John Smith,EMP-003,NZXT H510 Case,20,Components,Cases,1,7000,1500,4500,Credit Card,Walk-in,,
OFF-20220824-RK5H-1896,2022-08-24,Anton,EMP-001,Intel Core i7 13700K,20,Components,CPU,3,35000,1000,28000,UPI,Cynthia Smith,001-815-529-4642x3634,
OFF-20250427-H5DO-1897,2025-04-27,Jane Doe,EMP-002,Corsair 32GB RAM,3,Components,RAM,3,9000,0,6000,UPI,Walk-in,,
OFF-20230125-Q3GB-1898,2023-01-25,Jane Doe,EMP-002,ASUS ROG Monitor 27,12,Displays,Monitors,3,25000,0,18000,Cash,James Maxwell,,
OFF-20230121-94IS-1899,2023-01-21,Jane Doe,EMP-002,Gaming PC Build,16,Desktops,Gaming PC,3,85000,1500,65000,UPI,Walk-in,995-507-4521,
OFF-20220429-ET0M-1900,2022-04-29,Anton,EMP-001,ASUS ROG Monitor 27,1,Displays,Monitors,1,25000,0,18000,Cash,Antonio Baker,,
OFF-20251120-E25L-1901,2025-11-20,Jane Doe,EMP-002,Samsung 980 PRO 1TB,3,Components,Storage,3,8000,1000,5500,Debit Card,Walk-in,001-507-290-4246x107,Anyone road face beat.
OFF-20210702-2YDB-1902,2021-07-02,John Smith,EMP-003,Logitech WebCam C920,9,Accessories,Webcams,3,6000,1000,3500,Debit Card,Emily Dixon,,
OFF-20250212-64O8-1903,2025-02-12,Jane Doe,EMP-002,Gaming PC Build,8,Desktops,Gaming PC,1,85000,1000,65000,Cash,Darrell Turner DDS,001-572-326-3653x27160,
OFF-20241206-L960-1904,2024-12-06,Jane Doe,EMP-002,Razer BlackWidow,19,Accessories,Keyboards,1,12000,1000,8000,UPI,Walk-in,+1-342-957-7607x491,
OFF-20210522-Q59G-1905,2021-05-22,Anton,EMP-001,Razer BlackWidow,5,Accessories,Keyboards,2,12000,0,8000,Cash,Kathy Baldwin,,Look reach stop.
OFF-20240804-7MTZ-1906,2024-08-04,John Smith,EMP-003,Samsung 980 PRO 1TB,19,Components,Storage,3,8000,0,5500,Credit Card,Carrie Christensen,,
OFF-20230726-13TZ-1907,2023-07-26,Jane Doe,EMP-002,RTX 4070 Ti,3,Components,GPU,1,75000,0,60000,Cash,Catherine Burke,696.819.8121x07481,
OFF-20220204-4UUJ-1908,2022-02-04,John Smith,EMP-003,Logitech WebCam C920,4,Accessories,Webcams,3,6000,0,3500,Cash,Walk-in,,
OFF-20250710-24Q2-1909,2025-07-10,Anton,EMP-001,Razer BlackWidow,16,Accessories,Keyboards,2,12000,1000,8000,Debit Card,Walk-in,,
OFF-20211122-4JHG-1910,2021-11-22,John Smith,EMP-003,Logitech WebCam C920,15,Accessories,Webcams,3,6000,500,3500,Debit Card,Walk-in,955-379-3884x355,
OFF-20220807-4324-1911,2022-08-07,Jane Doe,EMP-002,Gaming PC Build,5,Desktops,Gaming PC,2,85000,500,65000,Cash,Walk-in,,
OFF-20220424-2870-1912,2022-04-24,Anton,EMP-001,Corsair 32GB RAM,3,Components,RAM,2,9000,1000,6000,UPI,Ashley Robertson,,
OFF-20240217-KWTF-1913,2024-02-17,Anton,EMP-001,NZXT H510 Case,5,Components,Cases,2,7000,500,4500,Credit Card,Dr. Sylvia Adams,8153623558,
OFF-20220601-GH1N-1914,2022-06-01,John Smith,EMP-003,NZXT H510 Case,7,Components,Cases,3,7000,0,4500,Debit Card,Erin Gonzalez,,
OFF-20220612-2D0B-1915,2022-06-12,John Smith,EMP-003,Intel Core i7 13700K,13,Components,CPU,1,35000,0,28000,Credit Card,Katherine Chase,001-654-419-7124x491,
OFF-20210905-IJ6R-1916,2021-09-05,Anton,EMP-001,Intel Core i7 13700K,9,Components,CPU,2,35000,500,28000,UPI,Mark Allison,+1-484-860-9447x8653,Save exist general every system listen development though.
OFF-20240203-JCAV-1917,2024-02-03,John Smith,EMP-003,NZXT H510 Case,12,Components,Cases,2,7000,0,4500,Credit Card,Walk-in,,Specific miss room people agree trip performance.
OFF-20230607-U80M-1918,2023-06-07,John Smith,EMP-003,Logitech MX Master 3,5,Accessories,Mice,3,8500,0,5000,Credit Card,Christopher Palmer,,
OFF-20220102-KBS7-1919,2022-01-02,John Smith,EMP-003,Gaming PC Build,7,Desktops,Gaming PC,1,85000,0,65000,UPI,Patrick Miller,493-984-2784x684,
OFF-20220507-N8M0-1920,2022-05-07,Anton,EMP-001,RTX 4070 Ti,16,Components,GPU,2,75000,1000,60000,Cash,Brittany Frost,894.984.3053,
OFF-20220614-E86E-1921,2022-06-14,John Smith,EMP-003,Samsung 980 PRO 1TB,8,Components,Storage,3,8000,0,5500,Debit Card,Walk-in,001-800-940-0210x777,
OFF-20260124-3H3T-1922,2026-01-24,Anton,EMP-001,ASUS ROG Monitor 27,6,Displays,Monitors,1,25000,0,18000,Cash,Timothy Mitchell,625.595.8231,
OFF-20221221-9TCD-1923,2022-12-21,John Smith,EMP-003,Gaming PC Build,1,Desktops,Gaming PC,3,85000,500,65000,UPI,Walk-in,+1-696-870-8555x8625,
OFF-20240803-0713-1924,2024-08-03,John Smith,EMP-003,Gaming PC Build,5,Desktops,Gaming PC,1,85000,1000,65000,Debit Card,Matthew Moore,+1-879-632-7845x3516,
OFF-20240204-DAPP-1925,2024-02-04,John Smith,EMP-003,Intel Core i7 13700K,11,Components,CPU,2,35000,500,28000,Cash,Jeffrey Fernandez,,
OFF-20260330-QR4X-1926,2026-03-30,Jane Doe,EMP-002,Logitech WebCam C920,9,Accessories,Webcams,1,6000,0,3500,Cash,Walk-in,907-709-7709,Day call staff interest morning night nice before.
OFF-20250830-M4X2-1927,2025-08-30,Anton,EMP-001,Corsair 32GB RAM,19,Components,RAM,1,9000,1500,6000,UPI,James George,001-370-693-7302x9974,
OFF-20210422-G7K1-1928,2021-04-22,Anton,EMP-001,Gaming PC Build,13,Desktops,Gaming PC,3,85000,1000,65000,Debit Card,Bryan Davis,,Trouble finally beyond mean letter wonder along court.
OFF-20240911-RVCL-1929,2024-09-11,Anton,EMP-001,Logitech MX Master 3,19,Accessories,Mice,1,8500,0,5000,Cash,Jordan Reid,(508)917-7174,
OFF-20240517-UVF3-1930,2024-05-17,John Smith,EMP-003,Samsung 980 PRO 1TB,6,Components,Storage,1,8000,0,5500,UPI,David Williams,001-825-827-1089,Product word per teacher nation.
OFF-20220202-TSWR-1931,2022-02-02,Jane Doe,EMP-002,Samsung 980 PRO 1TB,8,Components,Storage,1,8000,0,5500,Debit Card,Sandra Byrd,(800)530-5016x561,Quality situation cover.
OFF-20221123-NJIV-1932,2022-11-23,Jane Doe,EMP-002,Logitech MX Master 3,16,Accessories,Mice,2,8500,0,5000,Debit Card,Walk-in,9802389891,
OFF-20251227-CF8X-1933,2025-12-27,Anton,EMP-001,Logitech WebCam C920,6,Accessories,Webcams,2,6000,0,3500,Debit Card,Walk-in,,
OFF-20210705-YV7G-1934,2021-07-05,Jane Doe,EMP-002,Corsair 32GB RAM,10,Components,RAM,2,9000,0,6000,UPI,Walk-in,490.685.1006x956,
OFF-20220118-5DBD-1935,2022-01-18,Anton,EMP-001,Gaming PC Build,14,Desktops,Gaming PC,1,85000,1000,65000,Credit Card,Tanya Rodriguez,,Bar rather task do.
OFF-20211218-IOW1-1936,2021-12-18,Anton,EMP-001,Logitech MX Master 3,15,Accessories,Mice,3,8500,0,5000,UPI,Zachary Martin,,Reduce agent hope offer happen.
OFF-20240315-VVL4-1937,2024-03-15,Jane Doe,EMP-002,ASUS ROG Monitor 27,13,Displays,Monitors,3,25000,0,18000,Debit Card,Carl Wise,221-792-7915x6089,
OFF-20220114-CGPV-1938,2022-01-14,John Smith,EMP-003,Corsair 32GB RAM,19,Components,RAM,1,9000,1000,6000,UPI,Stephanie Cox,,
OFF-20211026-UF6R-1939,2021-10-26,John Smith,EMP-003,Logitech WebCam C920,7,Accessories,Webcams,1,6000,1500,3500,UPI,Tanner Beck,883.631.6944x759,
OFF-20210524-EOL1-1940,2021-05-24,Anton,EMP-001,Intel Core i7 13700K,10,Components,CPU,3,35000,0,28000,Credit Card,Brandon Foster,(333)947-1494x1764,
OFF-20251220-DYXZ-1941,2025-12-20,Jane Doe,EMP-002,NZXT H510 Case,7,Components,Cases,2,7000,0,4500,Cash,Walk-in,694.351.8404x406,
OFF-20210922-8PJB-1942,2021-09-22,Jane Doe,EMP-002,Gaming PC Build,18,Desktops,Gaming PC,2,85000,1000,65000,Cash,Patrick Flores,562.786.0262x67834,Big reason southern majority artist.
OFF-20230213-L5DI-1943,2023-02-13,Jane Doe,EMP-002,Gaming PC Build,7,Desktops,Gaming PC,3,85000,0,65000,Debit Card,Leonard Thompson,(362)234-2240x03913,
OFF-20250628-831W-1944,2025-06-28,Anton,EMP-001,Logitech MX Master 3,9,Accessories,Mice,1,8500,500,5000,Debit Card,Larry Frank,,
OFF-20260311-OG6X-1945,2026-03-11,Jane Doe,EMP-002,Intel Core i7 13700K,16,Components,CPU,1,35000,1000,28000,Cash,Jason Salazar,,
OFF-20240729-Z58W-1946,2024-07-29,Jane Doe,EMP-002,Logitech WebCam C920,12,Accessories,Webcams,3,6000,0,3500,Debit Card,Robert Serrano,,Color vote moment.
OFF-20231005-AJU7-1947,2023-10-05,Anton,EMP-001,ASUS ROG Monitor 27,7,Displays,Monitors,2,25000,0,18000,Cash,Kristen Porter,,Per rest what toward research model.
OFF-20220518-HILQ-1948,2022-05-18,Anton,EMP-001,Logitech MX Master 3,2,Accessories,Mice,1,8500,0,5000,Debit Card,Travis Hill,9435850694,Institution her protect bill three stand light.
OFF-20231026-K36S-1949,2023-10-26,Anton,EMP-001,ASUS ROG Monitor 27,14,Displays,Monitors,1,25000,1000,18000,Credit Card,Courtney Holland,001-637-664-3886x236,
OFF-20251122-A1V1-1950,2025-11-22,Jane Doe,EMP-002,ASUS ROG Monitor 27,8,Displays,Monitors,2,25000,0,18000,Credit Card,Randall Boyd,,
OFF-20211130-A2ON-1951,2021-11-30,Anton,EMP-001,Corsair 32GB RAM,10,Components,RAM,1,9000,0,6000,Credit Card,Tina Potter,,
OFF-20241114-MHVY-1952,2024-11-14,Jane Doe,EMP-002,Logitech MX Master 3,19,Accessories,Mice,1,8500,1500,5000,Credit Card,Walk-in,,Body smile daughter film for reduce like.
OFF-20210709-8Q7I-1953,2021-07-09,Jane Doe,EMP-002,RTX 4070 Ti,1,Components,GPU,1,75000,0,60000,Credit Card,Marc Moore,,
OFF-20211201-5KJF-1954,2021-12-01,Anton,EMP-001,Gaming PC Build,9,Desktops,Gaming PC,3,85000,1500,65000,Debit Card,Walk-in,263-759-9805x0297,Avoid use pattern kid.
OFF-20230724-UYA5-1955,2023-07-24,Anton,EMP-001,Logitech MX Master 3,11,Accessories,Mice,2,8500,1500,5000,UPI,Timothy Levine,,Recently break like hand exist gun.
OFF-20220709-7OAK-1956,2022-07-09,John Smith,EMP-003,Logitech MX Master 3,7,Accessories,Mice,2,8500,1000,5000,Debit Card,Karen Glass,,
OFF-20221206-NSF9-1957,2022-12-06,John Smith,EMP-003,Logitech WebCam C920,5,Accessories,Webcams,3,6000,1500,3500,Cash,Kelly Rogers,(562)218-3154x3245,Expert score strategy hear move southern set.
OFF-20220202-68TO-1958,2022-02-02,Jane Doe,EMP-002,Intel Core i7 13700K,10,Components,CPU,3,35000,0,28000,UPI,Walk-in,,
OFF-20240928-UF9H-1959,2024-09-28,Anton,EMP-001,ASUS ROG Monitor 27,13,Displays,Monitors,1,25000,0,18000,Credit Card,Patrick Marks,,
OFF-20251214-WTB2-1960,2025-12-14,Anton,EMP-001,Razer BlackWidow,8,Accessories,Keyboards,2,12000,0,8000,UPI,Michael Gentry,,
OFF-20260319-QNID-1961,2026-03-19,Jane Doe,EMP-002,Logitech WebCam C920,8,Accessories,Webcams,2,6000,0,3500,UPI,Nicholas Salas,,Food allow crime wind floor phone understand.
OFF-20231230-V1X3-1962,2023-12-30,Anton,EMP-001,Intel Core i7 13700K,15,Components,CPU,2,35000,500,28000,Credit Card,Tommy Lopez,+1-788-838-0214x52802,
OFF-20221024-HBSZ-1963,2022-10-24,John Smith,EMP-003,Corsair 32GB RAM,17,Components,RAM,3,9000,500,6000,Debit Card,Nicholas Porter,,
OFF-20230730-F274-1964,2023-07-30,Anton,EMP-001,Intel Core i7 13700K,7,Components,CPU,1,35000,0,28000,Cash,Patricia Mcintyre,001-470-879-4724x3730,She member trade.
OFF-20210426-I691-1965,2021-04-26,John Smith,EMP-003,Gaming PC Build,19,Desktops,Gaming PC,2,85000,0,65000,UPI,Alexis Walter,(708)274-2342x13663,South lead maintain reason another.
OFF-20221029-XZDC-1966,2022-10-29,John Smith,EMP-003,Corsair 32GB RAM,6,Components,RAM,2,9000,1500,6000,Credit Card,Walk-in,9442502013,
OFF-20211007-6A4J-1967,2021-10-07,John Smith,EMP-003,Razer BlackWidow,5,Accessories,Keyboards,3,12000,1000,8000,UPI,Michael Smith,(259)679-4935x602,
OFF-20230607-OME7-1968,2023-06-07,John Smith,EMP-003,NZXT H510 Case,4,Components,Cases,3,7000,1000,4500,Credit Card,Jonathan Ramos,(923)927-2800x203,
OFF-20221116-1F06-1969,2022-11-16,John Smith,EMP-003,Logitech MX Master 3,11,Accessories,Mice,2,8500,0,5000,Debit Card,Richard Nielsen,513.758.6848x29980,
OFF-20240423-AVB7-1970,2024-04-23,John Smith,EMP-003,Logitech MX Master 3,17,Accessories,Mice,1,8500,0,5000,Debit Card,Kara Flores,+1-249-348-5926x079,
OFF-20240321-48OL-1971,2024-03-21,John Smith,EMP-003,Intel Core i7 13700K,13,Components,CPU,2,35000,1500,28000,Credit Card,Richard Ryan,559-958-7350x956,Same fear either key order.
OFF-20240622-D6GY-1972,2024-06-22,Anton,EMP-001,Gaming PC Build,13,Desktops,Gaming PC,1,85000,1500,65000,UPI,Melissa Benton,001-746-995-3393x357,
OFF-20220812-BZ28-1973,2022-08-12,Jane Doe,EMP-002,NZXT H510 Case,9,Components,Cases,2,7000,0,4500,UPI,Alexandria Martin,,
OFF-20220822-LF9E-1974,2022-08-22,John Smith,EMP-003,Intel Core i7 13700K,20,Components,CPU,1,35000,1500,28000,Credit Card,Walk-in,001-668-330-7824x42766,But role a service popular behavior.
OFF-20231031-13WR-1975,2023-10-31,Jane Doe,EMP-002,RTX 4070 Ti,10,Components,GPU,1,75000,1500,60000,Debit Card,Walk-in,,Standard open young natural threat wish.
OFF-20240406-9KIG-1976,2024-04-06,Anton,EMP-001,Intel Core i7 13700K,12,Components,CPU,2,35000,1500,28000,Debit Card,Kelly Moore,(517)671-1064x0182,
OFF-20250322-2YV1-1977,2025-03-22,Jane Doe,EMP-002,ASUS ROG Monitor 27,5,Displays,Monitors,1,25000,0,18000,Cash,Amy Banks,,Send model third physical information.
OFF-20220707-0Y8W-1978,2022-07-07,Anton,EMP-001,Razer BlackWidow,16,Accessories,Keyboards,2,12000,0,8000,Cash,Audrey Mccarthy,001-544-341-0739x95842,
OFF-20221102-8VAS-1979,2022-11-02,Anton,EMP-001,Logitech WebCam C920,13,Accessories,Webcams,1,6000,0,3500,Debit Card,Isaiah Mitchell,,
OFF-20230302-H0KP-1980,2023-03-02,Jane Doe,EMP-002,Intel Core i7 13700K,6,Components,CPU,1,35000,0,28000,Cash,Jamie Green,001-206-632-5082,Course turn pull find.
OFF-20251223-YPVJ-1981,2025-12-23,Jane Doe,EMP-002,Razer BlackWidow,6,Accessories,Keyboards,2,12000,1500,8000,Cash,Anna Bush MD,,
OFF-20230103-W633-1982,2023-01-03,Anton,EMP-001,RTX 4070 Ti,10,Components,GPU,3,75000,1000,60000,Cash,Katelyn Brown,,Local ready top edge population.
OFF-20220715-8UDD-1983,2022-07-15,Jane Doe,EMP-002,Intel Core i7 13700K,10,Components,CPU,1,35000,0,28000,Credit Card,Gloria Esparza,4208085000,
OFF-20210715-FQ07-1984,2021-07-15,Anton,EMP-001,ASUS ROG Monitor 27,1,Displays,Monitors,3,25000,1000,18000,Debit Card,Adam Riley,419.807.2448x621,
OFF-20220328-X4XQ-1985,2022-03-28,Anton,EMP-001,Logitech MX Master 3,7,Accessories,Mice,3,8500,0,5000,UPI,Adam Nichols,,Recent over prepare character.
OFF-20230302-Q370-1986,2023-03-02,Anton,EMP-001,NZXT H510 Case,11,Components,Cases,3,7000,500,4500,Cash,Michael Simpson,2028183497,
OFF-20220820-W809-1987,2022-08-20,Jane Doe,EMP-002,RTX 4070 Ti,4,Components,GPU,2,75000,0,60000,Credit Card,Caroline Fleming,001-772-329-4484x077,
OFF-20251113-WQC9-1988,2025-11-13,John Smith,EMP-003,RTX 4070 Ti,14,Components,GPU,1,75000,1500,60000,Cash,Ashley Mcpherson,+1-673-995-8389x5460,
OFF-20250123-84N8-1989,2025-01-23,Jane Doe,EMP-002,RTX 4070 Ti,20,Components,GPU,2,75000,0,60000,Debit Card,Denise White,,Prove customer finish to window behind.
OFF-20250513-81JP-1990,2025-05-13,Jane Doe,EMP-002,Razer BlackWidow,9,Accessories,Keyboards,2,12000,0,8000,Debit Card,Walk-in,,Social test real exist religious.
OFF-20250310-4ROA-1991,2025-03-10,Anton,EMP-001,Gaming PC Build,3,Desktops,Gaming PC,2,85000,1500,65000,Debit Card,Melissa Hudson,,
OFF-20240501-2Z4W-1992,2024-05-01,Anton,EMP-001,Logitech MX Master 3,16,Accessories,Mice,3,8500,0,5000,UPI,Walk-in,,
OFF-20220616-7G0L-1993,2022-06-16,Jane Doe,EMP-002,Logitech WebCam C920,5,Accessories,Webcams,3,6000,0,3500,Cash,Walk-in,,
OFF-20211201-Z2BT-1994,2021-12-01,Anton,EMP-001,Gaming PC Build,16,Desktops,Gaming PC,3,85000,0,65000,Debit Card,Richard Robinson,,
OFF-20220717-NUUT-1995,2022-07-17,Anton,EMP-001,Logitech MX Master 3,13,Accessories,Mice,2,8500,0,5000,Cash,Stephanie Sanchez,231.372.7869x127,
OFF-20240616-QCUE-1996,2024-06-16,John Smith,EMP-003,Intel Core i7 13700K,7,Components,CPU,1,35000,0,28000,Cash,Jessica Brewer,(282)687-7256,
OFF-20211129-689H-1997,2021-11-29,John Smith,EMP-003,NZXT H510 Case,18,Components,Cases,2,7000,0,4500,Debit Card,Norma Smith,001-653-746-9888x80710,
OFF-20211224-Y6WW-1998,2021-12-24,John Smith,EMP-003,Gaming PC Build,8,Desktops,Gaming PC,3,85000,500,65000,UPI,Luis Hutchinson,578-665-6021x7510,
OFF-20220920-DSCL-1999,2022-09-20,Jane Doe,EMP-002,NZXT H510 Case,6,Components,Cases,2,7000,0,4500,Debit Card,Stephanie Watkins,(770)356-4205x7617,Somebody really fire similar reason sound.
OFF-20220409-82ZA-2000,2022-04-09,Jane Doe,EMP-002,Razer BlackWidow,9,Accessories,Keyboards,3,12000,0,8000,Debit Card,Walk-in,,Building from debate appear federal garden.
OFF-20231009-B0MT-2001,2023-10-09,Jane Doe,EMP-002,Intel Core i7 13700K,14,Components,CPU,2,35000,1500,28000,Cash,Kenneth Obrien,,
OFF-20230617-7A4Q-2002,2023-06-17,John Smith,EMP-003,Corsair 32GB RAM,14,Components,RAM,1,9000,0,6000,UPI,Karen Parker,,
OFF-20220419-QBSV-2003,2022-04-19,Jane Doe,EMP-002,Logitech WebCam C920,11,Accessories,Webcams,3,6000,500,3500,Cash,Walk-in,+1-572-656-0202x9156,Bag middle rock which generation.
OFF-20221008-E4TO-2004,2022-10-08,John Smith,EMP-003,NZXT H510 Case,3,Components,Cases,3,7000,500,4500,Credit Card,Todd Jordan,,
OFF-20251111-LWZW-2005,2025-11-11,John Smith,EMP-003,Razer BlackWidow,14,Accessories,Keyboards,1,12000,1500,8000,Credit Card,Evelyn Washington,,
OFF-20230624-7QO8-2006,2023-06-24,Anton,EMP-001,Intel Core i7 13700K,3,Components,CPU,1,35000,0,28000,Cash,Beverly Ashley,001-489-467-0238,
OFF-20251022-UBFA-2007,2025-10-22,Jane Doe,EMP-002,Intel Core i7 13700K,11,Components,CPU,1,35000,1000,28000,Credit Card,Michelle Clark,,
OFF-20240725-VKHO-2008,2024-07-25,John Smith,EMP-003,NZXT H510 Case,12,Components,Cases,3,7000,1000,4500,Credit Card,Walk-in,,Thousand brother show note.
OFF-20231013-P1JU-2009,2023-10-13,John Smith,EMP-003,RTX 4070 Ti,8,Components,GPU,1,75000,1500,60000,Cash,Walk-in,,
OFF-20220412-JNB8-2010,2022-04-12,Anton,EMP-001,Corsair 32GB RAM,20,Components,RAM,1,9000,0,6000,UPI,Mark Mccormick,,
OFF-20240903-5KM4-2011,2024-09-03,Jane Doe,EMP-002,Intel Core i7 13700K,11,Components,CPU,3,35000,1500,28000,UPI,Walk-in,,
OFF-20230523-W259-2012,2023-05-23,Jane Doe,EMP-002,Gaming PC Build,7,Desktops,Gaming PC,1,85000,0,65000,Cash,Wanda Ellis,(853)913-6128,
OFF-20250205-8F1P-2013,2025-02-05,Anton,EMP-001,Corsair 32GB RAM,18,Components,RAM,3,9000,0,6000,Debit Card,David Howard,,
OFF-20230723-JGKZ-2014,2023-07-23,Anton,EMP-001,Razer BlackWidow,16,Accessories,Keyboards,3,12000,1000,8000,Credit Card,Michael Edwards,,
OFF-20230617-IPQ2-2015,2023-06-17,Jane Doe,EMP-002,Samsung 980 PRO 1TB,14,Components,Storage,1,8000,1000,5500,Debit Card,Becky Gillespie,001-348-742-7192x4253,
OFF-20220212-59L4-2016,2022-02-12,Anton,EMP-001,Samsung 980 PRO 1TB,7,Components,Storage,3,8000,500,5500,Cash,Walk-in,,
OFF-20250720-57XF-2017,2025-07-20,John Smith,EMP-003,Gaming PC Build,2,Desktops,Gaming PC,3,85000,0,65000,Debit Card,Angela Bernard,001-250-214-7865,
OFF-20230213-5QU0-2018,2023-02-13,John Smith,EMP-003,RTX 4070 Ti,4,Components,GPU,1,75000,0,60000,Cash,Jacqueline Padilla,4319180008,
OFF-20230331-8QP6-2019,2023-03-31,John Smith,EMP-003,NZXT H510 Case,15,Components,Cases,3,7000,0,4500,Cash,Stephen Wilkins,,Hope account body cultural show brother.
OFF-20220201-NUO9-2020,2022-02-01,John Smith,EMP-003,Razer BlackWidow,1,Accessories,Keyboards,3,12000,1000,8000,Cash,Kristy Holmes,335.898.6174x2283,
OFF-20240627-BOS5-2021,2024-06-27,Anton,EMP-001,Logitech MX Master 3,10,Accessories,Mice,1,8500,1500,5000,UPI,Toni Watson,,Language region from early front mother sort reason.
OFF-20240728-85P2-2022,2024-07-28,Anton,EMP-001,Samsung 980 PRO 1TB,7,Components,Storage,1,8000,0,5500,Debit Card,Jennifer Thomas,,
OFF-20251226-82JF-2023,2025-12-26,Anton,EMP-001,Logitech WebCam C920,14,Accessories,Webcams,2,6000,500,3500,Cash,Kimberly Chavez,,
OFF-20240615-EFM2-2024,2024-06-15,Jane Doe,EMP-002,Gaming PC Build,3,Desktops,Gaming PC,3,85000,500,65000,Debit Card,Jacob Davis,001-720-247-3436x536,
OFF-20250626-5MAG-2025,2025-06-26,John Smith,EMP-003,Corsair 32GB RAM,4,Components,RAM,2,9000,0,6000,Cash,Keith Rivera,001-548-233-7381,Must poor partner sign.
OFF-20230827-KAGK-2026,2023-08-27,Anton,EMP-001,NZXT H510 Case,12,Components,Cases,3,7000,1500,4500,Credit Card,Ryan Moore,,
OFF-20220319-X0OR-2027,2022-03-19,Anton,EMP-001,Gaming PC Build,7,Desktops,Gaming PC,3,85000,500,65000,Credit Card,Walk-in,,Beyond young organization discuss else coach.
OFF-20251122-3I2X-2028,2025-11-22,John Smith,EMP-003,ASUS ROG Monitor 27,4,Displays,Monitors,1,25000,0,18000,Debit Card,Maria Baxter,,Organization produce face young toward.
OFF-20260226-FNGL-2029,2026-02-26,John Smith,EMP-003,RTX 4070 Ti,20,Components,GPU,2,75000,1500,60000,Cash,Scott Martinez,525-284-9034x857,
OFF-20210618-LF5V-2030,2021-06-18,Anton,EMP-001,RTX 4070 Ti,3,Components,GPU,1,75000,0,60000,UPI,Jeffrey Walls,,
OFF-20231003-GD0H-2031,2023-10-03,John Smith,EMP-003,ASUS ROG Monitor 27,14,Displays,Monitors,1,25000,1500,18000,UPI,Francisco Taylor,,
OFF-20210609-RHVH-2032,2021-06-09,John Smith,EMP-003,Logitech MX Master 3,17,Accessories,Mice,1,8500,1000,5000,Credit Card,Gregory Armstrong,,
OFF-20221119-22X7-2033,2022-11-19,John Smith,EMP-003,Gaming PC Build,2,Desktops,Gaming PC,1,85000,500,65000,Debit Card,Mr. Damon Davidson,,
OFF-20251113-90MA-2034,2025-11-13,Anton,EMP-001,ASUS ROG Monitor 27,10,Displays,Monitors,3,25000,1000,18000,Debit Card,Jeffrey Young,,
OFF-20250606-FCFQ-2035,2025-06-06,Anton,EMP-001,NZXT H510 Case,17,Components,Cases,3,7000,500,4500,Cash,Heather Scott,,
OFF-20250626-TCGJ-2036,2025-06-26,Jane Doe,EMP-002,NZXT H510 Case,13,Components,Cases,3,7000,0,4500,UPI,Kathryn Gonzalez,,
OFF-20250928-BL8G-2037,2025-09-28,John Smith,EMP-003,Gaming PC Build,5,Desktops,Gaming PC,1,85000,0,65000,UPI,Derek Baird,,
OFF-20250218-ZVW1-2038,2025-02-18,Jane Doe,EMP-002,Corsair 32GB RAM,11,Components,RAM,1,9000,1500,6000,Debit Card,Walk-in,739-231-4702x68445,
OFF-20220623-H2IS-2039,2022-06-23,John Smith,EMP-003,Razer BlackWidow,5,Accessories,Keyboards,1,12000,500,8000,Credit Card,Mrs. Traci Avila DVM,,
OFF-20211024-H5YS-2040,2021-10-24,Anton,EMP-001,Samsung 980 PRO 1TB,18,Components,Storage,1,8000,1500,5500,Credit Card,Heather Gill,,
OFF-20240115-Z8YX-2041,2024-01-15,Anton,EMP-001,NZXT H510 Case,19,Components,Cases,1,7000,0,4500,Credit Card,Shannon Jackson,,Age clearly management firm dark.
OFF-20250710-6MNB-2042,2025-07-10,John Smith,EMP-003,ASUS ROG Monitor 27,5,Displays,Monitors,3,25000,0,18000,Cash,Michael Rogers,,
OFF-20220712-1O2B-2043,2022-07-12,John Smith,EMP-003,NZXT H510 Case,16,Components,Cases,2,7000,500,4500,Debit Card,Edward Thompson,,
OFF-20220324-N9TH-2044,2022-03-24,Jane Doe,EMP-002,Logitech WebCam C920,12,Accessories,Webcams,2,6000,0,3500,Credit Card,Oscar Rodriguez,,
OFF-20230709-OG1V-2045,2023-07-09,Anton,EMP-001,Samsung 980 PRO 1TB,9,Components,Storage,2,8000,0,5500,Debit Card,Steven Washington,001-925-937-4992x635,
OFF-20250605-9VSB-2046,2025-06-05,John Smith,EMP-003,Razer BlackWidow,6,Accessories,Keyboards,1,12000,500,8000,Credit Card,Colin Williams,,Much off brother sure simply ahead.
OFF-20251226-5S2R-2047,2025-12-26,Jane Doe,EMP-002,ASUS ROG Monitor 27,13,Displays,Monitors,1,25000,0,18000,Credit Card,Kathleen Bennett,,
OFF-20221105-JEFX-2048,2022-11-05,Anton,EMP-001,Gaming PC Build,18,Desktops,Gaming PC,2,85000,0,65000,Cash,Dr. Sherri Brandt,,Media TV far subject.
OFF-20210906-PBFK-2049,2021-09-06,Jane Doe,EMP-002,RTX 4070 Ti,2,Components,GPU,3,75000,0,60000,UPI,Anthony Arnold,001-348-999-1927,
OFF-20230109-H07V-2050,2023-01-09,John Smith,EMP-003,NZXT H510 Case,20,Components,Cases,1,7000,0,4500,UPI,Karen Stephenson MD,825.870.5138,
OFF-20221016-70JP-2051,2022-10-16,Anton,EMP-001,RTX 4070 Ti,9,Components,GPU,3,75000,0,60000,Debit Card,Walk-in,353.301.3726,
OFF-20220504-VH1A-2052,2022-05-04,Anton,EMP-001,ASUS ROG Monitor 27,8,Displays,Monitors,1,25000,500,18000,UPI,Jamie Johnson,970.208.0748x5554,
OFF-20230621-KHWM-2053,2023-06-21,John Smith,EMP-003,Logitech MX Master 3,18,Accessories,Mice,3,8500,500,5000,Cash,Walk-in,977-360-8767,
OFF-20210618-XRHT-2054,2021-06-18,Jane Doe,EMP-002,ASUS ROG Monitor 27,13,Displays,Monitors,1,25000,0,18000,Credit Card,April Herman,,
OFF-20231009-R0GE-2055,2023-10-09,Anton,EMP-001,Intel Core i7 13700K,17,Components,CPU,1,35000,1000,28000,UPI,Dawn Anderson,270-410-9263x90766,
OFF-20230608-9VEK-2056,2023-06-08,Jane Doe,EMP-002,Intel Core i7 13700K,9,Components,CPU,3,35000,1500,28000,Cash,Rebecca Wilkinson,619-477-2093x63655,
OFF-20240612-CVVY-2057,2024-06-12,John Smith,EMP-003,ASUS ROG Monitor 27,16,Displays,Monitors,3,25000,0,18000,Credit Card,Elizabeth Phelps,440.388.6235,
OFF-20250503-BAI0-2058,2025-05-03,Anton,EMP-001,Logitech MX Master 3,3,Accessories,Mice,3,8500,0,5000,UPI,Emily Simon,(740)552-8646,
OFF-20250927-1LDU-2059,2025-09-27,John Smith,EMP-003,Corsair 32GB RAM,17,Components,RAM,3,9000,1500,6000,Credit Card,Jennifer Thompson,916.939.5949,
OFF-20240509-RDP5-2060,2024-05-09,Anton,EMP-001,Razer BlackWidow,6,Accessories,Keyboards,1,12000,0,8000,UPI,Susan Arnold,001-704-389-0361x700,
OFF-20240215-LEY4-2061,2024-02-15,John Smith,EMP-003,Intel Core i7 13700K,5,Components,CPU,1,35000,1500,28000,UPI,Diana Gallegos,776.854.1054x797,
OFF-20210917-6IJD-2062,2021-09-17,Anton,EMP-001,NZXT H510 Case,20,Components,Cases,3,7000,0,4500,Debit Card,Robert Roman,,
OFF-20230902-CAGO-2063,2023-09-02,Anton,EMP-001,Intel Core i7 13700K,10,Components,CPU,2,35000,1000,28000,Cash,Walk-in,2178878477,
OFF-20250926-5A6U-2064,2025-09-26,Jane Doe,EMP-002,Logitech WebCam C920,16,Accessories,Webcams,1,6000,0,3500,UPI,Erika Cordova,624-359-1457,
OFF-20260223-BIX2-2065,2026-02-23,John Smith,EMP-003,Intel Core i7 13700K,20,Components,CPU,2,35000,1000,28000,Debit Card,Hannah Little,7395340177,
OFF-20211023-D6FD-2066,2021-10-23,Jane Doe,EMP-002,Logitech WebCam C920,20,Accessories,Webcams,3,6000,1500,3500,Credit Card,Lisa Obrien,3087290392,
OFF-20231202-91BB-2067,2023-12-02,John Smith,EMP-003,RTX 4070 Ti,3,Components,GPU,2,75000,1500,60000,Credit Card,Travis Frederick,752-436-4844x15122,
OFF-20210719-DGA9-2068,2021-07-19,Anton,EMP-001,Corsair 32GB RAM,18,Components,RAM,1,9000,0,6000,Debit Card,Walk-in,+1-517-899-3762x5385,
OFF-20250602-KD2Q-2069,2025-06-02,John Smith,EMP-003,Razer BlackWidow,4,Accessories,Keyboards,1,12000,0,8000,Cash,Stacey Williams,(805)615-6787,
OFF-20211031-FNP7-2070,2021-10-31,John Smith,EMP-003,Samsung 980 PRO 1TB,11,Components,Storage,3,8000,500,5500,Credit Card,Jennifer Clark,7243310680,
OFF-20230514-24GI-2071,2023-05-14,John Smith,EMP-003,ASUS ROG Monitor 27,5,Displays,Monitors,2,25000,0,18000,Cash,William Johnston,,
OFF-20240207-5G8E-2072,2024-02-07,John Smith,EMP-003,Samsung 980 PRO 1TB,19,Components,Storage,2,8000,0,5500,Credit Card,Christopher Mccoy,,Truth various it wide.
OFF-20230717-G8J6-2073,2023-07-17,Jane Doe,EMP-002,Intel Core i7 13700K,15,Components,CPU,1,35000,0,28000,Credit Card,Mary Knight,495-668-7147x0945,
OFF-20210804-H1UE-2074,2021-08-04,Anton,EMP-001,ASUS ROG Monitor 27,7,Displays,Monitors,3,25000,500,18000,Debit Card,Pamela White,416-480-5663,
OFF-20230116-WKYT-2075,2023-01-16,Jane Doe,EMP-002,ASUS ROG Monitor 27,3,Displays,Monitors,3,25000,0,18000,Credit Card,Eric Chambers,763.919.0954x3481,
OFF-20220407-96E9-2076,2022-04-07,John Smith,EMP-003,Gaming PC Build,2,Desktops,Gaming PC,2,85000,500,65000,Cash,Dustin Wheeler,,
OFF-20220715-D6QE-2077,2022-07-15,John Smith,EMP-003,Razer BlackWidow,2,Accessories,Keyboards,3,12000,1500,8000,UPI,Miguel Combs,+1-559-676-8160,Their think property industry so.
OFF-20260222-TLF2-2078,2026-02-22,Jane Doe,EMP-002,Logitech MX Master 3,17,Accessories,Mice,3,8500,1000,5000,UPI,Alexis Ray,,
OFF-20221029-EJ6Q-2079,2022-10-29,Jane Doe,EMP-002,Razer BlackWidow,14,Accessories,Keyboards,3,12000,0,8000,UPI,Robert Brown,+1-430-740-2598x2636,Dream major collection president too cup.
OFF-20210415-BOMV-2080,2021-04-15,John Smith,EMP-003,Samsung 980 PRO 1TB,10,Components,Storage,3,8000,0,5500,Cash,Phillip Cole,,
OFF-20260206-ELI1-2081,2026-02-06,Jane Doe,EMP-002,NZXT H510 Case,17,Components,Cases,3,7000,0,4500,UPI,Richard Henderson,,Him others man long.
OFF-20231205-TJ6M-2082,2023-12-05,Jane Doe,EMP-002,Razer BlackWidow,11,Accessories,Keyboards,2,12000,0,8000,Debit Card,Walk-in,,
OFF-20220401-LL0O-2083,2022-04-01,Jane Doe,EMP-002,RTX 4070 Ti,17,Components,GPU,2,75000,1500,60000,Cash,Caitlyn Byrd,,
OFF-20220816-OXQT-2084,2022-08-16,Jane Doe,EMP-002,Gaming PC Build,4,Desktops,Gaming PC,2,85000,500,65000,Debit Card,Walk-in,,
OFF-20211003-4FKM-2085,2021-10-03,John Smith,EMP-003,Intel Core i7 13700K,2,Components,CPU,3,35000,0,28000,Cash,Lauren Jackson,,
OFF-20250616-R7QK-2086,2025-06-16,Anton,EMP-001,Logitech WebCam C920,19,Accessories,Webcams,2,6000,1500,3500,Debit Card,Michael Bennett,,
OFF-20241224-FPDG-2087,2024-12-24,John Smith,EMP-003,RTX 4070 Ti,20,Components,GPU,2,75000,1500,60000,Debit Card,Lindsey Jones,,Audience nor movement Mrs buy.
OFF-20230714-90JC-2088,2023-07-14,Anton,EMP-001,Intel Core i7 13700K,6,Components,CPU,3,35000,0,28000,Credit Card,Steven Smith,,
OFF-20210925-3UV0-2089,2021-09-25,Anton,EMP-001,RTX 4070 Ti,9,Components,GPU,3,75000,1500,60000,Cash,Martin Turner,+1-290-791-7209x465,
OFF-20231028-2OYU-2090,2023-10-28,Jane Doe,EMP-002,Logitech MX Master 3,19,Accessories,Mice,3,8500,0,5000,Cash,Laura Johnson,990-350-8350,
OFF-20250821-8MNI-2091,2025-08-21,John Smith,EMP-003,Razer BlackWidow,5,Accessories,Keyboards,1,12000,1000,8000,Debit Card,Marc Willis,,
OFF-20260319-N1E4-2092,2026-03-19,Anton,EMP-001,Samsung 980 PRO 1TB,4,Components,Storage,3,8000,1500,5500,Debit Card,Rebecca Henderson,,
OFF-20240324-DYGK-2093,2024-03-24,John Smith,EMP-003,Logitech MX Master 3,12,Accessories,Mice,1,8500,500,5000,UPI,Walk-in,,Require oil letter fall conference fund the week.
OFF-20230219-X6E5-2094,2023-02-19,John Smith,EMP-003,ASUS ROG Monitor 27,18,Displays,Monitors,2,25000,500,18000,Credit Card,Kimberly Singleton,6163767556,Window firm assume side.
OFF-20250910-ZB6X-2095,2025-09-10,Jane Doe,EMP-002,Logitech WebCam C920,13,Accessories,Webcams,3,6000,1500,3500,Debit Card,Walk-in,001-600-884-8840x0924,
OFF-20210830-CCBN-2096,2021-08-30,Anton,EMP-001,Samsung 980 PRO 1TB,17,Components,Storage,2,8000,0,5500,Debit Card,Walk-in,,
OFF-20230424-VMU0-2097,2023-04-24,Anton,EMP-001,Logitech MX Master 3,17,Accessories,Mice,3,8500,0,5000,UPI,Walk-in,,About unit how suffer public.
OFF-20240529-FVBK-2098,2024-05-29,John Smith,EMP-003,Logitech MX Master 3,12,Accessories,Mice,1,8500,0,5000,Cash,Samuel Kemp,001-658-980-1159x29391,
OFF-20250116-L59G-2099,2025-01-16,Anton,EMP-001,NZXT H510 Case,3,Components,Cases,2,7000,500,4500,Credit Card,Lisa Thornton,,
OFF-20220517-9TA2-2100,2022-05-17,Jane Doe,EMP-002,RTX 4070 Ti,1,Components,GPU,1,75000,0,60000,Cash,Rebecca Mcdaniel,(859)976-1124,Bit property report measure.
OFF-20221022-MA5P-2101,2022-10-22,Jane Doe,EMP-002,Samsung 980 PRO 1TB,1,Components,Storage,2,8000,0,5500,Cash,Ricardo Griffin MD,,Likely western ahead nature.
OFF-20220507-UK58-2102,2022-05-07,Jane Doe,EMP-002,Logitech WebCam C920,4,Accessories,Webcams,2,6000,0,3500,Cash,Kim Hardin,825-218-7823x427,
OFF-20221129-9R2N-2103,2022-11-29,Jane Doe,EMP-002,Logitech MX Master 3,12,Accessories,Mice,3,8500,0,5000,Cash,Walk-in,526-999-2008x270,
OFF-20250522-7CD7-2104,2025-05-22,John Smith,EMP-003,Intel Core i7 13700K,18,Components,CPU,2,35000,0,28000,Credit Card,Samantha Callahan,,
OFF-20221111-GR1N-2105,2022-11-11,Jane Doe,EMP-002,ASUS ROG Monitor 27,14,Displays,Monitors,1,25000,0,18000,Debit Card,Kyle Parker,+1-484-344-9195x99157,Should memory sell white home political together prevent.
OFF-20250429-HJCZ-2106,2025-04-29,Anton,EMP-001,Corsair 32GB RAM,10,Components,RAM,1,9000,1000,6000,Debit Card,Harold Holt,,Will available purpose manage.
OFF-20220723-4H6B-2107,2022-07-23,John Smith,EMP-003,Samsung 980 PRO 1TB,3,Components,Storage,1,8000,1000,5500,Debit Card,Walk-in,001-400-466-6703,
OFF-20250715-IC8E-2108,2025-07-15,Anton,EMP-001,ASUS ROG Monitor 27,2,Displays,Monitors,1,25000,0,18000,Credit Card,Jim Woodard,,
OFF-20240204-4ACU-2109,2024-02-04,Anton,EMP-001,Logitech MX Master 3,19,Accessories,Mice,3,8500,0,5000,Cash,Terry Hernandez,+1-788-466-5238x172,
OFF-20240224-KZPC-2110,2024-02-24,John Smith,EMP-003,RTX 4070 Ti,2,Components,GPU,2,75000,1000,60000,Credit Card,Walk-in,,
OFF-20260125-RZQE-2111,2026-01-25,Anton,EMP-001,Gaming PC Build,6,Desktops,Gaming PC,2,85000,0,65000,Cash,Walk-in,001-743-219-7906x09497,
OFF-20250927-DPMB-2112,2025-09-27,John Smith,EMP-003,Intel Core i7 13700K,6,Components,CPU,3,35000,1000,28000,Debit Card,Margaret Garcia,,
OFF-20251027-OFXT-2113,2025-10-27,Anton,EMP-001,ASUS ROG Monitor 27,9,Displays,Monitors,2,25000,1000,18000,Cash,Mark Hardin,764-397-8670x8745,
OFF-20240618-7PXT-2114,2024-06-18,Jane Doe,EMP-002,Corsair 32GB RAM,10,Components,RAM,3,9000,0,6000,Cash,Peggy Stevens,001-383-907-5762,
OFF-20211031-5L9T-2115,2021-10-31,John Smith,EMP-003,Samsung 980 PRO 1TB,2,Components,Storage,3,8000,1500,5500,Credit Card,Steven Oneill,355.407.4931,Sign factor report pretty enough explain.
OFF-20231229-EZP9-2116,2023-12-29,Anton,EMP-001,Logitech WebCam C920,20,Accessories,Webcams,1,6000,0,3500,UPI,Taylor Davis,,
OFF-20250707-AERH-2117,2025-07-07,John Smith,EMP-003,ASUS ROG Monitor 27,6,Displays,Monitors,3,25000,1500,18000,UPI,Walk-in,296.794.7000x82845,
OFF-20241123-937P-2118,2024-11-23,John Smith,EMP-003,Samsung 980 PRO 1TB,17,Components,Storage,3,8000,0,5500,Credit Card,Kelsey Thomas,001-637-289-7831x638,Environmental interest president main democratic.
OFF-20221201-0IAT-2119,2022-12-01,John Smith,EMP-003,Intel Core i7 13700K,1,Components,CPU,2,35000,500,28000,Cash,Sandra Allen,,
OFF-20211011-7MZL-2120,2021-10-11,Anton,EMP-001,Razer BlackWidow,4,Accessories,Keyboards,2,12000,0,8000,Cash,Jennifer Patton,(439)240-3855,
OFF-20251013-1OL9-2121,2025-10-13,John Smith,EMP-003,Logitech WebCam C920,6,Accessories,Webcams,2,6000,1500,3500,Cash,Keith Pena,808.797.9085,
OFF-20231115-ME7K-2122,2023-11-15,John Smith,EMP-003,Intel Core i7 13700K,1,Components,CPU,1,35000,500,28000,Cash,Walk-in,,Light road TV bar state fast.
OFF-20210828-RB20-2123,2021-08-28,Anton,EMP-001,Razer BlackWidow,12,Accessories,Keyboards,1,12000,500,8000,Cash,Marcus Mendoza,,
OFF-20220110-AWPP-2124,2022-01-10,Jane Doe,EMP-002,Samsung 980 PRO 1TB,5,Components,Storage,1,8000,500,5500,Cash,Amy Soto,+1-544-219-3495,
OFF-20250723-Y3OX-2125,2025-07-23,Jane Doe,EMP-002,Samsung 980 PRO 1TB,15,Components,Storage,1,8000,1000,5500,Cash,Walk-in,(697)253-5089x99571,
OFF-20251123-1OK1-2126,2025-11-23,Anton,EMP-001,Intel Core i7 13700K,14,Components,CPU,3,35000,1500,28000,UPI,Jeffrey Warren,001-371-419-3420x875,
OFF-20221016-BOLP-2127,2022-10-16,Anton,EMP-001,Gaming PC Build,17,Desktops,Gaming PC,2,85000,0,65000,Cash,Walk-in,908-969-3556,Against center question audience door group.
OFF-20231111-9LAL-2128,2023-11-11,John Smith,EMP-003,Samsung 980 PRO 1TB,4,Components,Storage,2,8000,1500,5500,Cash,Margaret Warren,,Born night foreign information her.
OFF-20240401-4SMO-2129,2024-04-01,Jane Doe,EMP-002,Corsair 32GB RAM,14,Components,RAM,2,9000,1500,6000,Debit Card,Ricardo Everett,(216)462-7751x90619,Morning government write sometimes police.
OFF-20250913-UP2Y-2130,2025-09-13,John Smith,EMP-003,Corsair 32GB RAM,3,Components,RAM,1,9000,500,6000,Cash,Walk-in,,
OFF-20240923-W9BB-2131,2024-09-23,John Smith,EMP-003,ASUS ROG Monitor 27,14,Displays,Monitors,3,25000,0,18000,Debit Card,Louis Lane,001-467-556-4568,
OFF-20220504-01L8-2132,2022-05-04,Jane Doe,EMP-002,RTX 4070 Ti,13,Components,GPU,3,75000,1500,60000,Credit Card,Robert Peters,977-924-4482,
OFF-20210621-D1BW-2133,2021-06-21,Anton,EMP-001,NZXT H510 Case,19,Components,Cases,3,7000,1500,4500,Cash,Mr. James Evans DVM,(946)369-0054x3369,
OFF-20230823-E7MP-2134,2023-08-23,John Smith,EMP-003,ASUS ROG Monitor 27,3,Displays,Monitors,3,25000,0,18000,UPI,Walk-in,,
OFF-20250106-I3TV-2135,2025-01-06,Anton,EMP-001,ASUS ROG Monitor 27,20,Displays,Monitors,3,25000,0,18000,Debit Card,John Alvarado,,
OFF-20250422-97N5-2136,2025-04-22,John Smith,EMP-003,Logitech MX Master 3,17,Accessories,Mice,2,8500,0,5000,Debit Card,Carmen Benton,,
OFF-20230609-H9Q3-2137,2023-06-09,Anton,EMP-001,Gaming PC Build,8,Desktops,Gaming PC,3,85000,0,65000,Cash,Zachary Jones,,
OFF-20230302-PXC6-2138,2023-03-02,John Smith,EMP-003,Intel Core i7 13700K,14,Components,CPU,3,35000,0,28000,Debit Card,James Thompson,764.962.7795x1838,
OFF-20241226-SLM9-2139,2024-12-26,John Smith,EMP-003,Corsair 32GB RAM,6,Components,RAM,2,9000,0,6000,Debit Card,Casey Peters,,
OFF-20250106-OGWK-2140,2025-01-06,John Smith,EMP-003,Intel Core i7 13700K,8,Components,CPU,2,35000,1000,28000,Debit Card,Walk-in,,Young explain town room rate plan.
OFF-20230706-CK5H-2141,2023-07-06,Anton,EMP-001,Logitech MX Master 3,5,Accessories,Mice,2,8500,500,5000,Credit Card,Victor Sanchez,,
OFF-20220411-4DPA-2142,2022-04-11,Jane Doe,EMP-002,Logitech MX Master 3,13,Accessories,Mice,1,8500,0,5000,UPI,Joseph Friedman,001-560-287-8102,
OFF-20240220-IQ46-2143,2024-02-20,Jane Doe,EMP-002,Logitech WebCam C920,1,Accessories,Webcams,2,6000,0,3500,Credit Card,Bruce Wiley DDS,(535)316-0331,
OFF-20210621-KRQ0-2144,2021-06-21,John Smith,EMP-003,Corsair 32GB RAM,18,Components,RAM,2,9000,0,6000,UPI,Kelly Oconnor,,Century into large top first able.
OFF-20260228-OUKE-2145,2026-02-28,Anton,EMP-001,ASUS ROG Monitor 27,12,Displays,Monitors,1,25000,0,18000,Credit Card,Stephanie Wright,,
OFF-20251024-MR3H-2146,2025-10-24,Jane Doe,EMP-002,Logitech WebCam C920,20,Accessories,Webcams,3,6000,1000,3500,Cash,Joseph Burnett,,
OFF-20210531-27M7-2147,2021-05-31,Anton,EMP-001,Logitech MX Master 3,9,Accessories,Mice,1,8500,0,5000,Debit Card,Amanda Edwards,,
OFF-20260117-HKME-2148,2026-01-17,Anton,EMP-001,Logitech MX Master 3,6,Accessories,Mice,3,8500,1500,5000,Credit Card,Ana Barrett,986-974-3497x8245,Phone administration why change.
OFF-20250317-Q1KI-2149,2025-03-17,John Smith,EMP-003,Gaming PC Build,15,Desktops,Gaming PC,3,85000,1000,65000,Cash,Walk-in,,
OFF-20231031-FPJG-2150,2023-10-31,Anton,EMP-001,Logitech MX Master 3,4,Accessories,Mice,1,8500,0,5000,Debit Card,Walk-in,791-225-3000,
OFF-20240901-P7I1-2151,2024-09-01,Jane Doe,EMP-002,ASUS ROG Monitor 27,16,Displays,Monitors,2,25000,1000,18000,Debit Card,David Alexander,,
OFF-20211007-JVWT-2152,2021-10-07,Jane Doe,EMP-002,Samsung 980 PRO 1TB,20,Components,Storage,3,8000,1000,5500,Debit Card,Travis Tucker,,
OFF-20251231-28R0-2153,2025-12-31,Jane Doe,EMP-002,Logitech MX Master 3,17,Accessories,Mice,2,8500,500,5000,Debit Card,Walk-in,,City lot break.
OFF-20240929-FG0J-2154,2024-09-29,Anton,EMP-001,NZXT H510 Case,2,Components,Cases,2,7000,0,4500,Credit Card,Susan Melton,001-348-684-3677x93434,
OFF-20250410-HZ5G-2155,2025-04-10,Jane Doe,EMP-002,Corsair 32GB RAM,17,Components,RAM,2,9000,0,6000,Debit Card,James Hall,,
OFF-20251229-BRIF-2156,2025-12-29,Jane Doe,EMP-002,Logitech MX Master 3,4,Accessories,Mice,2,8500,0,5000,Debit Card,Brenda Bennett,001-872-948-1652x42152,Major camera but discuss natural.
OFF-20230427-FN97-2157,2023-04-27,Anton,EMP-001,Logitech MX Master 3,20,Accessories,Mice,3,8500,0,5000,Credit Card,Sarah Martin,+1-894-364-1358x97750,
OFF-20221204-ZA9O-2158,2022-12-04,Jane Doe,EMP-002,RTX 4070 Ti,10,Components,GPU,3,75000,0,60000,Cash,Walk-in,(320)776-7279x25154,
OFF-20241210-57HN-2159,2024-12-10,John Smith,EMP-003,Logitech WebCam C920,6,Accessories,Webcams,2,6000,500,3500,Cash,Kimberly Bennett,475-281-2021,
OFF-20251104-130K-2160,2025-11-04,Anton,EMP-001,Gaming PC Build,5,Desktops,Gaming PC,2,85000,500,65000,Credit Card,Melissa Mckenzie,883.398.4049x44634,
OFF-20230619-IW49-2161,2023-06-19,Jane Doe,EMP-002,Intel Core i7 13700K,12,Components,CPU,1,35000,0,28000,Credit Card,Samantha Cooper,339-692-0451x648,
OFF-20260309-QDPQ-2162,2026-03-09,Jane Doe,EMP-002,Razer BlackWidow,17,Accessories,Keyboards,3,12000,0,8000,UPI,Diane Walker,657-224-9598x8542,
OFF-20250309-A7X7-2163,2025-03-09,Jane Doe,EMP-002,ASUS ROG Monitor 27,13,Displays,Monitors,3,25000,1500,18000,Debit Card,Michelle Bright,,
OFF-20240709-U0ED-2164,2024-07-09,John Smith,EMP-003,Logitech WebCam C920,7,Accessories,Webcams,2,6000,1000,3500,UPI,Walk-in,9528173660,
OFF-20230121-4589-2165,2023-01-21,John Smith,EMP-003,ASUS ROG Monitor 27,19,Displays,Monitors,3,25000,1000,18000,UPI,Margaret Hood,625.498.1007,Anyone appear pay.
OFF-20241003-GD3O-2166,2024-10-03,Jane Doe,EMP-002,NZXT H510 Case,1,Components,Cases,1,7000,0,4500,Debit Card,Sarah Williams,(218)715-5153,
OFF-20221203-6SXW-2167,2022-12-03,Jane Doe,EMP-002,Logitech WebCam C920,19,Accessories,Webcams,3,6000,1500,3500,Debit Card,Walk-in,208-538-8545,
OFF-20240218-3JF1-2168,2024-02-18,Anton,EMP-001,Intel Core i7 13700K,11,Components,CPU,2,35000,0,28000,Credit Card,Keith Aguirre,,
OFF-20240309-OUAS-2169,2024-03-09,John Smith,EMP-003,Razer BlackWidow,10,Accessories,Keyboards,1,12000,0,8000,Credit Card,Robyn Hughes,,
OFF-20250903-I3G1-2170,2025-09-03,Anton,EMP-001,Corsair 32GB RAM,4,Components,RAM,3,9000,0,6000,Debit Card,Paul Salazar,497-570-5958x4425,
OFF-20220511-VP17-2171,2022-05-11,Jane Doe,EMP-002,RTX 4070 Ti,15,Components,GPU,3,75000,1000,60000,UPI,Rebecca Smith,,
OFF-20210614-6PFP-2172,2021-06-14,John Smith,EMP-003,NZXT H510 Case,11,Components,Cases,2,7000,0,4500,Credit Card,Alan Stevenson,542.485.2395x9112,
OFF-20230625-895P-2173,2023-06-25,John Smith,EMP-003,Razer BlackWidow,7,Accessories,Keyboards,2,12000,0,8000,UPI,Jillian Oliver,001-338-517-2391x0354,
OFF-20221114-K05F-2174,2022-11-14,Jane Doe,EMP-002,Gaming PC Build,20,Desktops,Gaming PC,3,85000,0,65000,Debit Card,Megan Day,,Water none second down modern compare itself within.
OFF-20230216-EY4P-2175,2023-02-16,John Smith,EMP-003,ASUS ROG Monitor 27,9,Displays,Monitors,2,25000,500,18000,Debit Card,Veronica Morgan,,
OFF-20230324-YHZ3-2176,2023-03-24,Anton,EMP-001,Logitech WebCam C920,17,Accessories,Webcams,2,6000,500,3500,Cash,Gary Heath PhD,,
OFF-20240327-KM2W-2177,2024-03-27,Jane Doe,EMP-002,RTX 4070 Ti,2,Components,GPU,2,75000,0,60000,Debit Card,Amy Morris,838.245.5691x374,
OFF-20241026-P1NN-2178,2024-10-26,Jane Doe,EMP-002,Logitech MX Master 3,19,Accessories,Mice,2,8500,0,5000,Cash,Walk-in,,Letter that force process often hope.
OFF-20230207-9B9X-2179,2023-02-07,Anton,EMP-001,Intel Core i7 13700K,6,Components,CPU,2,35000,0,28000,Cash,Mrs. Phyllis Perry DVM,,
OFF-20210615-761X-2180,2021-06-15,Jane Doe,EMP-002,Intel Core i7 13700K,17,Components,CPU,3,35000,1000,28000,Cash,Robert White,,
OFF-20260207-8PN0-2181,2026-02-07,Jane Doe,EMP-002,Corsair 32GB RAM,20,Components,RAM,2,9000,1000,6000,Cash,Walk-in,,
OFF-20250128-JAU9-2182,2025-01-28,Jane Doe,EMP-002,RTX 4070 Ti,10,Components,GPU,1,75000,0,60000,Cash,Heather Reed,408.681.3784x36934,
OFF-20260109-E6IJ-2183,2026-01-09,Jane Doe,EMP-002,Logitech WebCam C920,6,Accessories,Webcams,1,6000,1000,3500,Debit Card,Walk-in,607.354.1384,
OFF-20230724-B8L2-2184,2023-07-24,Anton,EMP-001,Gaming PC Build,4,Desktops,Gaming PC,3,85000,500,65000,Cash,Amy Gonzalez,876-519-0816x92344,Us certain born explain toward must close.
OFF-20220310-49SU-2185,2022-03-10,Anton,EMP-001,Intel Core i7 13700K,9,Components,CPU,3,35000,0,28000,UPI,Robert King MD,(207)374-1316x01448,
OFF-20220127-NG8V-2186,2022-01-27,John Smith,EMP-003,Razer BlackWidow,1,Accessories,Keyboards,3,12000,500,8000,Debit Card,Jennifer Montoya,617-463-2070x489,
OFF-20210823-51QV-2187,2021-08-23,Jane Doe,EMP-002,Samsung 980 PRO 1TB,16,Components,Storage,1,8000,500,5500,UPI,Teresa Calderon,,
OFF-20220205-GUAR-2188,2022-02-05,Anton,EMP-001,Logitech WebCam C920,20,Accessories,Webcams,3,6000,1000,3500,Credit Card,Savannah Cooley,+1-970-447-4575x10476,
OFF-20250110-89ME-2189,2025-01-10,John Smith,EMP-003,ASUS ROG Monitor 27,3,Displays,Monitors,1,25000,0,18000,UPI,Adam Taylor,(310)786-3283,
OFF-20220720-NQ9S-2190,2022-07-20,John Smith,EMP-003,Logitech MX Master 3,4,Accessories,Mice,2,8500,500,5000,Debit Card,Walk-in,001-729-277-6406,Answer probably arrive often race often.
OFF-20260126-84R5-2191,2026-01-26,John Smith,EMP-003,RTX 4070 Ti,17,Components,GPU,1,75000,1500,60000,Cash,Walk-in,,
OFF-20250729-S6PG-2192,2025-07-29,Jane Doe,EMP-002,Samsung 980 PRO 1TB,8,Components,Storage,2,8000,0,5500,Debit Card,Sergio Simmons,+1-511-951-5427x920,
OFF-20221230-NQ6A-2193,2022-12-30,Anton,EMP-001,Logitech WebCam C920,6,Accessories,Webcams,1,6000,1500,3500,Debit Card,Rickey Hart,(764)649-1849,
OFF-20220101-2V7X-2194,2022-01-01,Anton,EMP-001,Logitech WebCam C920,12,Accessories,Webcams,1,6000,1000,3500,Credit Card,Walk-in,808-362-9641x5979,Attack program indicate board everything time road tonight.
OFF-20220309-92BB-2195,2022-03-09,Anton,EMP-001,Corsair 32GB RAM,4,Components,RAM,3,9000,500,6000,Cash,Nicole Nichols,001-576-674-7409x28479,
OFF-20231024-H0JZ-2196,2023-10-24,John Smith,EMP-003,Logitech WebCam C920,9,Accessories,Webcams,3,6000,1000,3500,UPI,Raymond Lee,,
OFF-20240604-07EV-2197,2024-06-04,Jane Doe,EMP-002,Intel Core i7 13700K,7,Components,CPU,1,35000,0,28000,Cash,Willie Nguyen,(767)649-2928,
OFF-20250129-UZZV-2198,2025-01-29,Anton,EMP-001,Samsung 980 PRO 1TB,16,Components,Storage,1,8000,0,5500,Cash,Walk-in,+1-857-578-0173x61690,
OFF-20260303-U61Q-2199,2026-03-03,John Smith,EMP-003,Razer BlackWidow,13,Accessories,Keyboards,3,12000,0,8000,UPI,Walk-in,,
OFF-20230922-JC21-2200,2023-09-22,John Smith,EMP-003,Logitech MX Master 3,6,Accessories,Mice,1,8500,0,5000,Debit Card,Walk-in,,
OFF-20250106-UWE5-2201,2025-01-06,Anton,EMP-001,Samsung 980 PRO 1TB,12,Components,Storage,1,8000,1000,5500,UPI,Jennifer Rodriguez,681-603-7400x802,
OFF-20250509-I3BN-2202,2025-05-09,John Smith,EMP-003,ASUS ROG Monitor 27,18,Displays,Monitors,3,25000,0,18000,Cash,Alex Brown,,
OFF-20250522-K1BK-2203,2025-05-22,Anton,EMP-001,Gaming PC Build,16,Desktops,Gaming PC,2,85000,0,65000,Debit Card,Walk-in,719.435.6382x00067,Need run soon again instead question way.
OFF-20210629-IOIX-2204,2021-06-29,Jane Doe,EMP-002,Logitech WebCam C920,5,Accessories,Webcams,1,6000,0,3500,Debit Card,Jasmine Rojas,,
OFF-20230825-QNEC-2205,2023-08-25,Anton,EMP-001,Intel Core i7 13700K,8,Components,CPU,1,35000,0,28000,Credit Card,Dylan Wise,438.713.6876x32909,Heart lay her require sell lose past.
OFF-20231208-KU0A-2206,2023-12-08,Jane Doe,EMP-002,Gaming PC Build,12,Desktops,Gaming PC,1,85000,0,65000,Credit Card,Elizabeth Mason,636.542.5892x61548,
OFF-20231014-I2YZ-2207,2023-10-14,Jane Doe,EMP-002,Logitech WebCam C920,13,Accessories,Webcams,1,6000,0,3500,UPI,Rebekah Young,794-648-2971x5757,
OFF-20221221-8ZS0-2208,2022-12-21,John Smith,EMP-003,NZXT H510 Case,7,Components,Cases,3,7000,1500,4500,Cash,Elizabeth Barnes,762-879-0236,
OFF-20221219-6HJ3-2209,2022-12-19,Jane Doe,EMP-002,ASUS ROG Monitor 27,6,Displays,Monitors,2,25000,500,18000,Debit Card,Laura Watkins,,
OFF-20210617-TH3F-2210,2021-06-17,Jane Doe,EMP-002,NZXT H510 Case,16,Components,Cases,3,7000,1500,4500,Cash,Larry Camacho,001-434-276-5517x5129,
OFF-20220606-YBO2-2211,2022-06-06,Anton,EMP-001,NZXT H510 Case,20,Components,Cases,2,7000,0,4500,Debit Card,Walk-in,639.256.5827x9040,
OFF-20210525-E6IU-2212,2021-05-25,Anton,EMP-001,Intel Core i7 13700K,6,Components,CPU,2,35000,500,28000,UPI,Walk-in,,
OFF-20220316-CXQ1-2213,2022-03-16,Anton,EMP-001,NZXT H510 Case,11,Components,Cases,2,7000,1000,4500,Cash,Deborah Willis,,
OFF-20231020-BZIN-2214,2023-10-20,John Smith,EMP-003,Intel Core i7 13700K,6,Components,CPU,3,35000,500,28000,Debit Card,Ashley Mitchell,,
OFF-20240225-ITZD-2215,2024-02-25,Anton,EMP-001,RTX 4070 Ti,11,Components,GPU,2,75000,0,60000,Cash,Alex Parks,,
OFF-20220612-QSL3-2216,2022-06-12,Anton,EMP-001,Logitech MX Master 3,13,Accessories,Mice,2,8500,1000,5000,Debit Card,David Sharp,7629385767,
OFF-20220827-FBHE-2217,2022-08-27,Anton,EMP-001,Samsung 980 PRO 1TB,7,Components,Storage,3,8000,0,5500,Cash,James Kline,(734)405-3726x960,
OFF-20210503-AK00-2218,2021-05-03,John Smith,EMP-003,Intel Core i7 13700K,16,Components,CPU,3,35000,1500,28000,Debit Card,Jessica Nelson,+1-872-744-4487x19301,
OFF-20240216-2O7K-2219,2024-02-16,Jane Doe,EMP-002,RTX 4070 Ti,17,Components,GPU,3,75000,0,60000,Credit Card,Patricia Jones,,
OFF-20211118-BAUQ-2220,2021-11-18,Anton,EMP-001,NZXT H510 Case,12,Components,Cases,3,7000,0,4500,Cash,Nathan Peters,,
OFF-20231028-YN3I-2221,2023-10-28,John Smith,EMP-003,RTX 4070 Ti,20,Components,GPU,2,75000,0,60000,Cash,Walk-in,205.470.7187,Five able nearly alone capital.
OFF-20250909-WFO4-2222,2025-09-09,Jane Doe,EMP-002,Intel Core i7 13700K,11,Components,CPU,2,35000,0,28000,UPI,Edward Franklin MD,(527)540-8111,
OFF-20260122-WIBX-2223,2026-01-22,Anton,EMP-001,Logitech MX Master 3,19,Accessories,Mice,2,8500,0,5000,Debit Card,Frank Gutierrez,(940)256-7439x3510,Guy significant animal.
OFF-20241124-DUJ9-2224,2024-11-24,Jane Doe,EMP-002,Logitech WebCam C920,6,Accessories,Webcams,1,6000,1000,3500,Debit Card,Walk-in,,
OFF-20221127-1QR6-2225,2022-11-27,John Smith,EMP-003,NZXT H510 Case,15,Components,Cases,1,7000,1500,4500,UPI,Kelsey Brewer,688-993-4195x13643,
OFF-20240303-VB1Y-2226,2024-03-03,Anton,EMP-001,NZXT H510 Case,2,Components,Cases,2,7000,500,4500,Cash,Amber Lawson,,
OFF-20210413-9S8L-2227,2021-04-13,Jane Doe,EMP-002,Logitech MX Master 3,8,Accessories,Mice,2,8500,1500,5000,Credit Card,Mark Garcia,,
OFF-20220427-7JQT-2228,2022-04-27,John Smith,EMP-003,Logitech MX Master 3,9,Accessories,Mice,1,8500,0,5000,Cash,Erik Case,4463081552,
OFF-20220519-KEYQ-2229,2022-05-19,Jane Doe,EMP-002,Logitech MX Master 3,11,Accessories,Mice,2,8500,0,5000,Cash,Jacob Moore,,
OFF-20220803-13O0-2230,2022-08-03,Anton,EMP-001,Gaming PC Build,20,Desktops,Gaming PC,3,85000,0,65000,UPI,Walk-in,,
OFF-20210504-9BRA-2231,2021-05-04,Jane Doe,EMP-002,NZXT H510 Case,20,Components,Cases,3,7000,1500,4500,Cash,Michelle Osborne,,
OFF-20250714-CM06-2232,2025-07-14,John Smith,EMP-003,Logitech WebCam C920,6,Accessories,Webcams,2,6000,500,3500,Debit Card,Robert Rogers,,
OFF-20210620-6T5U-2233,2021-06-20,John Smith,EMP-003,Logitech WebCam C920,17,Accessories,Webcams,1,6000,1000,3500,UPI,Walk-in,,Understand management usually soldier available professional.
OFF-20250728-Q2H0-2234,2025-07-28,Anton,EMP-001,Razer BlackWidow,14,Accessories,Keyboards,2,12000,0,8000,Debit Card,Rebecca Garner,964.672.4173x7192,Probably guess remain give police option financial.
OFF-20230322-7B73-2235,2023-03-22,Anton,EMP-001,Corsair 32GB RAM,5,Components,RAM,2,9000,0,6000,UPI,Maria Chan,,
OFF-20231230-W4Y9-2236,2023-12-30,John Smith,EMP-003,Corsair 32GB RAM,8,Components,RAM,3,9000,1000,6000,UPI,Walk-in,,
OFF-20230510-3EMF-2237,2023-05-10,Jane Doe,EMP-002,Samsung 980 PRO 1TB,17,Components,Storage,2,8000,0,5500,Cash,Walk-in,,
OFF-20220326-TF2X-2238,2022-03-26,Anton,EMP-001,Razer BlackWidow,11,Accessories,Keyboards,3,12000,500,8000,UPI,Walk-in,779-691-0627x2166,
OFF-20250514-TSXT-2239,2025-05-14,Jane Doe,EMP-002,Logitech MX Master 3,16,Accessories,Mice,1,8500,0,5000,Credit Card,David Perry,,
OFF-20251117-A2LY-2240,2025-11-17,Anton,EMP-001,RTX 4070 Ti,14,Components,GPU,2,75000,0,60000,Credit Card,Michael Perez,,
OFF-20250904-BUCB-2241,2025-09-04,John Smith,EMP-003,RTX 4070 Ti,10,Components,GPU,2,75000,0,60000,Cash,Walk-in,701-834-9920,
OFF-20230310-3HTI-2242,2023-03-10,Jane Doe,EMP-002,Intel Core i7 13700K,5,Components,CPU,1,35000,500,28000,Credit Card,Walk-in,,
OFF-20250319-6ET3-2243,2025-03-19,Jane Doe,EMP-002,Gaming PC Build,4,Desktops,Gaming PC,3,85000,1500,65000,Cash,Walk-in,,Culture environment economic especially hold drive.
OFF-20210730-RX67-2244,2021-07-30,Anton,EMP-001,Razer BlackWidow,19,Accessories,Keyboards,2,12000,0,8000,Debit Card,Walk-in,,
OFF-20210915-FM7O-2245,2021-09-15,Jane Doe,EMP-002,Logitech WebCam C920,19,Accessories,Webcams,2,6000,0,3500,UPI,Steven Neal,,
OFF-20231212-9PL8-2246,2023-12-12,John Smith,EMP-003,NZXT H510 Case,16,Components,Cases,1,7000,0,4500,Debit Card,Walk-in,,
OFF-20210527-7RXU-2247,2021-05-27,Anton,EMP-001,RTX 4070 Ti,12,Components,GPU,3,75000,1500,60000,Cash,Walk-in,,
OFF-20210722-GDQ5-2248,2021-07-22,Anton,EMP-001,ASUS ROG Monitor 27,11,Displays,Monitors,2,25000,1500,18000,Debit Card,Kelly Clark,001-946-847-4711x76283,
OFF-20210710-HAEX-2249,2021-07-10,Jane Doe,EMP-002,Razer BlackWidow,20,Accessories,Keyboards,3,12000,0,8000,Credit Card,Linda Daniels,512-378-5062x48619,
OFF-20240211-PS29-2250,2024-02-11,John Smith,EMP-003,Intel Core i7 13700K,17,Components,CPU,3,35000,1000,28000,Debit Card,Samuel Robinson,,
OFF-20220808-B2CV-2251,2022-08-08,Jane Doe,EMP-002,Logitech WebCam C920,17,Accessories,Webcams,3,6000,0,3500,Cash,Theresa Elliott,,Be off already project.
OFF-20260225-3APE-2252,2026-02-25,Anton,EMP-001,Gaming PC Build,16,Desktops,Gaming PC,2,85000,500,65000,UPI,Mary Carey,8588504339,
OFF-20241020-AIXG-2253,2024-10-20,Jane Doe,EMP-002,Logitech MX Master 3,16,Accessories,Mice,2,8500,0,5000,Credit Card,Yvonne Montes,(958)686-3010x897,Top they individual window turn.
OFF-20221127-L1R3-2254,2022-11-27,Anton,EMP-001,NZXT H510 Case,18,Components,Cases,1,7000,0,4500,Cash,Walk-in,,
OFF-20210915-VZO3-2255,2021-09-15,John Smith,EMP-003,Gaming PC Build,13,Desktops,Gaming PC,1,85000,0,65000,Cash,Walk-in,(659)375-6822x648,
OFF-20260209-84X9-2256,2026-02-09,Anton,EMP-001,Samsung 980 PRO 1TB,13,Components,Storage,3,8000,500,5500,Cash,Walk-in,,Institution season themselves especially magazine.
OFF-20250721-B7UO-2257,2025-07-21,John Smith,EMP-003,Gaming PC Build,8,Desktops,Gaming PC,3,85000,0,65000,UPI,Molly Morrison,(450)918-6056x466,
OFF-20240920-9U2C-2258,2024-09-20,John Smith,EMP-003,Logitech MX Master 3,8,Accessories,Mice,3,8500,1000,5000,Debit Card,Walk-in,+1-553-588-2575x42461,Accept rich beat.
OFF-20260128-JSWY-2259,2026-01-28,Jane Doe,EMP-002,Razer BlackWidow,16,Accessories,Keyboards,3,12000,500,8000,Cash,Janet Barnett,,
OFF-20220409-ADR6-2260,2022-04-09,Jane Doe,EMP-002,Logitech MX Master 3,16,Accessories,Mice,3,8500,0,5000,UPI,Walk-in,001-769-990-0153x09736,
OFF-20210825-VCH8-2261,2021-08-25,Anton,EMP-001,Razer BlackWidow,5,Accessories,Keyboards,3,12000,0,8000,Credit Card,Amber Jimenez,676.219.5092x378,
OFF-20230712-YIUJ-2262,2023-07-12,John Smith,EMP-003,Gaming PC Build,17,Desktops,Gaming PC,2,85000,0,65000,UPI,Mark Booth,,
OFF-20241215-0E1O-2263,2024-12-15,Jane Doe,EMP-002,Intel Core i7 13700K,6,Components,CPU,3,35000,0,28000,Cash,Ryan Thompson,(996)930-3989x860,
OFF-20210724-DLLQ-2264,2021-07-24,Anton,EMP-001,Corsair 32GB RAM,3,Components,RAM,2,9000,0,6000,UPI,Kayla Brown,,
OFF-20231222-TWSN-2265,2023-12-22,Anton,EMP-001,NZXT H510 Case,20,Components,Cases,2,7000,1500,4500,Credit Card,Walk-in,(636)682-5392x832,Truth too six often perhaps.
OFF-20241007-LHBO-2266,2024-10-07,John Smith,EMP-003,Corsair 32GB RAM,5,Components,RAM,3,9000,1500,6000,Credit Card,Walk-in,+1-661-946-6396x48636,
OFF-20250101-8UJN-2267,2025-01-01,John Smith,EMP-003,Gaming PC Build,7,Desktops,Gaming PC,2,85000,0,65000,Credit Card,Tiffany Rivera,,Suggest place long attention.
OFF-20220306-N3RU-2268,2022-03-06,Jane Doe,EMP-002,Intel Core i7 13700K,1,Components,CPU,2,35000,1000,28000,UPI,Walk-in,,
OFF-20210920-1FV2-2269,2021-09-20,Jane Doe,EMP-002,Corsair 32GB RAM,5,Components,RAM,2,9000,500,6000,Debit Card,Kyle Miller,,Player simple success lawyer.
OFF-20230624-UTW4-2270,2023-06-24,John Smith,EMP-003,Logitech WebCam C920,4,Accessories,Webcams,1,6000,500,3500,Debit Card,Kayla Holt,252-831-4126x959,
OFF-20240721-8HI1-2271,2024-07-21,John Smith,EMP-003,Logitech WebCam C920,6,Accessories,Webcams,3,6000,0,3500,Debit Card,Lisa Benson,405.419.2670,Table perhaps fear security form free.
OFF-20260303-1HFP-2272,2026-03-03,John Smith,EMP-003,Razer BlackWidow,11,Accessories,Keyboards,3,12000,0,8000,UPI,Angela Rice,(339)265-9440x206,
OFF-20240920-WX32-2273,2024-09-20,Anton,EMP-001,Razer BlackWidow,19,Accessories,Keyboards,3,12000,0,8000,Cash,Stacie Woods,,
OFF-20211026-JACZ-2274,2021-10-26,John Smith,EMP-003,Logitech WebCam C920,16,Accessories,Webcams,1,6000,500,3500,Debit Card,Faith Ryan,,
OFF-20231110-FNKD-2275,2023-11-10,Jane Doe,EMP-002,ASUS ROG Monitor 27,14,Displays,Monitors,1,25000,500,18000,Cash,Joshua Scott,(479)750-2128,Affect administration imagine country point against yard fill.
OFF-20251102-QCDC-2276,2025-11-02,Jane Doe,EMP-002,ASUS ROG Monitor 27,18,Displays,Monitors,1,25000,0,18000,UPI,Susan Morales,,Will may ten head true.
OFF-20220322-TJO9-2277,2022-03-22,John Smith,EMP-003,Razer BlackWidow,8,Accessories,Keyboards,1,12000,500,8000,UPI,Walk-in,,
OFF-20240403-5EHZ-2278,2024-04-03,John Smith,EMP-003,Samsung 980 PRO 1TB,5,Components,Storage,2,8000,1000,5500,UPI,Antonio Richardson,,
OFF-20221110-CS7X-2279,2022-11-10,Anton,EMP-001,Gaming PC Build,20,Desktops,Gaming PC,1,85000,0,65000,Credit Card,Paul Wyatt,,Power others ago shoulder especially character picture.
OFF-20251214-LEWH-2280,2025-12-14,John Smith,EMP-003,Logitech MX Master 3,2,Accessories,Mice,3,8500,1000,5000,Credit Card,Noah Mitchell,,
OFF-20211118-TOVB-2281,2021-11-18,John Smith,EMP-003,Gaming PC Build,12,Desktops,Gaming PC,2,85000,1500,65000,UPI,Walk-in,,
OFF-20241212-SDPU-2282,2024-12-12,Anton,EMP-001,Logitech WebCam C920,16,Accessories,Webcams,2,6000,1000,3500,UPI,Walk-in,,
OFF-20221108-B9G3-2283,2022-11-08,Anton,EMP-001,NZXT H510 Case,8,Components,Cases,3,7000,1500,4500,UPI,Michael Grant MD,,
OFF-20250819-JFNB-2284,2025-08-19,John Smith,EMP-003,NZXT H510 Case,6,Components,Cases,3,7000,500,4500,Debit Card,Mark Michael,+1-460-959-9848x931,
OFF-20240320-JEKG-2285,2024-03-20,Anton,EMP-001,RTX 4070 Ti,13,Components,GPU,2,75000,500,60000,UPI,Amber Obrien DVM,(875)863-9558,
OFF-20220219-2WUT-2286,2022-02-19,Anton,EMP-001,Intel Core i7 13700K,11,Components,CPU,1,35000,0,28000,Credit Card,Taylor Moore,7169804673,Institution really building why voice.
OFF-20210808-LJO5-2287,2021-08-08,Anton,EMP-001,Logitech WebCam C920,18,Accessories,Webcams,1,6000,500,3500,Cash,Tanya Garcia,821.863.9220,
OFF-20250828-4LUL-2288,2025-08-28,John Smith,EMP-003,Samsung 980 PRO 1TB,19,Components,Storage,3,8000,0,5500,UPI,Kyle Wilson,,
OFF-20241101-DE4K-2289,2024-11-01,John Smith,EMP-003,Gaming PC Build,12,Desktops,Gaming PC,1,85000,1500,65000,UPI,Harold Smith,001-356-602-9659x8718,Seek no along hit any free.
OFF-20230127-2XEH-2290,2023-01-27,Jane Doe,EMP-002,Corsair 32GB RAM,8,Components,RAM,1,9000,0,6000,Debit Card,Trevor Love,,Sign enter mouth draw cup risk sort.
OFF-20250418-W2XE-2291,2025-04-18,Jane Doe,EMP-002,Razer BlackWidow,11,Accessories,Keyboards,1,12000,500,8000,Cash,Joseph Parker,218.373.1629x577,
OFF-20230712-EMN4-2292,2023-07-12,Anton,EMP-001,ASUS ROG Monitor 27,1,Displays,Monitors,3,25000,1500,18000,Credit Card,Joshua Atkins,765-560-2139x798,
OFF-20240710-BRHR-2293,2024-07-10,Anton,EMP-001,RTX 4070 Ti,7,Components,GPU,1,75000,0,60000,Cash,Walk-in,,
OFF-20221203-8BO5-2294,2022-12-03,John Smith,EMP-003,Corsair 32GB RAM,19,Components,RAM,2,9000,500,6000,Credit Card,Allen Coffey,404.328.8555x950,
OFF-20231219-J79G-2295,2023-12-19,John Smith,EMP-003,Razer BlackWidow,7,Accessories,Keyboards,2,12000,1500,8000,Credit Card,Susan Winters,,
OFF-20211005-0SQ3-2296,2021-10-05,Anton,EMP-001,RTX 4070 Ti,20,Components,GPU,1,75000,1500,60000,Debit Card,Sandra Poole,429.370.0451,Require city worry sport.
OFF-20240821-X940-2297,2024-08-21,Anton,EMP-001,ASUS ROG Monitor 27,1,Displays,Monitors,2,25000,0,18000,Cash,Spencer Ford,,Report another place want prevent lead simple.
OFF-20231027-K6CA-2298,2023-10-27,Anton,EMP-001,Logitech MX Master 3,10,Accessories,Mice,3,8500,1000,5000,Credit Card,Mark Williams,,
OFF-20240502-5PLS-2299,2024-05-02,Jane Doe,EMP-002,Corsair 32GB RAM,19,Components,RAM,1,9000,0,6000,Cash,Zachary Miller,(786)617-0812x508,
OFF-20241124-R5PG-2300,2024-11-24,John Smith,EMP-003,RTX 4070 Ti,19,Components,GPU,3,75000,1000,60000,UPI,Heather Bradley,9795455628,
OFF-20220109-5CON-2301,2022-01-09,Anton,EMP-001,ASUS ROG Monitor 27,9,Displays,Monitors,2,25000,1000,18000,Credit Card,Sylvia Wilkins,,Hospital thought blood federal north popular course.
OFF-20210817-53WW-2302,2021-08-17,Jane Doe,EMP-002,NZXT H510 Case,1,Components,Cases,3,7000,0,4500,Credit Card,Miss Paula Meza,238-248-4908,
OFF-20240512-SDF1-2303,2024-05-12,Anton,EMP-001,Razer BlackWidow,9,Accessories,Keyboards,1,12000,1000,8000,Cash,Patrick Johnson,+1-623-551-9865x9134,Drive and force north either drop despite.
OFF-20250507-RZ70-2304,2025-05-07,Anton,EMP-001,ASUS ROG Monitor 27,3,Displays,Monitors,2,25000,0,18000,Credit Card,Linda Clayton,510.857.4970,
OFF-20240906-COEO-2305,2024-09-06,Jane Doe,EMP-002,Logitech WebCam C920,1,Accessories,Webcams,3,6000,0,3500,Cash,Phillip Boyd,,
OFF-20250122-XJ15-2306,2025-01-22,Jane Doe,EMP-002,ASUS ROG Monitor 27,12,Displays,Monitors,2,25000,0,18000,Debit Card,Eric Brown,,
OFF-20240602-UZ8V-2307,2024-06-02,Anton,EMP-001,Corsair 32GB RAM,3,Components,RAM,1,9000,0,6000,Credit Card,Anthony Smith,550.818.6919x2198,
OFF-20240718-TC4P-2308,2024-07-18,John Smith,EMP-003,Gaming PC Build,17,Desktops,Gaming PC,3,85000,1500,65000,Cash,Terrence King,(635)666-4435x7456,Wish question man including view although.
OFF-20250702-2TF9-2309,2025-07-02,Anton,EMP-001,Samsung 980 PRO 1TB,9,Components,Storage,3,8000,0,5500,Credit Card,Walk-in,,
OFF-20230624-HRZV-2310,2023-06-24,John Smith,EMP-003,Gaming PC Build,6,Desktops,Gaming PC,1,85000,0,65000,Cash,Walk-in,601-883-0017x7803,
OFF-20210628-IBJH-2311,2021-06-28,Anton,EMP-001,Corsair 32GB RAM,10,Components,RAM,2,9000,0,6000,Credit Card,Walk-in,,
OFF-20250305-5EUY-2312,2025-03-05,Jane Doe,EMP-002,Samsung 980 PRO 1TB,9,Components,Storage,3,8000,1000,5500,Credit Card,Kevin Murphy,,
OFF-20240206-CJ09-2313,2024-02-06,Jane Doe,EMP-002,ASUS ROG Monitor 27,7,Displays,Monitors,1,25000,500,18000,UPI,Anna Anderson,,
OFF-20230130-MPE9-2314,2023-01-30,Anton,EMP-001,Corsair 32GB RAM,8,Components,RAM,1,9000,500,6000,Cash,Walk-in,,
OFF-20230102-H6MH-2315,2023-01-02,John Smith,EMP-003,Samsung 980 PRO 1TB,17,Components,Storage,2,8000,1000,5500,Cash,Eugene Bryant,,System Mr energy bed on apply move.
OFF-20241017-8NJ6-2316,2024-10-17,Jane Doe,EMP-002,Samsung 980 PRO 1TB,17,Components,Storage,3,8000,0,5500,Debit Card,Suzanne Lane,,
OFF-20220528-JUE9-2317,2022-05-28,Jane Doe,EMP-002,Intel Core i7 13700K,6,Components,CPU,3,35000,0,28000,Debit Card,Gary Simmons,,Assume benefit turn world board social up story.
OFF-20220916-2TT9-2318,2022-09-16,John Smith,EMP-003,ASUS ROG Monitor 27,19,Displays,Monitors,3,25000,500,18000,Credit Card,Sara Miller,,
OFF-20210428-QY85-2319,2021-04-28,Anton,EMP-001,Gaming PC Build,7,Desktops,Gaming PC,3,85000,0,65000,UPI,Walk-in,,
OFF-20221211-FR4T-2320,2022-12-11,John Smith,EMP-003,Corsair 32GB RAM,16,Components,RAM,3,9000,1500,6000,Credit Card,Walk-in,,
OFF-20210718-0B7V-2321,2021-07-18,Anton,EMP-001,RTX 4070 Ti,13,Components,GPU,2,75000,1500,60000,Debit Card,Chad Anderson,,
OFF-20230129-C0JV-2322,2023-01-29,Jane Doe,EMP-002,Razer BlackWidow,19,Accessories,Keyboards,3,12000,0,8000,Credit Card,Rodney Ramos,(621)267-5300x08658,
OFF-20250524-THQY-2323,2025-05-24,Jane Doe,EMP-002,ASUS ROG Monitor 27,6,Displays,Monitors,2,25000,0,18000,Credit Card,Walk-in,4567973103,
OFF-20210720-IS27-2324,2021-07-20,Jane Doe,EMP-002,NZXT H510 Case,4,Components,Cases,1,7000,1000,4500,UPI,Bethany Adkins,+1-795-721-8991x08259,
OFF-20240826-053E-2325,2024-08-26,John Smith,EMP-003,Razer BlackWidow,1,Accessories,Keyboards,3,12000,0,8000,UPI,Pamela Camacho,5337912690,
OFF-20230914-7F8A-2326,2023-09-14,Anton,EMP-001,Intel Core i7 13700K,15,Components,CPU,1,35000,0,28000,Debit Card,James Burns,,
OFF-20231126-34K6-2327,2023-11-26,Jane Doe,EMP-002,Samsung 980 PRO 1TB,15,Components,Storage,3,8000,1000,5500,Debit Card,Christina Lucas,,
OFF-20241225-6CYN-2328,2024-12-25,John Smith,EMP-003,Samsung 980 PRO 1TB,2,Components,Storage,1,8000,500,5500,Credit Card,Walk-in,,Recently ability improve sure quality analysis government.
OFF-20250320-4G9R-2329,2025-03-20,Anton,EMP-001,NZXT H510 Case,16,Components,Cases,1,7000,1500,4500,UPI,Abigail Cervantes,,
OFF-20240120-AXYA-2330,2024-01-20,Jane Doe,EMP-002,Corsair 32GB RAM,11,Components,RAM,3,9000,0,6000,Cash,Walk-in,,
OFF-20230822-XOX9-2331,2023-08-22,John Smith,EMP-003,Samsung 980 PRO 1TB,14,Components,Storage,1,8000,0,5500,Debit Card,Walk-in,,
OFF-20230225-25B0-2332,2023-02-25,Jane Doe,EMP-002,Corsair 32GB RAM,1,Components,RAM,3,9000,0,6000,Credit Card,Michael Patterson,001-341-340-4563x8101,
OFF-20220415-IEYW-2333,2022-04-15,John Smith,EMP-003,ASUS ROG Monitor 27,8,Displays,Monitors,2,25000,1500,18000,Credit Card,Jose Smith,540.428.3402x425,
OFF-20230818-5C1V-2334,2023-08-18,John Smith,EMP-003,ASUS ROG Monitor 27,1,Displays,Monitors,3,25000,0,18000,Credit Card,Crystal Velasquez,001-241-462-9171x183,
OFF-20230301-NIXN-2335,2023-03-01,Jane Doe,EMP-002,Logitech MX Master 3,12,Accessories,Mice,3,8500,1000,5000,Debit Card,Walk-in,,
OFF-20250524-I4QY-2336,2025-05-24,John Smith,EMP-003,Intel Core i7 13700K,2,Components,CPU,2,35000,0,28000,UPI,Walk-in,001-323-357-2986x961,
OFF-20241203-D3DT-2337,2024-12-03,John Smith,EMP-003,RTX 4070 Ti,1,Components,GPU,1,75000,0,60000,Credit Card,Anthony Simpson,+1-358-910-9600,
OFF-20210712-PS1O-2338,2021-07-12,John Smith,EMP-003,Logitech MX Master 3,10,Accessories,Mice,2,8500,1500,5000,Cash,Timothy Rose,653-472-4133,Require that meeting door second rich perform.
OFF-20211104-KQQW-2339,2021-11-04,Jane Doe,EMP-002,ASUS ROG Monitor 27,4,Displays,Monitors,2,25000,1000,18000,Debit Card,Walk-in,,
OFF-20250620-RHO8-2340,2025-06-20,Jane Doe,EMP-002,NZXT H510 Case,9,Components,Cases,3,7000,0,4500,Debit Card,Rachel Chavez,288.858.8218x85974,
OFF-20230924-AZ5A-2341,2023-09-24,Anton,EMP-001,Logitech MX Master 3,15,Accessories,Mice,3,8500,0,5000,UPI,Danielle Bauer,,
OFF-20250122-XMTX-2342,2025-01-22,Jane Doe,EMP-002,ASUS ROG Monitor 27,7,Displays,Monitors,3,25000,0,18000,UPI,Walk-in,+1-586-793-1245x01462,
OFF-20250917-1T0J-2343,2025-09-17,Jane Doe,EMP-002,NZXT H510 Case,13,Components,Cases,2,7000,1000,4500,Cash,Walk-in,,Plan station ever partner heart actually glass.
OFF-20221024-LC23-2344,2022-10-24,John Smith,EMP-003,NZXT H510 Case,4,Components,Cases,1,7000,0,4500,UPI,Mariah Smith,,
OFF-20240507-CS6C-2345,2024-05-07,John Smith,EMP-003,RTX 4070 Ti,14,Components,GPU,2,75000,500,60000,Credit Card,Walk-in,(834)261-1524x095,
OFF-20240530-LNFQ-2346,2024-05-30,Anton,EMP-001,NZXT H510 Case,8,Components,Cases,1,7000,500,4500,UPI,Gina Roy DDS,772-649-1844x3297,
OFF-20260123-X7LR-2347,2026-01-23,Anton,EMP-001,RTX 4070 Ti,11,Components,GPU,3,75000,1500,60000,Credit Card,James Flynn,001-494-743-4818,
OFF-20210705-V013-2348,2021-07-05,Anton,EMP-001,Intel Core i7 13700K,20,Components,CPU,2,35000,1000,28000,Cash,Joy Taylor,001-884-450-7134x7782,
OFF-20250222-F090-2349,2025-02-22,Anton,EMP-001,Logitech MX Master 3,14,Accessories,Mice,3,8500,0,5000,Debit Card,Bryan Miller,+1-337-452-3966x69341,
OFF-20230207-10V5-2350,2023-02-07,Jane Doe,EMP-002,RTX 4070 Ti,15,Components,GPU,2,75000,1500,60000,Debit Card,Natalie Blanchard,667-227-6165x2600,
OFF-20241126-IAKR-2351,2024-11-26,Anton,EMP-001,Corsair 32GB RAM,7,Components,RAM,1,9000,0,6000,Credit Card,Walk-in,001-454-271-2303x34095,Gas maintain its call news his program under.
OFF-20210731-D5UL-2352,2021-07-31,Anton,EMP-001,RTX 4070 Ti,8,Components,GPU,2,75000,500,60000,Credit Card,Michael Mccann,+1-818-222-2999,
OFF-20250312-73CI-2353,2025-03-12,Jane Doe,EMP-002,Intel Core i7 13700K,14,Components,CPU,3,35000,0,28000,Credit Card,Fred Hendrix DDS,,
OFF-20210607-HO6C-2354,2021-06-07,Anton,EMP-001,Logitech WebCam C920,14,Accessories,Webcams,2,6000,1500,3500,UPI,Ryan Mejia,,
OFF-20211010-LRFI-2355,2021-10-10,Jane Doe,EMP-002,Logitech WebCam C920,2,Accessories,Webcams,3,6000,500,3500,Credit Card,Joann Patel,948-875-9014,
OFF-20240403-XLZP-2356,2024-04-03,John Smith,EMP-003,Samsung 980 PRO 1TB,12,Components,Storage,1,8000,500,5500,Cash,Dale Carter,778-527-1672x22232,
OFF-20250215-HOZN-2357,2025-02-15,Anton,EMP-001,ASUS ROG Monitor 27,1,Displays,Monitors,1,25000,1000,18000,Credit Card,Kari Rodgers,,Child likely could information happen.
OFF-20230115-9CRE-2358,2023-01-15,Anton,EMP-001,ASUS ROG Monitor 27,5,Displays,Monitors,3,25000,500,18000,Debit Card,Leah Dickerson,,
OFF-20250128-8P83-2359,2025-01-28,John Smith,EMP-003,Gaming PC Build,16,Desktops,Gaming PC,1,85000,0,65000,Credit Card,Glenda Smith,,North mention international peace.
OFF-20220127-0ZZE-2360,2022-01-27,Jane Doe,EMP-002,NZXT H510 Case,10,Components,Cases,1,7000,0,4500,UPI,Heather Rodriguez,(554)242-2997,
OFF-20260317-RHJH-2361,2026-03-17,John Smith,EMP-003,Samsung 980 PRO 1TB,9,Components,Storage,3,8000,1000,5500,Cash,Dustin Medina,,
OFF-20211113-EBRE-2362,2021-11-13,Jane Doe,EMP-002,Corsair 32GB RAM,12,Components,RAM,2,9000,1000,6000,Credit Card,Walk-in,,
OFF-20260331-9BE5-2363,2026-03-31,John Smith,EMP-003,Logitech MX Master 3,10,Accessories,Mice,1,8500,0,5000,Cash,Ian Flowers,+1-649-532-3592x5566,
OFF-20220103-XH8T-2364,2022-01-03,John Smith,EMP-003,RTX 4070 Ti,20,Components,GPU,1,75000,1500,60000,Credit Card,David Reid,,
OFF-20251207-RZKN-2365,2025-12-07,Jane Doe,EMP-002,Samsung 980 PRO 1TB,20,Components,Storage,3,8000,0,5500,Cash,Robert Yoder,001-713-951-8502x2985,
OFF-20210604-HEU8-2366,2021-06-04,Anton,EMP-001,Razer BlackWidow,3,Accessories,Keyboards,3,12000,1000,8000,Credit Card,David Harper,(837)651-6633x06106,
OFF-20250225-FOBU-2367,2025-02-25,Jane Doe,EMP-002,RTX 4070 Ti,14,Components,GPU,2,75000,1500,60000,Debit Card,Walk-in,,
OFF-20230309-FMP2-2368,2023-03-09,John Smith,EMP-003,Intel Core i7 13700K,9,Components,CPU,1,35000,1500,28000,Cash,Joseph Morgan,,Prevent hotel owner sound town.
OFF-20250901-A9TU-2369,2025-09-01,John Smith,EMP-003,Intel Core i7 13700K,15,Components,CPU,2,35000,0,28000,Cash,Jasmine Ramirez,603.512.5065x80843,
OFF-20260201-O9UV-2370,2026-02-01,Anton,EMP-001,Samsung 980 PRO 1TB,14,Components,Storage,3,8000,1000,5500,Debit Card,Robert Wallace,001-661-209-7714x0084,
OFF-20251030-GC4N-2371,2025-10-30,Jane Doe,EMP-002,Logitech MX Master 3,20,Accessories,Mice,1,8500,1000,5000,UPI,Casey Henry,,
OFF-20240717-PDAJ-2372,2024-07-17,Anton,EMP-001,Samsung 980 PRO 1TB,2,Components,Storage,1,8000,0,5500,UPI,Mrs. Laurie Nelson,,
OFF-20220405-8MEP-2373,2022-04-05,Anton,EMP-001,Logitech WebCam C920,8,Accessories,Webcams,1,6000,0,3500,UPI,Walk-in,+1-940-287-8000x219,
OFF-20251010-Z7GL-2374,2025-10-10,John Smith,EMP-003,Samsung 980 PRO 1TB,12,Components,Storage,3,8000,0,5500,UPI,Juan Nelson DDS,(275)949-8451x06589,
OFF-20210425-QRQC-2375,2021-04-25,Jane Doe,EMP-002,RTX 4070 Ti,19,Components,GPU,1,75000,0,60000,Credit Card,Walk-in,593-618-0454x98199,Blood ever tell though best.
OFF-20250411-WJP5-2376,2025-04-11,Jane Doe,EMP-002,ASUS ROG Monitor 27,15,Displays,Monitors,2,25000,1500,18000,Credit Card,Walk-in,,
OFF-20260219-KEJD-2377,2026-02-19,John Smith,EMP-003,ASUS ROG Monitor 27,20,Displays,Monitors,3,25000,0,18000,Credit Card,Randy Mcbride DDS,,Four research cut available until small year.
OFF-20240923-X9U6-2378,2024-09-23,Anton,EMP-001,Intel Core i7 13700K,14,Components,CPU,2,35000,500,28000,Cash,Martha Brewer,001-467-882-4555x62476,
OFF-20230703-JZU2-2379,2023-07-03,John Smith,EMP-003,Intel Core i7 13700K,9,Components,CPU,2,35000,1500,28000,Credit Card,Michael Patterson,962.596.2246,
OFF-20221224-BWNH-2380,2022-12-24,Anton,EMP-001,Logitech MX Master 3,17,Accessories,Mice,2,8500,500,5000,Credit Card,Elizabeth Salazar,992-824-4428,
OFF-20220625-BUIW-2381,2022-06-25,Anton,EMP-001,Intel Core i7 13700K,2,Components,CPU,2,35000,0,28000,Debit Card,Theresa Bennett,476-248-6615,
OFF-20241221-SOR0-2382,2024-12-21,Anton,EMP-001,ASUS ROG Monitor 27,1,Displays,Monitors,3,25000,1500,18000,Cash,Walk-in,,
OFF-20210504-D5PA-2383,2021-05-04,Jane Doe,EMP-002,Logitech MX Master 3,8,Accessories,Mice,3,8500,0,5000,UPI,Walk-in,(286)464-2304x8913,
OFF-20250615-V9WG-2384,2025-06-15,Jane Doe,EMP-002,Razer BlackWidow,1,Accessories,Keyboards,3,12000,500,8000,UPI,Erin Randolph,001-706-376-8399x993,
OFF-20251208-17FW-2385,2025-12-08,Anton,EMP-001,Gaming PC Build,4,Desktops,Gaming PC,3,85000,0,65000,Credit Card,Rebecca Evans,(640)813-1864x1202,
OFF-20220102-PC8R-2386,2022-01-02,Anton,EMP-001,Gaming PC Build,9,Desktops,Gaming PC,2,85000,0,65000,UPI,Nicole Nash,,
OFF-20240826-MDHH-2387,2024-08-26,Jane Doe,EMP-002,Logitech WebCam C920,3,Accessories,Webcams,3,6000,1500,3500,UPI,Kenneth Washington,,
OFF-20250414-5FL5-2388,2025-04-14,Anton,EMP-001,Logitech MX Master 3,11,Accessories,Mice,1,8500,0,5000,Debit Card,Walk-in,,
OFF-20240809-NSBX-2389,2024-08-09,Anton,EMP-001,Logitech MX Master 3,11,Accessories,Mice,1,8500,0,5000,Credit Card,Jerry Lynch,,
OFF-20250813-1LGT-2390,2025-08-13,Anton,EMP-001,Samsung 980 PRO 1TB,15,Components,Storage,2,8000,0,5500,Debit Card,Joe Mueller,375-438-7793,
OFF-20220907-LBJL-2391,2022-09-07,Anton,EMP-001,Logitech MX Master 3,4,Accessories,Mice,1,8500,0,5000,Debit Card,Nicole Simon,947.364.5722x663,
OFF-20240726-UVSM-2392,2024-07-26,John Smith,EMP-003,Logitech MX Master 3,18,Accessories,Mice,3,8500,0,5000,Credit Card,Joshua Li,,
OFF-20250630-TICZ-2393,2025-06-30,Anton,EMP-001,Corsair 32GB RAM,5,Components,RAM,3,9000,500,6000,Debit Card,Gerald Wood,+1-825-995-2015,
OFF-20230518-TUUL-2394,2023-05-18,Anton,EMP-001,NZXT H510 Case,16,Components,Cases,2,7000,0,4500,Debit Card,Steven Bender,,
OFF-20221216-IAEL-2395,2022-12-16,John Smith,EMP-003,RTX 4070 Ti,10,Components,GPU,1,75000,1500,60000,UPI,Patricia Novak,,
OFF-20260302-O0BH-2396,2026-03-02,Anton,EMP-001,Gaming PC Build,1,Desktops,Gaming PC,1,85000,1500,65000,Cash,Heather Gross,581.690.5666x53613,
OFF-20250101-TFJ4-2397,2025-01-01,Anton,EMP-001,Gaming PC Build,4,Desktops,Gaming PC,1,85000,500,65000,Debit Card,Walk-in,329.473.3136,
OFF-20220417-WAB3-2398,2022-04-17,John Smith,EMP-003,Gaming PC Build,17,Desktops,Gaming PC,2,85000,0,65000,Cash,Susan Smith,847.681.5413x274,Set hour wind allow whose.
OFF-20210722-QL9B-2399,2021-07-22,Anton,EMP-001,Logitech MX Master 3,5,Accessories,Mice,2,8500,0,5000,UPI,Ronald Flores,,
OFF-20240413-JH2L-2400,2024-04-13,Jane Doe,EMP-002,Logitech MX Master 3,6,Accessories,Mice,3,8500,500,5000,Credit Card,Grant Terry,,
OFF-20220225-NEUC-2401,2022-02-25,Anton,EMP-001,Corsair 32GB RAM,6,Components,RAM,2,9000,1000,6000,UPI,Walk-in,979.988.6105,
OFF-20240821-F5RD-2402,2024-08-21,John Smith,EMP-003,ASUS ROG Monitor 27,15,Displays,Monitors,3,25000,0,18000,Cash,David Graham,,
OFF-20220426-RZ72-2403,2022-04-26,Jane Doe,EMP-002,ASUS ROG Monitor 27,9,Displays,Monitors,2,25000,1500,18000,Credit Card,Mark Cummings,,
OFF-20230905-CS8I-2404,2023-09-05,Anton,EMP-001,NZXT H510 Case,19,Components,Cases,3,7000,500,4500,UPI,Mr. Nicholas Smith,211-699-6936x325,
OFF-20220630-8IUA-2405,2022-06-30,John Smith,EMP-003,Intel Core i7 13700K,13,Components,CPU,2,35000,500,28000,Credit Card,Jessica Cervantes,,
OFF-20210821-8U6V-2406,2021-08-21,Jane Doe,EMP-002,RTX 4070 Ti,20,Components,GPU,2,75000,0,60000,Cash,Clinton Elliott,,
OFF-20231219-2HHQ-2407,2023-12-19,Jane Doe,EMP-002,NZXT H510 Case,10,Components,Cases,1,7000,0,4500,Debit Card,Kimberly Duarte,,
OFF-20210707-IUV9-2408,2021-07-07,Anton,EMP-001,Corsair 32GB RAM,16,Components,RAM,1,9000,0,6000,UPI,Kristina Campbell,001-767-586-3207x5583,
OFF-20250809-N08X-2409,2025-08-09,Anton,EMP-001,Intel Core i7 13700K,6,Components,CPU,3,35000,1000,28000,Cash,Daniel Brown,001-379-799-4670x014,
OFF-20230520-WKYC-2410,2023-05-20,John Smith,EMP-003,Intel Core i7 13700K,9,Components,CPU,1,35000,0,28000,UPI,Savannah Arnold,(995)641-8831x0850,
OFF-20220909-ILOE-2411,2022-09-09,Anton,EMP-001,NZXT H510 Case,3,Components,Cases,1,7000,0,4500,Credit Card,Donna Wallace,,
OFF-20260117-KE3B-2412,2026-01-17,John Smith,EMP-003,Corsair 32GB RAM,15,Components,RAM,2,9000,1000,6000,Cash,Dr. Christine Jones,8685749114,
OFF-20220205-MMJ6-2413,2022-02-05,Jane Doe,EMP-002,Logitech MX Master 3,10,Accessories,Mice,2,8500,0,5000,UPI,Walk-in,,
OFF-20231123-8UKQ-2414,2023-11-23,Jane Doe,EMP-002,Logitech MX Master 3,5,Accessories,Mice,1,8500,0,5000,Credit Card,Walk-in,231.859.2191,
OFF-20230919-44GV-2415,2023-09-19,Jane Doe,EMP-002,Logitech WebCam C920,16,Accessories,Webcams,2,6000,0,3500,UPI,Walk-in,001-370-623-2216x95135,
OFF-20231209-QA0H-2416,2023-12-09,Anton,EMP-001,ASUS ROG Monitor 27,9,Displays,Monitors,2,25000,500,18000,Credit Card,Walk-in,,
OFF-20250724-Z2C1-2417,2025-07-24,Jane Doe,EMP-002,Samsung 980 PRO 1TB,6,Components,Storage,3,8000,0,5500,Cash,James Harper,,Mind through town mean star compare there how.
OFF-20210907-XE1P-2418,2021-09-07,Anton,EMP-001,Gaming PC Build,5,Desktops,Gaming PC,3,85000,0,65000,Credit Card,Lisa Phillips,7693508970,
OFF-20231212-KB6S-2419,2023-12-12,Anton,EMP-001,Corsair 32GB RAM,6,Components,RAM,1,9000,1000,6000,UPI,Dean Bridges,(373)610-0019,
OFF-20260325-OQNS-2420,2026-03-25,Jane Doe,EMP-002,Logitech MX Master 3,15,Accessories,Mice,1,8500,0,5000,Debit Card,Diana Roberts,,
OFF-20230826-7QOX-2421,2023-08-26,Anton,EMP-001,Corsair 32GB RAM,7,Components,RAM,1,9000,500,6000,Credit Card,William Clay,,
OFF-20230406-ZVNG-2422,2023-04-06,Anton,EMP-001,RTX 4070 Ti,15,Components,GPU,3,75000,500,60000,Cash,Walk-in,,
OFF-20240720-3JV8-2423,2024-07-20,John Smith,EMP-003,RTX 4070 Ti,16,Components,GPU,2,75000,0,60000,Cash,Scott Schultz,914.567.6337,
OFF-20230423-91H6-2424,2023-04-23,Anton,EMP-001,NZXT H510 Case,17,Components,Cases,2,7000,0,4500,UPI,Mr. Kevin Mccann Jr.,,
OFF-20260206-U4VL-2425,2026-02-06,John Smith,EMP-003,ASUS ROG Monitor 27,17,Displays,Monitors,3,25000,0,18000,Credit Card,Taylor Schneider MD,,Cost check read fly television senior action.
OFF-20220827-8L7G-2426,2022-08-27,Anton,EMP-001,RTX 4070 Ti,15,Components,GPU,2,75000,500,60000,Credit Card,Christopher Haynes,,
OFF-20220417-U3MW-2427,2022-04-17,John Smith,EMP-003,RTX 4070 Ti,2,Components,GPU,2,75000,0,60000,Debit Card,Walk-in,962-588-6393x573,
OFF-20231127-LYEF-2428,2023-11-27,Jane Doe,EMP-002,Samsung 980 PRO 1TB,18,Components,Storage,1,8000,1000,5500,Cash,Michael Wright,8253066151,
OFF-20240808-692Z-2429,2024-08-08,Jane Doe,EMP-002,Razer BlackWidow,9,Accessories,Keyboards,3,12000,0,8000,Credit Card,Walk-in,(587)326-9079,
OFF-20231222-TG8T-2430,2023-12-22,Jane Doe,EMP-002,ASUS ROG Monitor 27,9,Displays,Monitors,2,25000,1500,18000,Cash,Jeanette Horton,,
OFF-20251209-RGT2-2431,2025-12-09,Anton,EMP-001,Logitech WebCam C920,2,Accessories,Webcams,3,6000,0,3500,Debit Card,Walk-in,542-810-8464x7705,
OFF-20220419-7C0S-2432,2022-04-19,Jane Doe,EMP-002,Razer BlackWidow,11,Accessories,Keyboards,1,12000,1500,8000,Cash,John Hall,(393)583-9336x90842,
OFF-20250802-2325-2433,2025-08-02,John Smith,EMP-003,Razer BlackWidow,1,Accessories,Keyboards,2,12000,0,8000,UPI,Walk-in,,
OFF-20211114-Z9DW-2434,2021-11-14,John Smith,EMP-003,Samsung 980 PRO 1TB,20,Components,Storage,3,8000,500,5500,UPI,Christopher Lewis,678.737.6589,
OFF-20210827-S6UK-2435,2021-08-27,John Smith,EMP-003,Intel Core i7 13700K,14,Components,CPU,3,35000,0,28000,UPI,Sherry Hernandez,8563018858,
OFF-20251122-A0TG-2436,2025-11-22,Anton,EMP-001,Logitech MX Master 3,13,Accessories,Mice,2,8500,1000,5000,Debit Card,Judy Smith,903-613-2127,
OFF-20260104-VR0W-2437,2026-01-04,John Smith,EMP-003,Intel Core i7 13700K,13,Components,CPU,3,35000,0,28000,UPI,Walk-in,(685)730-2463,
OFF-20220305-W0DH-2438,2022-03-05,Jane Doe,EMP-002,Logitech WebCam C920,12,Accessories,Webcams,3,6000,1000,3500,UPI,Morgan Young,,
OFF-20211210-P1I1-2439,2021-12-10,Anton,EMP-001,NZXT H510 Case,4,Components,Cases,3,7000,0,4500,Debit Card,Emily Anderson,,
OFF-20251002-5314-2440,2025-10-02,Jane Doe,EMP-002,Logitech MX Master 3,15,Accessories,Mice,3,8500,0,5000,Cash,Ricardo Williams,292.452.0817,Large view why poor part.
OFF-20240403-X2OD-2441,2024-04-03,John Smith,EMP-003,Logitech MX Master 3,11,Accessories,Mice,3,8500,0,5000,Credit Card,Debra Garcia,,
OFF-20250128-0K6M-2442,2025-01-28,John Smith,EMP-003,Razer BlackWidow,7,Accessories,Keyboards,2,12000,0,8000,Debit Card,Michael Rose,,
OFF-20211025-2FO5-2443,2021-10-25,Jane Doe,EMP-002,Gaming PC Build,15,Desktops,Gaming PC,3,85000,500,65000,UPI,Steven Washington,582-984-6823,
OFF-20260107-NO0C-2444,2026-01-07,Jane Doe,EMP-002,RTX 4070 Ti,4,Components,GPU,3,75000,0,60000,Cash,Walk-in,,
OFF-20210722-FM6O-2445,2021-07-22,Anton,EMP-001,ASUS ROG Monitor 27,11,Displays,Monitors,3,25000,0,18000,Credit Card,Elizabeth Leach,,
OFF-20211231-7795-2446,2021-12-31,Anton,EMP-001,NZXT H510 Case,13,Components,Cases,2,7000,1000,4500,Debit Card,Dr. Jonathan Miller MD,001-876-777-7971x22104,Or story piece moment conference certain certainly.
OFF-20251204-3WML-2447,2025-12-04,Jane Doe,EMP-002,RTX 4070 Ti,7,Components,GPU,3,75000,1500,60000,Cash,Walk-in,(659)993-8835x0642,
OFF-20250721-7BM8-2448,2025-07-21,Anton,EMP-001,Razer BlackWidow,14,Accessories,Keyboards,2,12000,0,8000,Debit Card,Matthew Guerra,,
OFF-20231011-UYEQ-2449,2023-10-11,John Smith,EMP-003,Corsair 32GB RAM,9,Components,RAM,2,9000,0,6000,Credit Card,Jennifer Yates,,Almost sea business water indeed.
OFF-20241014-P1JU-2450,2024-10-14,John Smith,EMP-003,NZXT H510 Case,9,Components,Cases,3,7000,500,4500,Debit Card,Robert Vazquez,,
OFF-20230805-DC5K-2451,2023-08-05,Anton,EMP-001,Logitech MX Master 3,8,Accessories,Mice,2,8500,1000,5000,UPI,Robert Carter,,
OFF-20250203-GXJD-2452,2025-02-03,Jane Doe,EMP-002,Gaming PC Build,17,Desktops,Gaming PC,1,85000,1500,65000,UPI,Walk-in,+1-893-525-8080,
OFF-20230625-VS0N-2453,2023-06-25,Anton,EMP-001,Logitech WebCam C920,14,Accessories,Webcams,1,6000,1500,3500,UPI,Melissa Mcbride,349.709.9899,
OFF-20231005-8MCF-2454,2023-10-05,Jane Doe,EMP-002,Samsung 980 PRO 1TB,2,Components,Storage,1,8000,1000,5500,Debit Card,Sara Harris,,
OFF-20250804-79SB-2455,2025-08-04,Jane Doe,EMP-002,Intel Core i7 13700K,13,Components,CPU,1,35000,1500,28000,UPI,Walk-in,,Figure what name station clear every why.
OFF-20250708-09BW-2456,2025-07-08,Anton,EMP-001,Razer BlackWidow,10,Accessories,Keyboards,1,12000,1000,8000,Credit Card,Nicholas Eaton,906.846.4606x1634,
OFF-20250807-AW2H-2457,2025-08-07,Jane Doe,EMP-002,Gaming PC Build,13,Desktops,Gaming PC,1,85000,500,65000,UPI,Abigail York,,
OFF-20210613-31MG-2458,2021-06-13,Anton,EMP-001,Logitech WebCam C920,18,Accessories,Webcams,2,6000,1000,3500,Credit Card,Becky Howard,3234305060,
OFF-20251207-6B6V-2459,2025-12-07,Jane Doe,EMP-002,Corsair 32GB RAM,10,Components,RAM,1,9000,1000,6000,Credit Card,Justin Hughes Jr.,,Baby pay agent hard just opportunity car hospital.
OFF-20231206-ZUUG-2460,2023-12-06,John Smith,EMP-003,Samsung 980 PRO 1TB,14,Components,Storage,2,8000,500,5500,UPI,Erin Harper,+1-500-880-6765,
OFF-20250208-6EPC-2461,2025-02-08,Jane Doe,EMP-002,Logitech WebCam C920,8,Accessories,Webcams,2,6000,500,3500,Credit Card,Victoria Lara,(294)387-5119x6911,
OFF-20250404-IUPF-2462,2025-04-04,Anton,EMP-001,Corsair 32GB RAM,15,Components,RAM,3,9000,500,6000,UPI,Walk-in,253.864.5440,
OFF-20210518-02SB-2463,2021-05-18,Anton,EMP-001,Logitech WebCam C920,11,Accessories,Webcams,2,6000,0,3500,Debit Card,Sara Rosales,,
OFF-20210719-HUE3-2464,2021-07-19,Anton,EMP-001,ASUS ROG Monitor 27,12,Displays,Monitors,3,25000,0,18000,Debit Card,Matthew Goodwin,437.838.8409,Art tax management star green rock.
OFF-20250914-080E-2465,2025-09-14,Jane Doe,EMP-002,Samsung 980 PRO 1TB,17,Components,Storage,2,8000,0,5500,Credit Card,Dr. Amanda Jenkins,464.773.6981x836,
OFF-20221012-CPKX-2466,2022-10-12,John Smith,EMP-003,Razer BlackWidow,13,Accessories,Keyboards,3,12000,1000,8000,Debit Card,Scott Hughes,,Customer trade really environment contain third capital.
OFF-20220313-NDIB-2467,2022-03-13,Anton,EMP-001,Intel Core i7 13700K,12,Components,CPU,2,35000,500,28000,UPI,Susan Johnson,,Director win product weight produce happy I audience.
OFF-20210527-Y6HR-2468,2021-05-27,Anton,EMP-001,Logitech WebCam C920,8,Accessories,Webcams,3,6000,0,3500,UPI,Nicholas Weaver,397-752-9796x175,Two question affect eye energy rock.
OFF-20220618-JM5X-2469,2022-06-18,John Smith,EMP-003,Corsair 32GB RAM,5,Components,RAM,3,9000,0,6000,Cash,Theresa Doyle,+1-340-728-3491x356,
OFF-20230220-XX5H-2470,2023-02-20,Jane Doe,EMP-002,Intel Core i7 13700K,1,Components,CPU,1,35000,1500,28000,UPI,Patricia Galloway,,Risk room care several left environmental read.
OFF-20251126-7V4G-2471,2025-11-26,Anton,EMP-001,Razer BlackWidow,8,Accessories,Keyboards,3,12000,0,8000,Debit Card,Brandon Wilson,903-400-0238x786,
OFF-20210909-B1NM-2472,2021-09-09,Jane Doe,EMP-002,Corsair 32GB RAM,5,Components,RAM,2,9000,1500,6000,Cash,Ruben Kim,001-852-373-2456x28573,Home impact development attack them.
OFF-20260312-8CUK-2473,2026-03-12,Jane Doe,EMP-002,Samsung 980 PRO 1TB,20,Components,Storage,1,8000,0,5500,Cash,Walk-in,8663830721,
OFF-20230626-GFP6-2474,2023-06-26,John Smith,EMP-003,RTX 4070 Ti,17,Components,GPU,2,75000,0,60000,Credit Card,Brianna Murray,,
OFF-20260204-KR2K-2475,2026-02-04,Anton,EMP-001,Corsair 32GB RAM,20,Components,RAM,1,9000,0,6000,Debit Card,Stephen Delgado,,
OFF-20250313-HTDO-2476,2025-03-13,John Smith,EMP-003,Logitech WebCam C920,2,Accessories,Webcams,1,6000,0,3500,Cash,Alicia Valdez,,
OFF-20220601-P7IN-2477,2022-06-01,Jane Doe,EMP-002,Logitech MX Master 3,19,Accessories,Mice,3,8500,0,5000,Cash,Tara Bradshaw,,
OFF-20220213-WT7V-2478,2022-02-13,John Smith,EMP-003,Samsung 980 PRO 1TB,19,Components,Storage,3,8000,0,5500,Cash,Walk-in,,Writer environment cultural Congress interview eye here.
OFF-20221219-CCYA-2479,2022-12-19,Anton,EMP-001,Gaming PC Build,11,Desktops,Gaming PC,1,85000,0,65000,Debit Card,Walk-in,+1-648-802-6057x353,
OFF-20230904-0JY5-2480,2023-09-04,Anton,EMP-001,Logitech MX Master 3,18,Accessories,Mice,3,8500,0,5000,Credit Card,Danielle Burns DVM,(411)622-7630x4046,Professor piece matter election word strategy hot who.
OFF-20231214-7SWH-2481,2023-12-14,John Smith,EMP-003,ASUS ROG Monitor 27,14,Displays,Monitors,2,25000,0,18000,Debit Card,Walk-in,,
OFF-20220502-BEG2-2482,2022-05-02,John Smith,EMP-003,Logitech WebCam C920,18,Accessories,Webcams,3,6000,0,3500,Cash,Shaun Aguilar,,Senior color cup win.
OFF-20251211-2JAS-2483,2025-12-11,Jane Doe,EMP-002,Gaming PC Build,1,Desktops,Gaming PC,3,85000,1500,65000,UPI,Shelby Carter,652-574-2524,
OFF-20220121-2SJM-2484,2022-01-21,Anton,EMP-001,Gaming PC Build,13,Desktops,Gaming PC,2,85000,0,65000,Cash,Stacy Flores,352.537.8542x9341,
OFF-20220831-TXL9-2485,2022-08-31,Jane Doe,EMP-002,Corsair 32GB RAM,13,Components,RAM,3,9000,0,6000,Credit Card,Jordan Raymond,,
OFF-20221025-A41T-2486,2022-10-25,Anton,EMP-001,Intel Core i7 13700K,9,Components,CPU,3,35000,1000,28000,UPI,Mary Jimenez,+1-974-935-8566x9703,
OFF-20230628-NZBE-2487,2023-06-28,Jane Doe,EMP-002,NZXT H510 Case,1,Components,Cases,2,7000,0,4500,UPI,Brad Good,,Job last market plan production national choice.
OFF-20230620-8S0E-2488,2023-06-20,John Smith,EMP-003,Samsung 980 PRO 1TB,20,Components,Storage,1,8000,0,5500,Cash,Kevin Williams,(700)296-8969,
OFF-20221107-TIZL-2489,2022-11-07,Jane Doe,EMP-002,Corsair 32GB RAM,20,Components,RAM,3,9000,0,6000,UPI,Justin Hicks,+1-762-381-6832x15761,
OFF-20221220-4P3Y-2490,2022-12-20,Anton,EMP-001,NZXT H510 Case,17,Components,Cases,2,7000,0,4500,Debit Card,Walk-in,+1-540-945-2903x0757,
OFF-20240703-DYAL-2491,2024-07-03,John Smith,EMP-003,Razer BlackWidow,13,Accessories,Keyboards,3,12000,1000,8000,Cash,Henry Thompson,,
OFF-20210531-J7B0-2492,2021-05-31,Jane Doe,EMP-002,Razer BlackWidow,5,Accessories,Keyboards,2,12000,1500,8000,Credit Card,Walk-in,,Tv rich result.
OFF-20250314-PENM-2493,2025-03-14,Jane Doe,EMP-002,Logitech WebCam C920,5,Accessories,Webcams,3,6000,1000,3500,Credit Card,Philip Rodriguez DDS,,
OFF-20240418-3PS3-2494,2024-04-18,John Smith,EMP-003,ASUS ROG Monitor 27,6,Displays,Monitors,3,25000,1500,18000,Credit Card,Christy Davis,222.516.0764x32623,
OFF-20240117-QQRC-2495,2024-01-17,Anton,EMP-001,NZXT H510 Case,13,Components,Cases,2,7000,0,4500,UPI,Sarah Daniel,657-733-9161x250,Hold write value image front.
OFF-20210730-5DUI-2496,2021-07-30,Jane Doe,EMP-002,Samsung 980 PRO 1TB,17,Components,Storage,2,8000,500,5500,UPI,Rebecca Miller,+1-882-687-6809x3639,
OFF-20221126-YTR0-2497,2022-11-26,Jane Doe,EMP-002,RTX 4070 Ti,20,Components,GPU,3,75000,0,60000,Debit Card,Rhonda Bass,,
OFF-20240104-T9YY-2498,2024-01-04,John Smith,EMP-003,Razer BlackWidow,16,Accessories,Keyboards,2,12000,1000,8000,Cash,Erin Edwards,,Man could to often have.
OFF-20230728-PJPQ-2499,2023-07-28,Jane Doe,EMP-002,RTX 4070 Ti,10,Components,GPU,3,75000,0,60000,Credit Card,Walk-in,,Design already your remain position fear result among.
OFF-20230526-BVY9-2500,2023-05-26,John Smith,EMP-003,Samsung 980 PRO 1TB,3,Components,Storage,1,8000,0,5500,UPI,Chad Jones,,
OFF-20230304-V06Q-2501,2023-03-04,Anton,EMP-001,RTX 4070 Ti,1,Components,GPU,2,75000,1500,60000,UPI,Walk-in,706-943-6197x074,
OFF-20220125-EY0O-2502,2022-01-25,Anton,EMP-001,ASUS ROG Monitor 27,15,Displays,Monitors,2,25000,500,18000,UPI,Roy Day,,
OFF-20210429-E2P1-2503,2021-04-29,John Smith,EMP-003,NZXT H510 Case,7,Components,Cases,1,7000,0,4500,Debit Card,Walk-in,,Know event him look prepare compare name money.
OFF-20210710-182X-2504,2021-07-10,Anton,EMP-001,Logitech WebCam C920,19,Accessories,Webcams,1,6000,0,3500,Credit Card,Robert Dickson,+1-260-700-4352,
OFF-20240708-J2J3-2505,2024-07-08,John Smith,EMP-003,Samsung 980 PRO 1TB,5,Components,Storage,2,8000,0,5500,Credit Card,Walk-in,,Certain trade wear raise size.
OFF-20241108-KSQL-2506,2024-11-08,John Smith,EMP-003,Logitech MX Master 3,8,Accessories,Mice,2,8500,500,5000,UPI,Tyler Johnson,+1-430-461-6998x673,Class again ago area note some hot.
OFF-20220307-9G67-2507,2022-03-07,John Smith,EMP-003,Corsair 32GB RAM,2,Components,RAM,3,9000,0,6000,Credit Card,Michael Burch,,
OFF-20251127-TP7M-2508,2025-11-27,John Smith,EMP-003,Samsung 980 PRO 1TB,17,Components,Storage,1,8000,1000,5500,Credit Card,Taylor Carrillo,(230)876-5618,
OFF-20241003-VK65-2509,2024-10-03,Jane Doe,EMP-002,Intel Core i7 13700K,10,Components,CPU,1,35000,1000,28000,Cash,Kyle Rowe,937-674-4340x8820,
OFF-20251201-H03K-2510,2025-12-01,John Smith,EMP-003,Intel Core i7 13700K,1,Components,CPU,3,35000,1500,28000,Cash,Dustin Madden,001-990-213-4168,
OFF-20210909-VEQS-2511,2021-09-09,Anton,EMP-001,Corsair 32GB RAM,12,Components,RAM,1,9000,0,6000,Debit Card,Cassandra Sawyer,,
OFF-20220520-3NCX-2512,2022-05-20,Anton,EMP-001,ASUS ROG Monitor 27,13,Displays,Monitors,2,25000,0,18000,Cash,Walk-in,+1-843-556-4452x4907,American almost than industry.
OFF-20230222-CAHN-2513,2023-02-22,Anton,EMP-001,NZXT H510 Case,1,Components,Cases,3,7000,500,4500,Cash,Antonio Miranda,001-721-512-5809,
OFF-20210716-SEZ8-2514,2021-07-16,John Smith,EMP-003,ASUS ROG Monitor 27,5,Displays,Monitors,3,25000,0,18000,Cash,Walk-in,545-808-4922x98301,
OFF-20230527-1WSU-2515,2023-05-27,Anton,EMP-001,Logitech WebCam C920,2,Accessories,Webcams,3,6000,1500,3500,Debit Card,Julie Kim,001-221-278-7703x823,Sense less safe away determine game TV.
OFF-20241215-EQPJ-2516,2024-12-15,Jane Doe,EMP-002,ASUS ROG Monitor 27,6,Displays,Monitors,2,25000,0,18000,Credit Card,Walk-in,001-669-233-7807,
OFF-20221106-VE08-2517,2022-11-06,John Smith,EMP-003,Logitech WebCam C920,19,Accessories,Webcams,3,6000,0,3500,Debit Card,Reginald West,(483)773-7343x78383,
OFF-20231005-MDYA-2518,2023-10-05,Jane Doe,EMP-002,Corsair 32GB RAM,18,Components,RAM,3,9000,0,6000,Cash,Walk-in,,
OFF-20251212-98UZ-2519,2025-12-12,Anton,EMP-001,Samsung 980 PRO 1TB,4,Components,Storage,2,8000,0,5500,UPI,Megan Jackson,(904)275-9676,Already way herself send.
OFF-20250416-DCBS-2520,2025-04-16,John Smith,EMP-003,Logitech WebCam C920,4,Accessories,Webcams,2,6000,1000,3500,Credit Card,Meredith Riley,+1-461-661-4852,
OFF-20260127-4SJV-2521,2026-01-27,Anton,EMP-001,Logitech MX Master 3,3,Accessories,Mice,2,8500,0,5000,Cash,Walk-in,552.247.3655x659,
OFF-20240911-X66J-2522,2024-09-11,Anton,EMP-001,Logitech WebCam C920,7,Accessories,Webcams,1,6000,1500,3500,Credit Card,Walk-in,(403)640-4872x94959,Before course happy.
OFF-20250715-1IMI-2523,2025-07-15,Jane Doe,EMP-002,Gaming PC Build,20,Desktops,Gaming PC,3,85000,0,65000,Debit Card,Joseph Morris,(868)963-3308,Nature exactly between.
OFF-20230811-EIUA-2524,2023-08-11,Jane Doe,EMP-002,Razer BlackWidow,8,Accessories,Keyboards,2,12000,1500,8000,UPI,Walk-in,(789)964-3453x995,
OFF-20251220-LDQE-2525,2025-12-20,Jane Doe,EMP-002,ASUS ROG Monitor 27,10,Displays,Monitors,2,25000,0,18000,Debit Card,Walk-in,241.820.1653x20560,
OFF-20241209-3HCP-2526,2024-12-09,Anton,EMP-001,Corsair 32GB RAM,6,Components,RAM,2,9000,0,6000,Credit Card,Walk-in,,
OFF-20251013-FG38-2527,2025-10-13,John Smith,EMP-003,Razer BlackWidow,11,Accessories,Keyboards,1,12000,0,8000,Debit Card,James Mathis,(613)447-8196,
OFF-20230824-GT6I-2528,2023-08-24,Anton,EMP-001,Corsair 32GB RAM,19,Components,RAM,3,9000,0,6000,Cash,James Pham,,Animal money city among again moment color.
OFF-20210513-RXDD-2529,2021-05-13,Anton,EMP-001,Intel Core i7 13700K,19,Components,CPU,1,35000,1000,28000,Credit Card,Joseph Sexton,,
OFF-20251121-Z0VU-2530,2025-11-21,Anton,EMP-001,NZXT H510 Case,20,Components,Cases,3,7000,500,4500,UPI,Sara Sanchez,,While suffer most make training.
OFF-20260206-ZEUN-2531,2026-02-06,Jane Doe,EMP-002,Logitech MX Master 3,11,Accessories,Mice,1,8500,0,5000,Debit Card,Ellen Guzman,695-659-1931x536,
OFF-20240629-56R8-2532,2024-06-29,John Smith,EMP-003,Gaming PC Build,4,Desktops,Gaming PC,3,85000,0,65000,Credit Card,Charles Lynch,,
OFF-20250309-CQQO-2533,2025-03-09,John Smith,EMP-003,Razer BlackWidow,18,Accessories,Keyboards,2,12000,0,8000,Credit Card,Danielle Carter,,
OFF-20250702-KWBK-2534,2025-07-02,Anton,EMP-001,Logitech WebCam C920,12,Accessories,Webcams,2,6000,1000,3500,Debit Card,Aaron Bennett,,
OFF-20230605-FRUP-2535,2023-06-05,John Smith,EMP-003,Razer BlackWidow,4,Accessories,Keyboards,3,12000,0,8000,Credit Card,Cheryl Burns,+1-567-970-5889x306,
OFF-20230205-CH3Z-2536,2023-02-05,Jane Doe,EMP-002,Gaming PC Build,18,Desktops,Gaming PC,1,85000,0,65000,UPI,Mark Jensen,,
OFF-20230413-BIFY-2537,2023-04-13,Anton,EMP-001,Gaming PC Build,2,Desktops,Gaming PC,3,85000,500,65000,Cash,Jonathon Sellers,(798)783-1260,
OFF-20241107-PLS2-2538,2024-11-07,Anton,EMP-001,ASUS ROG Monitor 27,15,Displays,Monitors,1,25000,500,18000,Credit Card,Walk-in,,
OFF-20231001-9VP0-2539,2023-10-01,Jane Doe,EMP-002,NZXT H510 Case,11,Components,Cases,2,7000,500,4500,Credit Card,Cynthia Schwartz,,
OFF-20220403-ABLT-2540,2022-04-03,Anton,EMP-001,Razer BlackWidow,20,Accessories,Keyboards,1,12000,0,8000,UPI,James Rivera,,
OFF-20220518-8ZEQ-2541,2022-05-18,John Smith,EMP-003,Gaming PC Build,19,Desktops,Gaming PC,3,85000,500,65000,UPI,Marcus Campbell,,
OFF-20250321-MSCW-2542,2025-03-21,John Smith,EMP-003,Corsair 32GB RAM,17,Components,RAM,3,9000,0,6000,Debit Card,Lynn Johnson,321-962-5096x2773,
OFF-20250506-LPUM-2543,2025-05-06,Jane Doe,EMP-002,Gaming PC Build,17,Desktops,Gaming PC,1,85000,500,65000,Credit Card,Walk-in,+1-923-577-8868x28174,
OFF-20250402-SU3B-2544,2025-04-02,Anton,EMP-001,NZXT H510 Case,1,Components,Cases,1,7000,500,4500,Debit Card,Jennifer Huerta,,
OFF-20220715-HO1B-2545,2022-07-15,John Smith,EMP-003,NZXT H510 Case,3,Components,Cases,3,7000,0,4500,Cash,Walk-in,+1-367-812-2424x98574,Something book order term.
OFF-20240329-RASX-2546,2024-03-29,Jane Doe,EMP-002,RTX 4070 Ti,7,Components,GPU,2,75000,0,60000,Credit Card,Trevor Perry,,In use north Republican religious stage believe.
OFF-20250320-IAYW-2547,2025-03-20,Jane Doe,EMP-002,Samsung 980 PRO 1TB,20,Components,Storage,3,8000,0,5500,Debit Card,Dr. Kelly Lowe DVM,,
OFF-20221028-VFQI-2548,2022-10-28,Anton,EMP-001,ASUS ROG Monitor 27,5,Displays,Monitors,2,25000,1500,18000,UPI,Mr. Eric Mccarty DVM,+1-589-497-2942x22121,
OFF-20211122-RLGR-2549,2021-11-22,Jane Doe,EMP-002,RTX 4070 Ti,10,Components,GPU,3,75000,0,60000,Cash,Donald Neal,,Base American imagine either response.
OFF-20260314-PU2W-2550,2026-03-14,Anton,EMP-001,Intel Core i7 13700K,10,Components,CPU,2,35000,1500,28000,Credit Card,Walk-in,443.495.7053x58374,
OFF-20230801-HKNF-2551,2023-08-01,John Smith,EMP-003,Corsair 32GB RAM,11,Components,RAM,1,9000,0,6000,UPI,Amy Zuniga,,Than read almost light.
OFF-20240521-8L0J-2552,2024-05-21,John Smith,EMP-003,Intel Core i7 13700K,15,Components,CPU,3,35000,1000,28000,Debit Card,Sarah Stuart,001-927-828-4496x142,
OFF-20220916-CMV7-2553,2022-09-16,John Smith,EMP-003,Samsung 980 PRO 1TB,2,Components,Storage,1,8000,1500,5500,UPI,Walk-in,636.613.1397x362,
OFF-20221109-8PSY-2554,2022-11-09,Anton,EMP-001,Corsair 32GB RAM,16,Components,RAM,1,9000,0,6000,Cash,Walk-in,9808822630,
OFF-20250113-ZV1Y-2555,2025-01-13,John Smith,EMP-003,Intel Core i7 13700K,8,Components,CPU,3,35000,0,28000,Cash,Monique Bradley,,
OFF-20240810-54OI-2556,2024-08-10,Jane Doe,EMP-002,Logitech WebCam C920,10,Accessories,Webcams,2,6000,1500,3500,Debit Card,Joel Rice,726-244-8008x39627,
OFF-20220621-E92Y-2557,2022-06-21,John Smith,EMP-003,ASUS ROG Monitor 27,3,Displays,Monitors,3,25000,0,18000,Cash,Heather Barry,,
OFF-20230913-Z10Q-2558,2023-09-13,John Smith,EMP-003,RTX 4070 Ti,9,Components,GPU,1,75000,0,60000,UPI,Walk-in,+1-910-920-0280x617,
OFF-20250107-KBWQ-2559,2025-01-07,Jane Doe,EMP-002,Razer BlackWidow,7,Accessories,Keyboards,3,12000,1000,8000,UPI,Walk-in,,
OFF-20220724-WKPE-2560,2022-07-24,Anton,EMP-001,Razer BlackWidow,6,Accessories,Keyboards,1,12000,1000,8000,Cash,Todd Joseph,,
OFF-20240419-OJ8I-2561,2024-04-19,Anton,EMP-001,Gaming PC Build,9,Desktops,Gaming PC,1,85000,1000,65000,Credit Card,Kevin Ayers,713.582.8192x6537,
OFF-20210829-RJLK-2562,2021-08-29,Jane Doe,EMP-002,Razer BlackWidow,17,Accessories,Keyboards,1,12000,500,8000,Cash,Walk-in,+1-833-761-9440,
OFF-20250528-8PKH-2563,2025-05-28,John Smith,EMP-003,Razer BlackWidow,15,Accessories,Keyboards,3,12000,0,8000,Debit Card,Lori Gordon,,
OFF-20220310-0A55-2564,2022-03-10,Jane Doe,EMP-002,Intel Core i7 13700K,12,Components,CPU,2,35000,1000,28000,UPI,Kelli Perry,(788)913-9876x223,Easy thought fight I company wind.
OFF-20250123-O8BS-2565,2025-01-23,John Smith,EMP-003,Logitech MX Master 3,9,Accessories,Mice,3,8500,0,5000,Cash,Walk-in,,
OFF-20220425-1LWR-2566,2022-04-25,Anton,EMP-001,Intel Core i7 13700K,2,Components,CPU,3,35000,1000,28000,Credit Card,Heather Henry,001-522-611-5670x74558,Somebody use fear.
OFF-20210927-NDLW-2567,2021-09-27,Jane Doe,EMP-002,Gaming PC Build,7,Desktops,Gaming PC,2,85000,0,65000,Debit Card,Samantha Parsons,,
OFF-20220811-CQHS-2568,2022-08-11,John Smith,EMP-003,NZXT H510 Case,10,Components,Cases,2,7000,500,4500,UPI,Douglas Martin,,
OFF-20231026-0DZQ-2569,2023-10-26,John Smith,EMP-003,Logitech WebCam C920,6,Accessories,Webcams,1,6000,500,3500,Debit Card,Brian Wise,,
OFF-20211118-D9NS-2570,2021-11-18,Anton,EMP-001,Intel Core i7 13700K,11,Components,CPU,2,35000,1000,28000,UPI,Jennifer Johns,,Scientist former leave artist trade.
OFF-20210408-KNYA-2571,2021-04-08,Jane Doe,EMP-002,NZXT H510 Case,18,Components,Cases,2,7000,0,4500,Credit Card,Kimberly Hernandez,306.953.3641,
OFF-20250703-D8LO-2572,2025-07-03,Anton,EMP-001,Corsair 32GB RAM,15,Components,RAM,3,9000,0,6000,Cash,James Howell,512-902-4807x780,
OFF-20260322-S5OH-2573,2026-03-22,John Smith,EMP-003,Corsair 32GB RAM,6,Components,RAM,3,9000,1500,6000,UPI,Justin Pruitt,001-563-399-0322x060,Because herself as mission around yeah.
OFF-20231114-TKRQ-2574,2023-11-14,John Smith,EMP-003,ASUS ROG Monitor 27,9,Displays,Monitors,2,25000,0,18000,Cash,Katherine Young,(921)299-4511,Message whole beautiful name play type.
OFF-20230514-DKHO-2575,2023-05-14,Anton,EMP-001,Razer BlackWidow,4,Accessories,Keyboards,2,12000,0,8000,UPI,Matthew Zimmerman,,
OFF-20230930-M29W-2576,2023-09-30,John Smith,EMP-003,Logitech MX Master 3,2,Accessories,Mice,2,8500,0,5000,UPI,Walk-in,,
OFF-20251215-84MK-2577,2025-12-15,John Smith,EMP-003,Intel Core i7 13700K,8,Components,CPU,1,35000,0,28000,Credit Card,Donald Decker,+1-709-836-8549x4759,Apply population get yourself authority off put give.
OFF-20210626-PP16-2578,2021-06-26,Anton,EMP-001,ASUS ROG Monitor 27,13,Displays,Monitors,1,25000,0,18000,Cash,Walk-in,612-257-8786x75158,
OFF-20230909-85YA-2579,2023-09-09,Jane Doe,EMP-002,RTX 4070 Ti,15,Components,GPU,3,75000,500,60000,Credit Card,Dorothy Flores,,
OFF-20230717-986P-2580,2023-07-17,Anton,EMP-001,Samsung 980 PRO 1TB,17,Components,Storage,1,8000,1000,5500,UPI,Walk-in,,
OFF-20231010-IOUU-2581,2023-10-10,Jane Doe,EMP-002,Gaming PC Build,16,Desktops,Gaming PC,2,85000,1000,65000,Credit Card,Walk-in,,
OFF-20230819-VCR0-2582,2023-08-19,John Smith,EMP-003,Intel Core i7 13700K,11,Components,CPU,1,35000,1500,28000,Cash,Walk-in,+1-371-770-0621x13405,
OFF-20251006-NM0I-2583,2025-10-06,Anton,EMP-001,Samsung 980 PRO 1TB,9,Components,Storage,3,8000,0,5500,Credit Card,Mariah Keller,930-941-2253x445,
OFF-20241222-FGWZ-2584,2024-12-22,Anton,EMP-001,NZXT H510 Case,13,Components,Cases,2,7000,500,4500,Cash,Jacob Pena,,
OFF-20210522-5L86-2585,2021-05-22,Anton,EMP-001,ASUS ROG Monitor 27,18,Displays,Monitors,1,25000,0,18000,Cash,Lori Villarreal,(560)401-0883,Magazine life station analysis small.
OFF-20221123-LWNY-2586,2022-11-23,John Smith,EMP-003,RTX 4070 Ti,7,Components,GPU,1,75000,0,60000,Credit Card,Adam Stephens,,
OFF-20240913-6VX8-2587,2024-09-13,John Smith,EMP-003,Intel Core i7 13700K,6,Components,CPU,1,35000,0,28000,Debit Card,Kevin Phillips,001-668-241-3491x3360,
OFF-20240706-9Q53-2588,2024-07-06,John Smith,EMP-003,Intel Core i7 13700K,15,Components,CPU,3,35000,500,28000,Debit Card,Ricardo Gordon,7246206900,Magazine fund thing free.
OFF-20230326-4UN5-2589,2023-03-26,Anton,EMP-001,Logitech WebCam C920,17,Accessories,Webcams,2,6000,0,3500,Debit Card,Walk-in,,
OFF-20230520-YY6A-2590,2023-05-20,John Smith,EMP-003,NZXT H510 Case,8,Components,Cases,1,7000,0,4500,Cash,Dr. Mark Stephens,,Consider character record series director every a.
OFF-20220503-IJ9H-2591,2022-05-03,Jane Doe,EMP-002,RTX 4070 Ti,5,Components,GPU,1,75000,0,60000,Debit Card,Jennifer Aguilar,001-777-579-6833x3809,
OFF-20220328-J4IH-2592,2022-03-28,John Smith,EMP-003,NZXT H510 Case,19,Components,Cases,3,7000,0,4500,Cash,Ann Cooper,,Machine president morning message.
OFF-20250929-HTQV-2593,2025-09-29,John Smith,EMP-003,Logitech WebCam C920,10,Accessories,Webcams,2,6000,0,3500,UPI,Walk-in,287-251-2324x6343,
OFF-20231219-ZHQG-2594,2023-12-19,Anton,EMP-001,NZXT H510 Case,14,Components,Cases,2,7000,1500,4500,Credit Card,Walk-in,,Direction glass fly let say.
OFF-20210813-F9MP-2595,2021-08-13,Anton,EMP-001,Corsair 32GB RAM,15,Components,RAM,1,9000,0,6000,Debit Card,Walk-in,,President discuss light part voice positive both.
OFF-20260204-46HQ-2596,2026-02-04,Anton,EMP-001,Logitech WebCam C920,12,Accessories,Webcams,3,6000,0,3500,Credit Card,Thomas Smith,,
OFF-20231220-AHKP-2597,2023-12-20,Jane Doe,EMP-002,Logitech WebCam C920,13,Accessories,Webcams,1,6000,500,3500,UPI,Alexandra Carney,,People enjoy also man usually responsibility.
OFF-20241020-ESSJ-2598,2024-10-20,John Smith,EMP-003,Logitech MX Master 3,1,Accessories,Mice,1,8500,0,5000,Debit Card,Walk-in,001-407-226-7932x939,Man use board smile debate yourself often science.
OFF-20240924-2JGT-2599,2024-09-24,Jane Doe,EMP-002,Corsair 32GB RAM,19,Components,RAM,2,9000,1500,6000,Credit Card,Walk-in,,
OFF-20231228-LY9M-2600,2023-12-28,Anton,EMP-001,ASUS ROG Monitor 27,16,Displays,Monitors,1,25000,0,18000,Debit Card,Crystal Jackson,575.218.2392x11602,
OFF-20250929-TXXU-2601,2025-09-29,John Smith,EMP-003,Samsung 980 PRO 1TB,16,Components,Storage,3,8000,0,5500,Cash,Dr. Andrew Rivera,,
OFF-20251107-453E-2602,2025-11-07,Anton,EMP-001,Intel Core i7 13700K,1,Components,CPU,2,35000,0,28000,Cash,Amy Wagner,990-370-4984x8534,Woman specific game popular.
OFF-20211117-7EP3-2603,2021-11-17,John Smith,EMP-003,Gaming PC Build,2,Desktops,Gaming PC,3,85000,0,65000,Debit Card,Emily Obrien,+1-290-568-1614x968,
OFF-20240915-B8WU-2604,2024-09-15,Jane Doe,EMP-002,Corsair 32GB RAM,8,Components,RAM,3,9000,500,6000,UPI,Walk-in,(698)829-6246x75008,
OFF-20220606-PC7U-2605,2022-06-06,Jane Doe,EMP-002,ASUS ROG Monitor 27,14,Displays,Monitors,3,25000,1500,18000,Debit Card,Theresa Hart,(322)271-4820,
OFF-20221103-YW7P-2606,2022-11-03,Anton,EMP-001,Logitech WebCam C920,14,Accessories,Webcams,1,6000,0,3500,Cash,Phillip Hester,,
OFF-20241222-BLJS-2607,2024-12-22,Jane Doe,EMP-002,Gaming PC Build,8,Desktops,Gaming PC,1,85000,0,65000,Credit Card,Walk-in,766-618-3957,
OFF-20210927-LZ4X-2608,2021-09-27,Jane Doe,EMP-002,Razer BlackWidow,5,Accessories,Keyboards,2,12000,500,8000,UPI,Patrick Mason,,
OFF-20211119-O7TY-2609,2021-11-19,Jane Doe,EMP-002,Logitech WebCam C920,11,Accessories,Webcams,2,6000,0,3500,Credit Card,Adam Wallace,(528)293-6552x407,
OFF-20220318-PE08-2610,2022-03-18,Anton,EMP-001,Intel Core i7 13700K,12,Components,CPU,1,35000,1000,28000,Debit Card,Stephen Nelson,001-485-447-8826x641,Series deep green.
OFF-20250930-KNUE-2611,2025-09-30,Anton,EMP-001,Corsair 32GB RAM,11,Components,RAM,1,9000,1000,6000,Credit Card,Walk-in,,
OFF-20230728-O2AQ-2612,2023-07-28,Anton,EMP-001,Razer BlackWidow,9,Accessories,Keyboards,3,12000,0,8000,Debit Card,Walk-in,+1-277-811-2770x86508,
OFF-20250817-9Y9C-2613,2025-08-17,Jane Doe,EMP-002,Logitech WebCam C920,2,Accessories,Webcams,3,6000,1000,3500,Credit Card,Anthony Barnes,,
OFF-20211210-HS9V-2614,2021-12-10,Jane Doe,EMP-002,Logitech WebCam C920,8,Accessories,Webcams,1,6000,1500,3500,Cash,Arthur Rose,,
OFF-20241209-3U2W-2615,2024-12-09,Anton,EMP-001,NZXT H510 Case,14,Components,Cases,2,7000,500,4500,UPI,Megan Morrow,,Environment top no.
OFF-20211209-S39Y-2616,2021-12-09,John Smith,EMP-003,RTX 4070 Ti,20,Components,GPU,2,75000,0,60000,Credit Card,Victoria Thomas,,
OFF-20230612-ZN29-2617,2023-06-12,Anton,EMP-001,Gaming PC Build,12,Desktops,Gaming PC,1,85000,0,65000,UPI,Walk-in,290.680.3222,
OFF-20260123-K1ZH-2618,2026-01-23,Jane Doe,EMP-002,Corsair 32GB RAM,11,Components,RAM,2,9000,0,6000,Cash,Phillip Moon,001-823-852-0130x7281,
OFF-20230608-6BYD-2619,2023-06-08,Jane Doe,EMP-002,Gaming PC Build,4,Desktops,Gaming PC,1,85000,0,65000,Debit Card,Daniel Jackson,,Its federal area however friend should.
OFF-20230818-IJQ6-2620,2023-08-18,Anton,EMP-001,Razer BlackWidow,2,Accessories,Keyboards,2,12000,1500,8000,UPI,Walk-in,,
OFF-20230921-1RCF-2621,2023-09-21,Jane Doe,EMP-002,NZXT H510 Case,11,Components,Cases,2,7000,0,4500,Credit Card,James Davis,2627140820,Son we lay free idea return.
OFF-20220618-XDLD-2622,2022-06-18,John Smith,EMP-003,Logitech MX Master 3,14,Accessories,Mice,1,8500,500,5000,UPI,David Green,(462)782-6812x19352,
OFF-20230606-NZ5C-2623,2023-06-06,Anton,EMP-001,RTX 4070 Ti,10,Components,GPU,1,75000,0,60000,UPI,Walk-in,,
OFF-20230303-F4W3-2624,2023-03-03,Jane Doe,EMP-002,Corsair 32GB RAM,4,Components,RAM,3,9000,1500,6000,Cash,Jaime Matthews,884.201.1961x09238,
OFF-20231231-8L6R-2625,2023-12-31,Anton,EMP-001,Intel Core i7 13700K,17,Components,CPU,1,35000,0,28000,UPI,Walk-in,838.268.3914,
OFF-20241205-H0RT-2626,2024-12-05,John Smith,EMP-003,Intel Core i7 13700K,19,Components,CPU,1,35000,1500,28000,UPI,Walk-in,481-684-8632x0520,
OFF-20220121-L74Y-2627,2022-01-21,John Smith,EMP-003,Intel Core i7 13700K,17,Components,CPU,3,35000,0,28000,Cash,Walk-in,253.704.7899,Despite table create woman two.
OFF-20210703-K0WZ-2628,2021-07-03,Anton,EMP-001,Razer BlackWidow,19,Accessories,Keyboards,3,12000,0,8000,UPI,Walk-in,5702507395,
OFF-20211102-0CHB-2629,2021-11-02,Jane Doe,EMP-002,Intel Core i7 13700K,18,Components,CPU,2,35000,0,28000,UPI,Jordan King,,
OFF-20240117-BT0E-2630,2024-01-17,Jane Doe,EMP-002,RTX 4070 Ti,4,Components,GPU,1,75000,500,60000,UPI,Bryce Huber,,
OFF-20240821-I8BE-2631,2024-08-21,Anton,EMP-001,Corsair 32GB RAM,2,Components,RAM,3,9000,0,6000,UPI,Jose Wyatt,,Relate protect know.
OFF-20210623-ZD72-2632,2021-06-23,Anton,EMP-001,Corsair 32GB RAM,19,Components,RAM,2,9000,1000,6000,UPI,Michelle Thomas,512-678-0833x93571,
OFF-20210805-K3A6-2633,2021-08-05,John Smith,EMP-003,RTX 4070 Ti,10,Components,GPU,3,75000,0,60000,Debit Card,Samantha Henry,,
OFF-20250331-M5J1-2634,2025-03-31,Jane Doe,EMP-002,Logitech WebCam C920,5,Accessories,Webcams,2,6000,1500,3500,Credit Card,Travis Moran,,Media stuff score end challenge radio information president.
OFF-20230811-ZUZW-2635,2023-08-11,John Smith,EMP-003,Corsair 32GB RAM,11,Components,RAM,3,9000,1000,6000,Credit Card,Walk-in,,
OFF-20251017-U6Z1-2636,2025-10-17,Anton,EMP-001,Samsung 980 PRO 1TB,17,Components,Storage,3,8000,0,5500,Credit Card,Theresa Shah,001-315-761-3850x2035,
OFF-20231227-RWAS-2637,2023-12-27,Jane Doe,EMP-002,RTX 4070 Ti,14,Components,GPU,1,75000,1000,60000,Credit Card,Tasha Woods,(728)295-2651x8214,
OFF-20220916-LJ0Z-2638,2022-09-16,John Smith,EMP-003,Razer BlackWidow,12,Accessories,Keyboards,3,12000,1500,8000,Credit Card,Kathleen Simpson,,
OFF-20241005-Y4QN-2639,2024-10-05,John Smith,EMP-003,Gaming PC Build,20,Desktops,Gaming PC,3,85000,0,65000,Credit Card,Ashley Patel,333.562.5637x3487,
OFF-20240928-2PS7-2640,2024-09-28,John Smith,EMP-003,Corsair 32GB RAM,20,Components,RAM,2,9000,1500,6000,Cash,Jeremiah Estes,001-405-519-0626x4169,Wind collection create benefit happy trial.
OFF-20211006-036A-2641,2021-10-06,John Smith,EMP-003,Corsair 32GB RAM,17,Components,RAM,1,9000,0,6000,Debit Card,Jessica Hunt,452-286-6007x1696,
OFF-20241118-H8EI-2642,2024-11-18,John Smith,EMP-003,Razer BlackWidow,15,Accessories,Keyboards,1,12000,0,8000,Credit Card,Nathan Gutierrez,,
OFF-20240412-BPB3-2643,2024-04-12,Anton,EMP-001,Razer BlackWidow,17,Accessories,Keyboards,3,12000,0,8000,Cash,Chelsea Baker,,
OFF-20240827-O35A-2644,2024-08-27,Jane Doe,EMP-002,RTX 4070 Ti,8,Components,GPU,3,75000,0,60000,Cash,Mrs. Amanda Smith,,
OFF-20220224-YJLF-2645,2022-02-24,John Smith,EMP-003,Gaming PC Build,14,Desktops,Gaming PC,2,85000,500,65000,Credit Card,Walk-in,+1-508-637-8083x156,Move pretty what director article consumer prove.
OFF-20230802-1ZBP-2646,2023-08-02,John Smith,EMP-003,Intel Core i7 13700K,16,Components,CPU,3,35000,0,28000,Credit Card,Kelly Rodriguez,5314263502,
OFF-20220510-Y353-2647,2022-05-10,John Smith,EMP-003,ASUS ROG Monitor 27,1,Displays,Monitors,2,25000,500,18000,UPI,Sean Moyer,,Nation any reality.
OFF-20210506-941A-2648,2021-05-06,John Smith,EMP-003,Razer BlackWidow,9,Accessories,Keyboards,3,12000,1500,8000,Credit Card,Mackenzie Thomas,,
OFF-20241121-FVCR-2649,2024-11-21,Jane Doe,EMP-002,Logitech MX Master 3,13,Accessories,Mice,1,8500,0,5000,Debit Card,Brandon Yang,(571)337-7189x12713,
OFF-20260321-COMY-2650,2026-03-21,Anton,EMP-001,Logitech WebCam C920,8,Accessories,Webcams,1,6000,0,3500,Cash,Joel Smith,001-977-559-2350x19299,
OFF-20250324-P9EO-2651,2025-03-24,Jane Doe,EMP-002,Corsair 32GB RAM,5,Components,RAM,1,9000,1000,6000,UPI,Vincent Young,,
OFF-20260117-R9E8-2652,2026-01-17,John Smith,EMP-003,Logitech WebCam C920,9,Accessories,Webcams,2,6000,1000,3500,Credit Card,Walk-in,+1-631-334-9215x192,Idea together total suddenly.
OFF-20260225-CE29-2653,2026-02-25,John Smith,EMP-003,Logitech WebCam C920,13,Accessories,Webcams,1,6000,0,3500,Credit Card,Mark Jones,,Box far data probably.
OFF-20220808-A232-2654,2022-08-08,John Smith,EMP-003,Intel Core i7 13700K,6,Components,CPU,1,35000,500,28000,UPI,Nancy Archer,,
OFF-20230702-8S4Q-2655,2023-07-02,Anton,EMP-001,Intel Core i7 13700K,13,Components,CPU,1,35000,1000,28000,Cash,James Jones,,Able mention people there.
OFF-20240706-7F4E-2656,2024-07-06,Jane Doe,EMP-002,Intel Core i7 13700K,7,Components,CPU,3,35000,500,28000,UPI,Walk-in,,
OFF-20240520-R6SR-2657,2024-05-20,Anton,EMP-001,NZXT H510 Case,17,Components,Cases,1,7000,1000,4500,Credit Card,Madison Dunlap,+1-718-668-0380x58238,
OFF-20220614-3ZX0-2658,2022-06-14,John Smith,EMP-003,RTX 4070 Ti,10,Components,GPU,3,75000,1000,60000,Credit Card,Walk-in,(660)420-6017,
OFF-20230320-SVU7-2659,2023-03-20,Anton,EMP-001,Razer BlackWidow,11,Accessories,Keyboards,1,12000,0,8000,Cash,Walk-in,,
OFF-20250717-I62Y-2660,2025-07-17,Jane Doe,EMP-002,Intel Core i7 13700K,12,Components,CPU,3,35000,1000,28000,UPI,Norman Brown,569-465-6982x7250,
OFF-20260303-R7UA-2661,2026-03-03,Jane Doe,EMP-002,ASUS ROG Monitor 27,11,Displays,Monitors,1,25000,500,18000,UPI,Michelle Gonzales,,Already rich simple table another if white.
OFF-20240130-B0N0-2662,2024-01-30,John Smith,EMP-003,Logitech MX Master 3,13,Accessories,Mice,1,8500,1000,5000,Cash,Walk-in,+1-334-695-6653x93896,
OFF-20230901-5VPV-2663,2023-09-01,Jane Doe,EMP-002,Logitech WebCam C920,20,Accessories,Webcams,3,6000,0,3500,UPI,Heather Hopkins,(429)788-6756x78977,
OFF-20260207-RMKJ-2664,2026-02-07,Anton,EMP-001,NZXT H510 Case,4,Components,Cases,2,7000,1500,4500,UPI,Walk-in,782-338-6504,Institution loss ball world heavy bill be produce.
OFF-20221207-JMY9-2665,2022-12-07,John Smith,EMP-003,Gaming PC Build,13,Desktops,Gaming PC,1,85000,500,65000,Credit Card,Walk-in,,
OFF-20220805-G6PS-2666,2022-08-05,John Smith,EMP-003,Samsung 980 PRO 1TB,3,Components,Storage,2,8000,0,5500,UPI,Jennifer Wilkerson,695.388.2931,
OFF-20230703-2TZP-2667,2023-07-03,John Smith,EMP-003,Samsung 980 PRO 1TB,14,Components,Storage,2,8000,500,5500,Cash,Walk-in,001-585-324-9405x0035,Already indicate they arm data view.
OFF-20260306-JGU8-2668,2026-03-06,Jane Doe,EMP-002,Intel Core i7 13700K,5,Components,CPU,1,35000,0,28000,Debit Card,Walk-in,+1-221-780-6524x8347,
OFF-20230923-OCUI-2669,2023-09-23,John Smith,EMP-003,Corsair 32GB RAM,13,Components,RAM,1,9000,500,6000,Cash,Megan Orozco,,Speech easy policy cost through throw fund deep.
OFF-20210604-35YA-2670,2021-06-04,John Smith,EMP-003,Logitech MX Master 3,17,Accessories,Mice,2,8500,1500,5000,UPI,Gary Velasquez,001-455-567-2535x8270,Glass resource cultural economic friend management.
OFF-20251115-M2V4-2671,2025-11-15,Anton,EMP-001,Logitech WebCam C920,20,Accessories,Webcams,2,6000,0,3500,Cash,Michael Woodward,,
OFF-20240312-6QXX-2672,2024-03-12,Anton,EMP-001,Gaming PC Build,9,Desktops,Gaming PC,3,85000,0,65000,Cash,Walk-in,,
OFF-20230622-A0JE-2673,2023-06-22,John Smith,EMP-003,NZXT H510 Case,2,Components,Cases,3,7000,0,4500,Debit Card,Riley Orozco,,
OFF-20260220-X8HX-2674,2026-02-20,John Smith,EMP-003,Corsair 32GB RAM,12,Components,RAM,2,9000,0,6000,Cash,Justin Goodwin,,
OFF-20251211-C21W-2675,2025-12-11,Jane Doe,EMP-002,NZXT H510 Case,13,Components,Cases,2,7000,0,4500,Cash,Anthony Gordon,,
OFF-20230904-71M0-2676,2023-09-04,John Smith,EMP-003,Logitech MX Master 3,7,Accessories,Mice,1,8500,0,5000,Debit Card,Kevin Russell,,
OFF-20210731-9YHO-2677,2021-07-31,Anton,EMP-001,Samsung 980 PRO 1TB,13,Components,Storage,3,8000,0,5500,Debit Card,Nicole Knapp,,
OFF-20230425-VK6Q-2678,2023-04-25,Anton,EMP-001,ASUS ROG Monitor 27,6,Displays,Monitors,3,25000,500,18000,Cash,Bianca Hernandez,,Glass foot until determine.
OFF-20230721-FT6W-2679,2023-07-21,John Smith,EMP-003,Corsair 32GB RAM,18,Components,RAM,2,9000,1500,6000,Cash,Cynthia Taylor,,
OFF-20250315-NCVH-2680,2025-03-15,Anton,EMP-001,ASUS ROG Monitor 27,3,Displays,Monitors,1,25000,0,18000,Credit Card,Nancy Rice,,
OFF-20240819-74VD-2681,2024-08-19,Anton,EMP-001,Samsung 980 PRO 1TB,20,Components,Storage,1,8000,0,5500,Cash,Walk-in,+1-540-307-5999x7544,
OFF-20220323-Z8DZ-2682,2022-03-23,Anton,EMP-001,Razer BlackWidow,20,Accessories,Keyboards,3,12000,1000,8000,Cash,Kevin Reyes,(433)501-4926,
OFF-20240318-KF4M-2683,2024-03-18,Anton,EMP-001,Gaming PC Build,18,Desktops,Gaming PC,1,85000,0,65000,Cash,Richard Webb,,
OFF-20220324-NMIR-2684,2022-03-24,John Smith,EMP-003,Gaming PC Build,17,Desktops,Gaming PC,2,85000,0,65000,Debit Card,Roger Stewart,,
OFF-20220519-9D11-2685,2022-05-19,Anton,EMP-001,Razer BlackWidow,3,Accessories,Keyboards,2,12000,0,8000,Debit Card,Kim Scott,(921)994-9764,
OFF-20230101-RLRD-2686,2023-01-01,John Smith,EMP-003,ASUS ROG Monitor 27,9,Displays,Monitors,2,25000,1500,18000,Credit Card,Stephanie Bowen,,Design reflect public dog affect per public.
OFF-20210421-BMOZ-2687,2021-04-21,Jane Doe,EMP-002,ASUS ROG Monitor 27,7,Displays,Monitors,2,25000,0,18000,UPI,Alexandra Pittman,(310)348-7479,
OFF-20230403-JG0K-2688,2023-04-03,Jane Doe,EMP-002,Samsung 980 PRO 1TB,14,Components,Storage,2,8000,0,5500,Debit Card,Walk-in,,Picture however pressure develop.
OFF-20211116-7WR3-2689,2021-11-16,John Smith,EMP-003,NZXT H510 Case,11,Components,Cases,1,7000,1000,4500,Debit Card,Sean Manning,,
OFF-20210513-IGD6-2690,2021-05-13,Jane Doe,EMP-002,Logitech WebCam C920,2,Accessories,Webcams,1,6000,1500,3500,Cash,Jason Sanchez,001-377-737-9984x6956,
OFF-20220812-UJ6E-2691,2022-08-12,John Smith,EMP-003,NZXT H510 Case,6,Components,Cases,2,7000,1000,4500,Credit Card,John Brown,,Check read visit common true amount lose.
OFF-20240603-8WTX-2692,2024-06-03,Jane Doe,EMP-002,Gaming PC Build,8,Desktops,Gaming PC,2,85000,500,65000,Debit Card,Chad Summers,+1-247-557-3095,
OFF-20211017-U3G3-2693,2021-10-17,John Smith,EMP-003,Logitech MX Master 3,7,Accessories,Mice,2,8500,0,5000,UPI,Walk-in,001-948-287-4405x708,
OFF-20220304-VQS8-2694,2022-03-04,Jane Doe,EMP-002,Intel Core i7 13700K,15,Components,CPU,2,35000,1000,28000,UPI,John Warren,,
OFF-20260329-IXL1-2695,2026-03-29,John Smith,EMP-003,Intel Core i7 13700K,19,Components,CPU,2,35000,1000,28000,Debit Card,Walk-in,+1-855-512-9283x7892,
OFF-20220402-3ZA5-2696,2022-04-02,John Smith,EMP-003,Gaming PC Build,12,Desktops,Gaming PC,3,85000,0,65000,UPI,Walk-in,538-317-2036,
OFF-20251128-EHKT-2697,2025-11-28,Jane Doe,EMP-002,NZXT H510 Case,11,Components,Cases,2,7000,0,4500,Debit Card,Dr. Jesus Evans,,
OFF-20240716-5J1R-2698,2024-07-16,Jane Doe,EMP-002,Intel Core i7 13700K,17,Components,CPU,3,35000,0,28000,Cash,Walk-in,(463)591-7927x409,
OFF-20210804-8HG3-2699,2021-08-04,Anton,EMP-001,NZXT H510 Case,12,Components,Cases,1,7000,500,4500,Cash,Nancy Whitney,,
OFF-20220403-8M3F-2700,2022-04-03,Anton,EMP-001,Razer BlackWidow,13,Accessories,Keyboards,2,12000,0,8000,Credit Card,Marie Preston,,
OFF-20230724-7VI7-2701,2023-07-24,Anton,EMP-001,RTX 4070 Ti,17,Components,GPU,2,75000,0,60000,UPI,Walk-in,,
OFF-20260108-JFLQ-2702,2026-01-08,John Smith,EMP-003,Samsung 980 PRO 1TB,13,Components,Storage,3,8000,0,5500,Credit Card,Walk-in,,
OFF-20220420-C7ER-2703,2022-04-20,John Smith,EMP-003,ASUS ROG Monitor 27,14,Displays,Monitors,1,25000,0,18000,UPI,Nathaniel Nichols,,
OFF-20220218-HA3Z-2704,2022-02-18,John Smith,EMP-003,Gaming PC Build,6,Desktops,Gaming PC,3,85000,0,65000,Cash,Cassandra Stewart,,
OFF-20220727-8V9V-2705,2022-07-27,Jane Doe,EMP-002,RTX 4070 Ti,15,Components,GPU,2,75000,0,60000,Debit Card,Walk-in,,Beyond her all culture mean garden.
OFF-20251202-9ARZ-2706,2025-12-02,Anton,EMP-001,ASUS ROG Monitor 27,13,Displays,Monitors,1,25000,0,18000,UPI,Hayden Ortiz,(604)756-7314,
OFF-20220404-6TQ5-2707,2022-04-04,Jane Doe,EMP-002,RTX 4070 Ti,20,Components,GPU,3,75000,1500,60000,UPI,Nicholas Riddle,,
OFF-20250420-E591-2708,2025-04-20,John Smith,EMP-003,Logitech MX Master 3,8,Accessories,Mice,3,8500,0,5000,Credit Card,Kristin Reed,+1-484-619-5658,
OFF-20230319-ECL9-2709,2023-03-19,Anton,EMP-001,RTX 4070 Ti,9,Components,GPU,2,75000,1000,60000,UPI,Walk-in,(980)706-1521,
OFF-20210407-9KDX-2710,2021-04-07,Anton,EMP-001,Logitech MX Master 3,13,Accessories,Mice,1,8500,0,5000,Cash,Jeremy Burnett,910-601-5110x638,
OFF-20241110-EXQR-2711,2024-11-10,John Smith,EMP-003,RTX 4070 Ti,2,Components,GPU,1,75000,0,60000,UPI,Kelly Mcguire,937.818.7536x9767,Lawyer hundred send behavior ask behavior.
OFF-20260123-0U8U-2712,2026-01-23,Jane Doe,EMP-002,Gaming PC Build,11,Desktops,Gaming PC,1,85000,0,65000,Cash,Christina Lowe,,
OFF-20250413-12TD-2713,2025-04-13,Anton,EMP-001,RTX 4070 Ti,6,Components,GPU,2,75000,0,60000,Cash,Robert Mcgee,,Ball onto yeah somebody focus media media.
OFF-20221211-799I-2714,2022-12-11,Anton,EMP-001,Corsair 32GB RAM,10,Components,RAM,2,9000,500,6000,Cash,Steven Clark,001-883-523-3472x6361,
OFF-20240808-SYQZ-2715,2024-08-08,John Smith,EMP-003,Logitech WebCam C920,15,Accessories,Webcams,2,6000,0,3500,Debit Card,Walk-in,,
OFF-20250905-OS7A-2716,2025-09-05,Jane Doe,EMP-002,Samsung 980 PRO 1TB,17,Components,Storage,2,8000,0,5500,UPI,Walk-in,,
OFF-20230528-316Z-2717,2023-05-28,Anton,EMP-001,NZXT H510 Case,14,Components,Cases,3,7000,500,4500,Debit Card,Walk-in,660.718.4650x329,Trouble sit where in.
OFF-20210813-ESDP-2718,2021-08-13,Anton,EMP-001,Intel Core i7 13700K,18,Components,CPU,3,35000,0,28000,Cash,Jennifer Hardin,680.559.5763,
OFF-20210606-JPSY-2719,2021-06-06,Jane Doe,EMP-002,RTX 4070 Ti,10,Components,GPU,2,75000,0,60000,Debit Card,David Snyder,+1-490-758-0979x5964,
OFF-20240516-JJKG-2720,2024-05-16,John Smith,EMP-003,Logitech MX Master 3,10,Accessories,Mice,3,8500,1500,5000,Credit Card,Maureen Collins,001-262-922-8574x7716,
OFF-20211213-H7MD-2721,2021-12-13,Jane Doe,EMP-002,Logitech MX Master 3,4,Accessories,Mice,1,8500,0,5000,Cash,Walk-in,,
OFF-20220902-NIZA-2722,2022-09-02,Anton,EMP-001,Samsung 980 PRO 1TB,12,Components,Storage,3,8000,0,5500,Debit Card,Joseph Watson,,
OFF-20240410-IJH1-2723,2024-04-10,John Smith,EMP-003,Corsair 32GB RAM,6,Components,RAM,3,9000,1500,6000,Debit Card,Walk-in,(616)965-7049x33459,
OFF-20230316-PGRG-2724,2023-03-16,Jane Doe,EMP-002,Intel Core i7 13700K,15,Components,CPU,3,35000,1500,28000,Cash,Cynthia Howe,,
OFF-20220723-FLGU-2725,2022-07-23,John Smith,EMP-003,Razer BlackWidow,13,Accessories,Keyboards,3,12000,1000,8000,Cash,Walk-in,001-856-435-0607,
OFF-20230711-N58N-2726,2023-07-11,Jane Doe,EMP-002,Intel Core i7 13700K,5,Components,CPU,2,35000,0,28000,UPI,Dennis Serrano,,
OFF-20240715-VG5L-2727,2024-07-15,John Smith,EMP-003,NZXT H510 Case,2,Components,Cases,2,7000,0,4500,Cash,Christopher White,342.466.8890,Rest contain usually federal board no pull.
OFF-20241018-LIGS-2728,2024-10-18,Anton,EMP-001,ASUS ROG Monitor 27,12,Displays,Monitors,2,25000,0,18000,Cash,Walk-in,+1-588-448-2124,
OFF-20230811-KPHP-2729,2023-08-11,John Smith,EMP-003,NZXT H510 Case,16,Components,Cases,2,7000,500,4500,UPI,Walk-in,+1-368-350-0672x04630,
OFF-20210719-2MJ1-2730,2021-07-19,John Smith,EMP-003,Corsair 32GB RAM,9,Components,RAM,3,9000,1500,6000,Credit Card,Walk-in,+1-547-892-0778x4902,
OFF-20220831-SNMT-2731,2022-08-31,Anton,EMP-001,Razer BlackWidow,14,Accessories,Keyboards,3,12000,500,8000,UPI,David Davis,(942)590-6025x0358,Moment away energy health nearly international.
OFF-20220121-ZI69-2732,2022-01-21,Anton,EMP-001,RTX 4070 Ti,19,Components,GPU,2,75000,0,60000,Debit Card,Gregory Dickerson,001-816-286-5460x8672,
OFF-20240505-G1WJ-2733,2024-05-05,Jane Doe,EMP-002,Samsung 980 PRO 1TB,18,Components,Storage,2,8000,0,5500,UPI,Walk-in,(706)749-5321x481,
OFF-20230308-1Y85-2734,2023-03-08,John Smith,EMP-003,NZXT H510 Case,2,Components,Cases,1,7000,1000,4500,Cash,Mary Patton,949.536.4529x415,Stop seven time degree worry sell clearly from.
OFF-20221116-KVOD-2735,2022-11-16,John Smith,EMP-003,Razer BlackWidow,19,Accessories,Keyboards,2,12000,1500,8000,Cash,Tammy Thomas,737.937.0685,
OFF-20250701-SU8H-2736,2025-07-01,Anton,EMP-001,RTX 4070 Ti,4,Components,GPU,3,75000,1000,60000,Debit Card,Jasmine Dawson,,
OFF-20230607-W6IW-2737,2023-06-07,Anton,EMP-001,Logitech MX Master 3,9,Accessories,Mice,2,8500,500,5000,Cash,Walk-in,+1-464-854-1427,
OFF-20250114-Q23B-2738,2025-01-14,Jane Doe,EMP-002,Corsair 32GB RAM,17,Components,RAM,2,9000,0,6000,Cash,Kyle Norris,210.976.6654x0993,
OFF-20211107-CEPX-2739,2021-11-07,Jane Doe,EMP-002,Razer BlackWidow,17,Accessories,Keyboards,3,12000,0,8000,Credit Card,Katherine Manning,,
OFF-20241224-CIXA-2740,2024-12-24,Anton,EMP-001,NZXT H510 Case,9,Components,Cases,1,7000,0,4500,Credit Card,Joel Zuniga,,
OFF-20211225-L72I-2741,2021-12-25,Jane Doe,EMP-002,Logitech WebCam C920,19,Accessories,Webcams,2,6000,0,3500,Debit Card,James Lopez,,
OFF-20220917-J98S-2742,2022-09-17,Jane Doe,EMP-002,Razer BlackWidow,6,Accessories,Keyboards,1,12000,0,8000,Debit Card,Lori Gibbs,(584)803-4605,
OFF-20221019-0CH7-2743,2022-10-19,Jane Doe,EMP-002,Gaming PC Build,11,Desktops,Gaming PC,3,85000,500,65000,UPI,Daniel Davis,,Heart strategy create like structure not.
OFF-20240723-L773-2744,2024-07-23,Anton,EMP-001,NZXT H510 Case,7,Components,Cases,1,7000,0,4500,Debit Card,Dawn Boyd,,Position and street.
OFF-20250108-A5PE-2745,2025-01-08,John Smith,EMP-003,Logitech MX Master 3,11,Accessories,Mice,2,8500,0,5000,Debit Card,Carol Gonzalez,(293)291-8768x280,Stay anyone but.
OFF-20240921-B3AR-2746,2024-09-21,Anton,EMP-001,Logitech MX Master 3,9,Accessories,Mice,1,8500,1000,5000,UPI,Courtney Duffy,,
OFF-20251127-G8S0-2747,2025-11-27,John Smith,EMP-003,Corsair 32GB RAM,10,Components,RAM,3,9000,0,6000,Credit Card,Benjamin Wagner PhD,+1-579-627-4968x41040,
OFF-20230331-IYAW-2748,2023-03-31,Anton,EMP-001,ASUS ROG Monitor 27,10,Displays,Monitors,1,25000,1000,18000,Debit Card,Nicholas Reed,730.613.8382x7613,Contain price particularly who.
OFF-20230630-J5I6-2749,2023-06-30,Anton,EMP-001,ASUS ROG Monitor 27,4,Displays,Monitors,3,25000,0,18000,Cash,Cindy Lopez,,
OFF-20230113-J2YW-2750,2023-01-13,John Smith,EMP-003,Gaming PC Build,2,Desktops,Gaming PC,3,85000,500,65000,UPI,Johnny Carter,3552434915,
OFF-20230528-XCVJ-2751,2023-05-28,John Smith,EMP-003,Intel Core i7 13700K,3,Components,CPU,3,35000,0,28000,Credit Card,Mitchell Taylor,,
OFF-20250515-I2K8-2752,2025-05-15,Jane Doe,EMP-002,Logitech WebCam C920,12,Accessories,Webcams,1,6000,1500,3500,UPI,Ms. Danielle Henry,,
OFF-20231003-0M3I-2753,2023-10-03,Jane Doe,EMP-002,ASUS ROG Monitor 27,13,Displays,Monitors,1,25000,1000,18000,Debit Card,Walk-in,+1-725-661-0103x1212,
OFF-20250617-CQR0-2754,2025-06-17,Jane Doe,EMP-002,ASUS ROG Monitor 27,3,Displays,Monitors,3,25000,1500,18000,Cash,Walk-in,,
OFF-20211028-IPOG-2755,2021-10-28,Anton,EMP-001,Samsung 980 PRO 1TB,18,Components,Storage,1,8000,1000,5500,Credit Card,Jennifer Allen,(216)300-0835x943,
OFF-20231129-EZ53-2756,2023-11-29,Anton,EMP-001,Corsair 32GB RAM,19,Components,RAM,3,9000,0,6000,UPI,Walk-in,001-239-362-5517x9294,Company lay commercial yeah.
OFF-20250115-J8GG-2757,2025-01-15,John Smith,EMP-003,Logitech WebCam C920,7,Accessories,Webcams,2,6000,1500,3500,Debit Card,John Smith,001-210-920-4584x272,
OFF-20250920-2PHX-2758,2025-09-20,Anton,EMP-001,Intel Core i7 13700K,14,Components,CPU,2,35000,500,28000,Cash,Bethany Abbott,941-331-6395,
OFF-20210426-WKN5-2759,2021-04-26,John Smith,EMP-003,NZXT H510 Case,20,Components,Cases,3,7000,500,4500,Credit Card,Jill Jenkins,001-674-676-1215,
OFF-20250428-I957-2760,2025-04-28,Jane Doe,EMP-002,Razer BlackWidow,10,Accessories,Keyboards,1,12000,1000,8000,UPI,Courtney Whitney,509.512.2350x829,
OFF-20260119-SQFW-2761,2026-01-19,Jane Doe,EMP-002,Intel Core i7 13700K,20,Components,CPU,3,35000,0,28000,Debit Card,Walk-in,(436)507-3684x8989,Many fund positive way save know strategy participant.
OFF-20230708-RB6W-2762,2023-07-08,Anton,EMP-001,Corsair 32GB RAM,11,Components,RAM,3,9000,0,6000,Credit Card,Gregory Lane,,Cell possible wonder measure about.
OFF-20250807-JG7D-2763,2025-08-07,Jane Doe,EMP-002,RTX 4070 Ti,5,Components,GPU,3,75000,1000,60000,Cash,Walk-in,315-531-7573,
OFF-20230809-TGOM-2764,2023-08-09,Anton,EMP-001,RTX 4070 Ti,8,Components,GPU,1,75000,0,60000,Debit Card,Cindy Fernandez,+1-348-564-3412x816,Production north society notice I system.
OFF-20250927-40HR-2765,2025-09-27,John Smith,EMP-003,Samsung 980 PRO 1TB,8,Components,Storage,3,8000,0,5500,Credit Card,Garrett Bell,+1-767-689-1068,
OFF-20250509-XYOH-2766,2025-05-09,Jane Doe,EMP-002,Logitech MX Master 3,4,Accessories,Mice,1,8500,0,5000,Cash,Walk-in,,Evidence on various next red positive security.
OFF-20250927-96LD-2767,2025-09-27,John Smith,EMP-003,Samsung 980 PRO 1TB,10,Components,Storage,2,8000,1000,5500,Cash,Kevin Potter,765.412.5017x3647,
OFF-20251015-7QXM-2768,2025-10-15,Jane Doe,EMP-002,Razer BlackWidow,9,Accessories,Keyboards,2,12000,1500,8000,Cash,Walk-in,,
OFF-20260222-520Z-2769,2026-02-22,Anton,EMP-001,Gaming PC Build,12,Desktops,Gaming PC,3,85000,0,65000,Cash,Krystal Williams,,
OFF-20221016-BIWO-2770,2022-10-16,Anton,EMP-001,Logitech WebCam C920,16,Accessories,Webcams,1,6000,1500,3500,Credit Card,Kenneth Jacobs,,Cost education reflect able least.
OFF-20241214-HPXW-2771,2024-12-14,Anton,EMP-001,RTX 4070 Ti,18,Components,GPU,1,75000,0,60000,UPI,John Reynolds,,
OFF-20241016-L6YS-2772,2024-10-16,Anton,EMP-001,Logitech MX Master 3,4,Accessories,Mice,2,8500,0,5000,Debit Card,Walk-in,912-516-3423x3678,
OFF-20250119-VKSW-2773,2025-01-19,John Smith,EMP-003,ASUS ROG Monitor 27,8,Displays,Monitors,1,25000,0,18000,Credit Card,Kimberly Michael DDS,,
OFF-20230906-7AJQ-2774,2023-09-06,John Smith,EMP-003,RTX 4070 Ti,8,Components,GPU,2,75000,1500,60000,Cash,Brian Deleon,(868)527-2806,
OFF-20210601-HHRF-2775,2021-06-01,Anton,EMP-001,ASUS ROG Monitor 27,8,Displays,Monitors,3,25000,0,18000,UPI,Cory Morgan,963-288-3035x93554,Weight decade beautiful yeah suffer Mrs.
OFF-20221012-PGPK-2776,2022-10-12,Anton,EMP-001,Intel Core i7 13700K,14,Components,CPU,1,35000,0,28000,Credit Card,Mr. Bryan Hoffman PhD,515-340-8007x75303,
OFF-20210603-R3U0-2777,2021-06-03,Anton,EMP-001,Gaming PC Build,5,Desktops,Gaming PC,3,85000,0,65000,UPI,Lori Baker,001-382-730-9483x743,
OFF-20211126-7M20-2778,2021-11-26,Jane Doe,EMP-002,Samsung 980 PRO 1TB,1,Components,Storage,1,8000,1000,5500,Credit Card,Kelly Adams,,
OFF-20240330-30TU-2779,2024-03-30,John Smith,EMP-003,NZXT H510 Case,16,Components,Cases,3,7000,1000,4500,Cash,Stephen Parks,,Number what serious.
OFF-20220628-Q88M-2780,2022-06-28,John Smith,EMP-003,Razer BlackWidow,16,Accessories,Keyboards,2,12000,1000,8000,Debit Card,Ashley Edwards,459.849.6531x39965,Would free star.
OFF-20240923-G80M-2781,2024-09-23,Anton,EMP-001,Corsair 32GB RAM,6,Components,RAM,1,9000,500,6000,Cash,Michael Duran,(298)737-4786x4950,All world lawyer son event.
OFF-20220301-9F83-2782,2022-03-01,Anton,EMP-001,Logitech WebCam C920,4,Accessories,Webcams,2,6000,500,3500,Cash,Timothy Durham,434-658-9449x00722,
OFF-20220831-J67O-2783,2022-08-31,Anton,EMP-001,Logitech WebCam C920,5,Accessories,Webcams,3,6000,1500,3500,Debit Card,Walk-in,656-946-3675,
OFF-20210622-6PM6-2784,2021-06-22,Jane Doe,EMP-002,Razer BlackWidow,7,Accessories,Keyboards,2,12000,500,8000,Cash,Walk-in,,College health truth thank.
OFF-20211116-DSGZ-2785,2021-11-16,Anton,EMP-001,RTX 4070 Ti,11,Components,GPU,1,75000,0,60000,UPI,Jonathan Ryan,5485748077,
OFF-20230206-DV8A-2786,2023-02-06,Anton,EMP-001,Logitech MX Master 3,13,Accessories,Mice,1,8500,0,5000,UPI,Rebecca Reed,(581)820-9456,
OFF-20210519-ETWJ-2787,2021-05-19,Anton,EMP-001,NZXT H510 Case,20,Components,Cases,3,7000,1000,4500,Credit Card,Kelly Sherman,,
OFF-20240229-0A8D-2788,2024-02-29,Anton,EMP-001,Logitech MX Master 3,16,Accessories,Mice,2,8500,1000,5000,UPI,Ian Lee,(258)372-4455,
OFF-20250111-LETA-2789,2025-01-11,Anton,EMP-001,NZXT H510 Case,3,Components,Cases,2,7000,0,4500,Debit Card,Walk-in,,
OFF-20260228-5EMY-2790,2026-02-28,Jane Doe,EMP-002,Corsair 32GB RAM,12,Components,RAM,3,9000,0,6000,UPI,Thomas Morrison,,Walk sometimes approach.
OFF-20230517-S57N-2791,2023-05-17,Jane Doe,EMP-002,Razer BlackWidow,7,Accessories,Keyboards,1,12000,0,8000,UPI,Kari Lane,,
OFF-20220526-H8JN-2792,2022-05-26,Jane Doe,EMP-002,Corsair 32GB RAM,16,Components,RAM,2,9000,1000,6000,Credit Card,Rhonda Martin,001-715-509-6779,
OFF-20230727-9M2G-2793,2023-07-27,Anton,EMP-001,ASUS ROG Monitor 27,8,Displays,Monitors,3,25000,0,18000,Debit Card,Michael Myers,(884)606-2154,
OFF-20220516-QBR4-2794,2022-05-16,John Smith,EMP-003,Samsung 980 PRO 1TB,19,Components,Storage,1,8000,500,5500,Cash,Donna Adkins,+1-375-232-8631x2581,
OFF-20220804-FPHD-2795,2022-08-04,Anton,EMP-001,Samsung 980 PRO 1TB,1,Components,Storage,1,8000,0,5500,Cash,Nathaniel Love,376-920-0382,Life subject tough father along add quickly.
OFF-20230509-Q6WW-2796,2023-05-09,Anton,EMP-001,Logitech MX Master 3,17,Accessories,Mice,2,8500,500,5000,UPI,Jennifer Kelly,001-300-950-9407x641,
OFF-20250415-66EI-2797,2025-04-15,John Smith,EMP-003,NZXT H510 Case,12,Components,Cases,2,7000,1000,4500,Cash,Walk-in,598.250.4802x052,
OFF-20250212-7TQY-2798,2025-02-12,Jane Doe,EMP-002,Logitech WebCam C920,15,Accessories,Webcams,3,6000,1000,3500,Debit Card,Walk-in,001-384-588-5780x1588,
OFF-20250210-TC26-2799,2025-02-10,Jane Doe,EMP-002,Samsung 980 PRO 1TB,18,Components,Storage,3,8000,0,5500,Cash,Walk-in,893-887-9165x7491,
OFF-20260313-5LG8-2800,2026-03-13,John Smith,EMP-003,Logitech WebCam C920,20,Accessories,Webcams,3,6000,0,3500,UPI,Walk-in,(956)473-7018x056,Why himself standard similar modern.
OFF-20250606-GHFX-2801,2025-06-06,Anton,EMP-001,Corsair 32GB RAM,16,Components,RAM,2,9000,1000,6000,Credit Card,Brian Morris,001-461-213-6686x5561,
OFF-20240312-Z23V-2802,2024-03-12,John Smith,EMP-003,Logitech MX Master 3,1,Accessories,Mice,2,8500,1000,5000,Debit Card,Matthew Brown,,
OFF-20231014-7L1D-2803,2023-10-14,John Smith,EMP-003,Intel Core i7 13700K,16,Components,CPU,1,35000,0,28000,UPI,Pamela Wright,,
OFF-20230129-8CEF-2804,2023-01-29,Anton,EMP-001,ASUS ROG Monitor 27,17,Displays,Monitors,2,25000,0,18000,Credit Card,Krista Russo,582.372.7917,
OFF-20240723-DT5K-2805,2024-07-23,John Smith,EMP-003,Corsair 32GB RAM,17,Components,RAM,3,9000,0,6000,UPI,Sheryl Gibson,+1-711-443-4881,
OFF-20240430-LJPH-2806,2024-04-30,Jane Doe,EMP-002,Logitech MX Master 3,7,Accessories,Mice,3,8500,0,5000,Credit Card,Walk-in,(266)397-7310x92408,
OFF-20230519-5RUN-2807,2023-05-19,Anton,EMP-001,Razer BlackWidow,15,Accessories,Keyboards,1,12000,0,8000,Debit Card,John Alexander,,
OFF-20210610-JMTU-2808,2021-06-10,Jane Doe,EMP-002,NZXT H510 Case,3,Components,Cases,3,7000,0,4500,Cash,Walk-in,954.991.8679,
OFF-20220306-RMOG-2809,2022-03-06,Anton,EMP-001,Razer BlackWidow,9,Accessories,Keyboards,1,12000,1000,8000,Credit Card,Mark Harrington,(325)229-3168x4221,
OFF-20210504-J32P-2810,2021-05-04,Jane Doe,EMP-002,NZXT H510 Case,18,Components,Cases,2,7000,1000,4500,UPI,Mr. Christopher Williams,,
OFF-20210726-U5FU-2811,2021-07-26,Jane Doe,EMP-002,Samsung 980 PRO 1TB,19,Components,Storage,2,8000,0,5500,Debit Card,Debbie Watson,(931)905-1099x6876,
OFF-20250306-2KDO-2812,2025-03-06,Jane Doe,EMP-002,ASUS ROG Monitor 27,5,Displays,Monitors,1,25000,1500,18000,Credit Card,Joanna Horn,3677157013,Able music community foot.
OFF-20250415-TGUF-2813,2025-04-15,Jane Doe,EMP-002,Logitech WebCam C920,12,Accessories,Webcams,2,6000,0,3500,Debit Card,Walk-in,,
OFF-20220822-OI26-2814,2022-08-22,John Smith,EMP-003,RTX 4070 Ti,17,Components,GPU,2,75000,1000,60000,Debit Card,Walk-in,362-290-5217,Environmental education place push.
OFF-20210727-HC3R-2815,2021-07-27,John Smith,EMP-003,Samsung 980 PRO 1TB,15,Components,Storage,3,8000,500,5500,Cash,Walk-in,+1-273-417-7307x803,
OFF-20231222-8LE8-2816,2023-12-22,Anton,EMP-001,ASUS ROG Monitor 27,6,Displays,Monitors,1,25000,1500,18000,Debit Card,Walk-in,,
OFF-20240922-VVGO-2817,2024-09-22,Anton,EMP-001,Gaming PC Build,9,Desktops,Gaming PC,1,85000,500,65000,Debit Card,Walk-in,,
OFF-20210926-VS9G-2818,2021-09-26,Anton,EMP-001,NZXT H510 Case,15,Components,Cases,1,7000,0,4500,Cash,Tracy Wood,,
OFF-20240315-QQK7-2819,2024-03-15,Jane Doe,EMP-002,Corsair 32GB RAM,1,Components,RAM,1,9000,0,6000,Debit Card,Mr. James Ellis,(942)763-2369,
OFF-20240315-U5JD-2820,2024-03-15,Jane Doe,EMP-002,Gaming PC Build,16,Desktops,Gaming PC,1,85000,0,65000,Credit Card,Walk-in,696.236.0805x743,Early less six just behind contain collection.
OFF-20251218-9AWH-2821,2025-12-18,John Smith,EMP-003,Razer BlackWidow,18,Accessories,Keyboards,2,12000,0,8000,UPI,Toni Brooks,358-539-3114x0947,
OFF-20240703-692A-2822,2024-07-03,Anton,EMP-001,Corsair 32GB RAM,3,Components,RAM,1,9000,0,6000,UPI,Walk-in,785-689-7242,
OFF-20240919-3KVT-2823,2024-09-19,John Smith,EMP-003,Samsung 980 PRO 1TB,1,Components,Storage,3,8000,0,5500,UPI,Walk-in,566.721.2175x3106,
OFF-20251227-6T7D-2824,2025-12-27,John Smith,EMP-003,Logitech WebCam C920,5,Accessories,Webcams,2,6000,0,3500,Cash,Walk-in,001-688-210-0670x17184,
OFF-20250411-WBCP-2825,2025-04-11,Anton,EMP-001,Gaming PC Build,17,Desktops,Gaming PC,1,85000,0,65000,Debit Card,Benjamin Anderson,001-434-418-6545x77860,Economy consider attack can performance idea ready.
OFF-20240419-V963-2826,2024-04-19,Anton,EMP-001,Gaming PC Build,7,Desktops,Gaming PC,3,85000,1000,65000,Credit Card,Thomas Harris,(223)631-2380x21085,
OFF-20251126-3DAS-2827,2025-11-26,John Smith,EMP-003,Razer BlackWidow,18,Accessories,Keyboards,2,12000,0,8000,UPI,Kirsten Jones,,
OFF-20220131-C13V-2828,2022-01-31,Jane Doe,EMP-002,Intel Core i7 13700K,3,Components,CPU,1,35000,500,28000,Credit Card,Willie Sanchez,,
OFF-20230902-S2PA-2829,2023-09-02,John Smith,EMP-003,ASUS ROG Monitor 27,18,Displays,Monitors,1,25000,500,18000,Cash,William Whitaker,642-295-0786,
OFF-20220315-9WG9-2830,2022-03-15,Anton,EMP-001,Razer BlackWidow,3,Accessories,Keyboards,3,12000,0,8000,UPI,Walk-in,590.515.9197x9027,
OFF-20211014-A9V6-2831,2021-10-14,Anton,EMP-001,Gaming PC Build,12,Desktops,Gaming PC,3,85000,0,65000,Credit Card,Stefanie Mcmillan,,Happen improve against.
OFF-20250822-JINJ-2832,2025-08-22,Anton,EMP-001,Gaming PC Build,19,Desktops,Gaming PC,3,85000,0,65000,UPI,Amy Hernandez,615-310-3634x4860,
OFF-20220908-I7RE-2833,2022-09-08,John Smith,EMP-003,Gaming PC Build,15,Desktops,Gaming PC,2,85000,1000,65000,Credit Card,Daniel Lindsey,240.227.3747x108,
OFF-20210420-9DUV-2834,2021-04-20,Jane Doe,EMP-002,Gaming PC Build,13,Desktops,Gaming PC,3,85000,0,65000,Credit Card,Rose Myers,(780)202-1457,
OFF-20210909-OCRN-2835,2021-09-09,Anton,EMP-001,Logitech MX Master 3,14,Accessories,Mice,2,8500,0,5000,UPI,Daniel Mcdowell,,
OFF-20260129-TFAH-2836,2026-01-29,Jane Doe,EMP-002,RTX 4070 Ti,8,Components,GPU,1,75000,0,60000,Credit Card,Aaron Scott DVM,,Class take similar prove above.
OFF-20210515-2QB5-2837,2021-05-15,John Smith,EMP-003,Samsung 980 PRO 1TB,20,Components,Storage,3,8000,1500,5500,Cash,Carl Meadows,,
OFF-20220926-VSZ7-2838,2022-09-26,Jane Doe,EMP-002,Logitech WebCam C920,17,Accessories,Webcams,1,6000,1000,3500,Debit Card,Walk-in,(986)346-2729x2356,
OFF-20230707-SV97-2839,2023-07-07,John Smith,EMP-003,Gaming PC Build,17,Desktops,Gaming PC,1,85000,0,65000,Debit Card,Jennifer Rich,,
OFF-20210509-YCVY-2840,2021-05-09,Jane Doe,EMP-002,Corsair 32GB RAM,5,Components,RAM,1,9000,1500,6000,UPI,Walk-in,981.463.4673x449,Among more white employee above.
OFF-20231026-ARB8-2841,2023-10-26,Anton,EMP-001,Razer BlackWidow,6,Accessories,Keyboards,2,12000,1000,8000,UPI,Kimberly Jones,349.986.3748x8485,Must scene fight memory.
OFF-20240226-LEOH-2842,2024-02-26,John Smith,EMP-003,Logitech WebCam C920,2,Accessories,Webcams,3,6000,1000,3500,Credit Card,Angelica Williams,(847)748-0833,Point nature politics standard how them final top.
OFF-20251201-ASLL-2843,2025-12-01,John Smith,EMP-003,RTX 4070 Ti,14,Components,GPU,3,75000,0,60000,Cash,Donna Miller,,
OFF-20211224-GSUQ-2844,2021-12-24,Jane Doe,EMP-002,Logitech WebCam C920,6,Accessories,Webcams,2,6000,1500,3500,Credit Card,April Rose DDS,792.502.2593,
OFF-20221117-DQLE-2845,2022-11-17,Anton,EMP-001,ASUS ROG Monitor 27,19,Displays,Monitors,2,25000,0,18000,Debit Card,Zachary Berry,,None become trip sense.
OFF-20211027-UGWO-2846,2021-10-27,Jane Doe,EMP-002,Razer BlackWidow,1,Accessories,Keyboards,2,12000,1500,8000,Cash,Gregory Steele,(728)291-9016,
OFF-20211120-9EIR-2847,2021-11-20,John Smith,EMP-003,Logitech MX Master 3,19,Accessories,Mice,1,8500,0,5000,Cash,Brittany Barber,,
OFF-20230818-QA20-2848,2023-08-18,Jane Doe,EMP-002,ASUS ROG Monitor 27,15,Displays,Monitors,3,25000,1500,18000,Cash,James Jones,+1-243-666-0133x000,
OFF-20250205-CHUK-2849,2025-02-05,Jane Doe,EMP-002,Gaming PC Build,15,Desktops,Gaming PC,2,85000,1000,65000,Credit Card,Clifford Powell,,
OFF-20260321-F75C-2850,2026-03-21,Anton,EMP-001,Logitech WebCam C920,6,Accessories,Webcams,1,6000,0,3500,Credit Card,Jessica Conner,,
OFF-20210815-RDWF-2851,2021-08-15,John Smith,EMP-003,Samsung 980 PRO 1TB,14,Components,Storage,2,8000,0,5500,Debit Card,Becky Escobar,(661)327-4757x557,
OFF-20230222-XIPK-2852,2023-02-22,Jane Doe,EMP-002,Razer BlackWidow,8,Accessories,Keyboards,3,12000,1000,8000,Debit Card,Matthew Kirby,,
OFF-20221113-4VHX-2853,2022-11-13,Jane Doe,EMP-002,Samsung 980 PRO 1TB,7,Components,Storage,3,8000,0,5500,Debit Card,Matthew Vang,+1-200-410-1780x98049,Dog increase over wear best.
OFF-20240403-Y5FI-2854,2024-04-03,Anton,EMP-001,NZXT H510 Case,6,Components,Cases,3,7000,1000,4500,Cash,John Mitchell,707-325-2315x0033,
OFF-20231020-XWWE-2855,2023-10-20,Anton,EMP-001,Intel Core i7 13700K,1,Components,CPU,2,35000,0,28000,Cash,William Keller,001-886-507-4681,
OFF-20250613-NIWF-2856,2025-06-13,John Smith,EMP-003,Logitech MX Master 3,4,Accessories,Mice,3,8500,1000,5000,UPI,Alicia Dominguez,,
OFF-20230709-DOBS-2857,2023-07-09,John Smith,EMP-003,Corsair 32GB RAM,13,Components,RAM,1,9000,0,6000,Credit Card,Walk-in,7206725329,
OFF-20230120-YA6B-2858,2023-01-20,John Smith,EMP-003,Corsair 32GB RAM,10,Components,RAM,2,9000,0,6000,Credit Card,Walk-in,,
OFF-20260306-MMG0-2859,2026-03-06,Anton,EMP-001,Samsung 980 PRO 1TB,11,Components,Storage,1,8000,0,5500,Cash,Anthony Velez,,
OFF-20250402-RP16-2860,2025-04-02,Jane Doe,EMP-002,RTX 4070 Ti,15,Components,GPU,3,75000,1000,60000,Cash,Amber Ali,,
OFF-20220125-E0XD-2861,2022-01-25,Anton,EMP-001,Intel Core i7 13700K,1,Components,CPU,1,35000,1500,28000,Debit Card,Walk-in,,
OFF-20250702-WJHG-2862,2025-07-02,John Smith,EMP-003,Logitech MX Master 3,7,Accessories,Mice,3,8500,0,5000,Credit Card,Walk-in,,
OFF-20260313-MQ8A-2863,2026-03-13,John Smith,EMP-003,Corsair 32GB RAM,7,Components,RAM,3,9000,1000,6000,Debit Card,Walk-in,,
OFF-20211217-XT21-2864,2021-12-17,John Smith,EMP-003,Logitech WebCam C920,18,Accessories,Webcams,3,6000,0,3500,UPI,Stephanie Graves,(712)453-4069,Cell cause door owner member notice military.
OFF-20230129-XMAP-2865,2023-01-29,Jane Doe,EMP-002,NZXT H510 Case,3,Components,Cases,2,7000,1000,4500,UPI,Oscar Ramsey,,
OFF-20250817-EXDD-2866,2025-08-17,John Smith,EMP-003,NZXT H510 Case,17,Components,Cases,2,7000,0,4500,Cash,John Hurley,930.342.0051x31543,
OFF-20220422-XCVR-2867,2022-04-22,Jane Doe,EMP-002,ASUS ROG Monitor 27,6,Displays,Monitors,1,25000,1500,18000,Cash,Tina Moon,,
OFF-20240728-9T80-2868,2024-07-28,Jane Doe,EMP-002,Samsung 980 PRO 1TB,9,Components,Storage,3,8000,1000,5500,Credit Card,Hector Gutierrez,602.368.0492,Just cold plant effect risk collection.
OFF-20220712-I6VF-2869,2022-07-12,John Smith,EMP-003,Logitech WebCam C920,13,Accessories,Webcams,2,6000,1000,3500,Debit Card,Dustin Roach,,
OFF-20230929-SGY6-2870,2023-09-29,Anton,EMP-001,RTX 4070 Ti,1,Components,GPU,2,75000,1000,60000,Cash,Alexis Peterson,,
OFF-20220425-HDEA-2871,2022-04-25,Anton,EMP-001,ASUS ROG Monitor 27,9,Displays,Monitors,3,25000,0,18000,Credit Card,Amanda Blackburn,789-499-6869x07023,
OFF-20220325-KDH4-2872,2022-03-25,Anton,EMP-001,Logitech MX Master 3,2,Accessories,Mice,1,8500,0,5000,Credit Card,Lance Frazier,001-876-325-8316,
OFF-20240703-31W5-2873,2024-07-03,Anton,EMP-001,Intel Core i7 13700K,13,Components,CPU,3,35000,1500,28000,Debit Card,Robert Ramsey,,Heavy amount laugh stand reach whose card.
OFF-20211106-VZPB-2874,2021-11-06,Anton,EMP-001,ASUS ROG Monitor 27,14,Displays,Monitors,1,25000,0,18000,UPI,Angela White,,
OFF-20230128-OXG9-2875,2023-01-28,John Smith,EMP-003,Logitech WebCam C920,2,Accessories,Webcams,1,6000,0,3500,Debit Card,Jessica Wright,363-276-1341x6956,
OFF-20260120-O81I-2876,2026-01-20,John Smith,EMP-003,NZXT H510 Case,13,Components,Cases,2,7000,1500,4500,Debit Card,Laura Rice,,Responsibility teacher know air.
OFF-20221117-R9Q8-2877,2022-11-17,Anton,EMP-001,Razer BlackWidow,9,Accessories,Keyboards,1,12000,0,8000,Credit Card,Angela Thomas,,Need explain our service our wife sound.
OFF-20230202-2YXP-2878,2023-02-02,John Smith,EMP-003,Gaming PC Build,10,Desktops,Gaming PC,1,85000,1500,65000,UPI,Jonathan Johnston,618-575-8664,Real education partner both exactly.
OFF-20220427-P3DP-2879,2022-04-27,Jane Doe,EMP-002,Corsair 32GB RAM,6,Components,RAM,3,9000,1500,6000,Debit Card,Ricky Oconnor,,Which learn across.
OFF-20240415-WC7H-2880,2024-04-15,Anton,EMP-001,Corsair 32GB RAM,11,Components,RAM,3,9000,500,6000,Credit Card,Michael Berry,,
OFF-20240527-KRK0-2881,2024-05-27,Anton,EMP-001,Samsung 980 PRO 1TB,4,Components,Storage,3,8000,1500,5500,Debit Card,Walk-in,(583)658-3304,
OFF-20220511-XNIE-2882,2022-05-11,Jane Doe,EMP-002,Intel Core i7 13700K,6,Components,CPU,1,35000,0,28000,Cash,Jimmy Williams,+1-813-231-3299x3400,Case head relationship none too.
OFF-20221222-C7WP-2883,2022-12-22,Jane Doe,EMP-002,Logitech WebCam C920,11,Accessories,Webcams,3,6000,500,3500,Credit Card,James Anderson,444.893.3079x42197,
OFF-20240731-SFTY-2884,2024-07-31,Jane Doe,EMP-002,Corsair 32GB RAM,18,Components,RAM,3,9000,1000,6000,UPI,Kaitlyn Gonzales,,Involve eat social great air skill.
OFF-20220427-NASM-2885,2022-04-27,John Smith,EMP-003,Corsair 32GB RAM,4,Components,RAM,2,9000,1500,6000,Debit Card,Danny Terrell,001-465-955-9006x88037,
OFF-20220424-ZU5B-2886,2022-04-24,Jane Doe,EMP-002,NZXT H510 Case,15,Components,Cases,1,7000,0,4500,Cash,Walk-in,+1-645-858-0015x4185,
OFF-20210807-VYK3-2887,2021-08-07,John Smith,EMP-003,Gaming PC Build,15,Desktops,Gaming PC,2,85000,1500,65000,Credit Card,Curtis Stewart,,
OFF-20240819-M8KT-2888,2024-08-19,Jane Doe,EMP-002,RTX 4070 Ti,11,Components,GPU,3,75000,1000,60000,Credit Card,Gary Weber,,Attack here soon forget.
OFF-20230326-MF5Y-2889,2023-03-26,Jane Doe,EMP-002,Gaming PC Build,11,Desktops,Gaming PC,2,85000,0,65000,Cash,Walk-in,+1-923-723-7190x59389,
OFF-20220422-VH3N-2890,2022-04-22,Jane Doe,EMP-002,Samsung 980 PRO 1TB,20,Components,Storage,2,8000,500,5500,Credit Card,Ryan Walker,,Bag cup guy scientist center though.
OFF-20230628-1V1Y-2891,2023-06-28,John Smith,EMP-003,ASUS ROG Monitor 27,9,Displays,Monitors,1,25000,0,18000,UPI,Jennifer Sawyer,(881)604-3328,Approach will manager old available prove.
OFF-20230604-YUI4-2892,2023-06-04,Jane Doe,EMP-002,Razer BlackWidow,6,Accessories,Keyboards,2,12000,0,8000,Credit Card,Darren Gibson,+1-242-464-3990x926,Member girl why including.
OFF-20250417-LY04-2893,2025-04-17,John Smith,EMP-003,ASUS ROG Monitor 27,6,Displays,Monitors,1,25000,500,18000,Credit Card,David Anthony,+1-660-820-3546x3889,Help pull protect value again significant.
OFF-20241207-E2AI-2894,2024-12-07,Anton,EMP-001,Razer BlackWidow,15,Accessories,Keyboards,1,12000,1500,8000,UPI,Walk-in,,
OFF-20230618-OG2E-2895,2023-06-18,Jane Doe,EMP-002,RTX 4070 Ti,5,Components,GPU,2,75000,1500,60000,Debit Card,Christian Wright,,
OFF-20240224-K0C9-2896,2024-02-24,Jane Doe,EMP-002,NZXT H510 Case,16,Components,Cases,2,7000,0,4500,Cash,Walk-in,626.244.3093x401,
OFF-20250723-JSFO-2897,2025-07-23,John Smith,EMP-003,RTX 4070 Ti,18,Components,GPU,2,75000,0,60000,Credit Card,William Mendez,,Example use cultural crime.
OFF-20250323-93IN-2898,2025-03-23,Anton,EMP-001,Logitech MX Master 3,10,Accessories,Mice,3,8500,0,5000,Debit Card,Nicholas Evans,,
OFF-20230408-HE4E-2899,2023-04-08,Jane Doe,EMP-002,Razer BlackWidow,5,Accessories,Keyboards,1,12000,500,8000,Debit Card,Juan Quinn,,
OFF-20230926-AAR3-2900,2023-09-26,Jane Doe,EMP-002,Razer BlackWidow,13,Accessories,Keyboards,3,12000,1500,8000,Credit Card,Matthew Tanner,,
OFF-20231202-G0NR-2901,2023-12-02,John Smith,EMP-003,RTX 4070 Ti,5,Components,GPU,2,75000,1500,60000,Credit Card,Brian Morrison,475-267-9317x5945,
OFF-20240311-FPN0-2902,2024-03-11,John Smith,EMP-003,Razer BlackWidow,1,Accessories,Keyboards,1,12000,1000,8000,UPI,Jamie Martin,,Interview election people rise blue would.
OFF-20230125-4MOZ-2903,2023-01-25,John Smith,EMP-003,Razer BlackWidow,3,Accessories,Keyboards,2,12000,1500,8000,Debit Card,Emily Hall,366-422-2292x1786,
OFF-20250301-T2BY-2904,2025-03-01,Anton,EMP-001,Samsung 980 PRO 1TB,4,Components,Storage,3,8000,1000,5500,Debit Card,Dennis Willis,,
OFF-20211129-IJYB-2905,2021-11-29,Jane Doe,EMP-002,Samsung 980 PRO 1TB,1,Components,Storage,2,8000,1500,5500,Cash,Catherine Zavala,,
OFF-20221009-Z0BO-2906,2022-10-09,Anton,EMP-001,Intel Core i7 13700K,20,Components,CPU,1,35000,0,28000,UPI,Walk-in,,
OFF-20230827-X4Q6-2907,2023-08-27,John Smith,EMP-003,Logitech MX Master 3,12,Accessories,Mice,1,8500,0,5000,UPI,Kristen Wilson,,
OFF-20231202-OAYZ-2908,2023-12-02,John Smith,EMP-003,Logitech WebCam C920,14,Accessories,Webcams,1,6000,0,3500,UPI,Crystal Rangel,657.832.1322x955,
OFF-20241223-VQGR-2909,2024-12-23,John Smith,EMP-003,RTX 4070 Ti,1,Components,GPU,3,75000,0,60000,Debit Card,Walk-in,735-769-1153x0284,
OFF-20240813-MNWC-2910,2024-08-13,Anton,EMP-001,Razer BlackWidow,2,Accessories,Keyboards,3,12000,0,8000,Cash,Chelsea Thomas,,If business never player get similar source level.
OFF-20220224-K415-2911,2022-02-24,Jane Doe,EMP-002,Samsung 980 PRO 1TB,16,Components,Storage,2,8000,0,5500,Credit Card,Walk-in,+1-464-696-6012x648,Rate pick social quite.
OFF-20260117-7847-2912,2026-01-17,Anton,EMP-001,Gaming PC Build,18,Desktops,Gaming PC,2,85000,500,65000,UPI,Patty Garcia,,
OFF-20260217-JYU1-2913,2026-02-17,Jane Doe,EMP-002,Razer BlackWidow,10,Accessories,Keyboards,2,12000,1000,8000,UPI,Joseph Mcmahon,001-502-570-2394x476,
OFF-20240606-5CEJ-2914,2024-06-06,John Smith,EMP-003,ASUS ROG Monitor 27,2,Displays,Monitors,3,25000,0,18000,Credit Card,Amy Davis,,
OFF-20210715-XOG8-2915,2021-07-15,John Smith,EMP-003,Samsung 980 PRO 1TB,19,Components,Storage,1,8000,1500,5500,Debit Card,Walk-in,,
OFF-20250227-JRHC-2916,2025-02-27,Jane Doe,EMP-002,Logitech WebCam C920,1,Accessories,Webcams,3,6000,1000,3500,Cash,Frank Jones,,
OFF-20230613-F9ID-2917,2023-06-13,Anton,EMP-001,Samsung 980 PRO 1TB,20,Components,Storage,3,8000,1000,5500,Credit Card,Brenda Brown,,
OFF-20230907-YUEQ-2918,2023-09-07,Anton,EMP-001,Logitech WebCam C920,20,Accessories,Webcams,2,6000,0,3500,Credit Card,Walk-in,2754460219,
OFF-20230831-F9UM-2919,2023-08-31,Anton,EMP-001,ASUS ROG Monitor 27,4,Displays,Monitors,2,25000,0,18000,Credit Card,Steven Cole,+1-264-577-9675,
OFF-20210601-VH6J-2920,2021-06-01,Jane Doe,EMP-002,Gaming PC Build,9,Desktops,Gaming PC,2,85000,0,65000,UPI,Dr. Ashley Graves,,Indicate nothing story none different small need left.
OFF-20240822-WGCE-2921,2024-08-22,Anton,EMP-001,RTX 4070 Ti,3,Components,GPU,3,75000,0,60000,Cash,Walk-in,(437)811-4753,
OFF-20250825-FFF6-2922,2025-08-25,Anton,EMP-001,Samsung 980 PRO 1TB,10,Components,Storage,1,8000,0,5500,Credit Card,April Weiss,,
OFF-20230315-UPEY-2923,2023-03-15,Jane Doe,EMP-002,Gaming PC Build,14,Desktops,Gaming PC,3,85000,0,65000,UPI,Duane Duran,,
OFF-20230824-FE50-2924,2023-08-24,Anton,EMP-001,ASUS ROG Monitor 27,13,Displays,Monitors,1,25000,1500,18000,UPI,Jill Moss,001-987-561-0402,
OFF-20250919-XMJI-2925,2025-09-19,John Smith,EMP-003,Samsung 980 PRO 1TB,15,Components,Storage,1,8000,0,5500,Credit Card,Walk-in,,
OFF-20230107-5MY1-2926,2023-01-07,Jane Doe,EMP-002,Gaming PC Build,11,Desktops,Gaming PC,3,85000,1500,65000,UPI,Cynthia Jones,,
OFF-20241104-H4DB-2927,2024-11-04,Anton,EMP-001,Logitech MX Master 3,8,Accessories,Mice,1,8500,1500,5000,Debit Card,Michele Williams,,
OFF-20240219-3RQR-2928,2024-02-19,Jane Doe,EMP-002,Logitech WebCam C920,17,Accessories,Webcams,2,6000,1000,3500,Debit Card,Scott Alvarez,001-291-889-0294,
OFF-20250817-QX18-2929,2025-08-17,Jane Doe,EMP-002,Logitech MX Master 3,1,Accessories,Mice,3,8500,1000,5000,UPI,Jason Alvarado,,
OFF-20230829-R07J-2930,2023-08-29,John Smith,EMP-003,Samsung 980 PRO 1TB,13,Components,Storage,3,8000,500,5500,Debit Card,Walk-in,+1-850-839-7527x46978,
OFF-20230715-J8EF-2931,2023-07-15,Anton,EMP-001,Gaming PC Build,6,Desktops,Gaming PC,3,85000,500,65000,Cash,Walk-in,409-296-7170,
OFF-20221029-CO9O-2932,2022-10-29,Anton,EMP-001,Corsair 32GB RAM,10,Components,RAM,1,9000,0,6000,UPI,Walk-in,001-663-934-1867x00426,
OFF-20220608-5O6S-2933,2022-06-08,Jane Doe,EMP-002,Samsung 980 PRO 1TB,17,Components,Storage,3,8000,1500,5500,UPI,Walk-in,,
OFF-20230406-VB2X-2934,2023-04-06,John Smith,EMP-003,ASUS ROG Monitor 27,9,Displays,Monitors,2,25000,0,18000,Cash,Kevin Scott,(364)646-5371x79823,
OFF-20220625-BI54-2935,2022-06-25,Jane Doe,EMP-002,RTX 4070 Ti,3,Components,GPU,3,75000,1500,60000,Cash,Michael Bowers PhD,+1-905-786-6791x0169,
OFF-20240209-GU9N-2936,2024-02-09,Anton,EMP-001,ASUS ROG Monitor 27,19,Displays,Monitors,1,25000,1500,18000,Credit Card,Bradley Medina,,
OFF-20230903-JR8W-2937,2023-09-03,Jane Doe,EMP-002,Samsung 980 PRO 1TB,14,Components,Storage,2,8000,0,5500,Cash,Walk-in,(299)900-3202x87214,
OFF-20210828-KTQC-2938,2021-08-28,John Smith,EMP-003,Razer BlackWidow,7,Accessories,Keyboards,1,12000,500,8000,Debit Card,Jason Pierce,001-904-429-8639x87932,
OFF-20260216-V4YP-2939,2026-02-16,Anton,EMP-001,Intel Core i7 13700K,6,Components,CPU,2,35000,1000,28000,UPI,Walk-in,,
OFF-20251224-A4SK-2940,2025-12-24,Jane Doe,EMP-002,Samsung 980 PRO 1TB,1,Components,Storage,2,8000,500,5500,Debit Card,Joshua Barber,,
OFF-20250910-LGF0-2941,2025-09-10,Jane Doe,EMP-002,Samsung 980 PRO 1TB,1,Components,Storage,2,8000,0,5500,Debit Card,Walk-in,,
OFF-20210921-AEYQ-2942,2021-09-21,Jane Doe,EMP-002,Logitech WebCam C920,19,Accessories,Webcams,1,6000,0,3500,UPI,Joshua West,424.613.0786,
OFF-20240313-J1FO-2943,2024-03-13,John Smith,EMP-003,ASUS ROG Monitor 27,19,Displays,Monitors,1,25000,0,18000,Debit Card,Walk-in,,
OFF-20260323-A1NB-2944,2026-03-23,Anton,EMP-001,Razer BlackWidow,15,Accessories,Keyboards,1,12000,1000,8000,UPI,Walk-in,,
OFF-20250918-Q404-2945,2025-09-18,Anton,EMP-001,Intel Core i7 13700K,13,Components,CPU,3,35000,500,28000,Credit Card,Terrance Hill,+1-340-606-1473,
OFF-20230830-ICLT-2946,2023-08-30,Jane Doe,EMP-002,Corsair 32GB RAM,5,Components,RAM,3,9000,0,6000,UPI,Katherine Lester,,Sister east compare never drug attorney cultural.
OFF-20210916-4C4N-2947,2021-09-16,John Smith,EMP-003,NZXT H510 Case,19,Components,Cases,1,7000,0,4500,Debit Card,Samuel Gutierrez,391-449-4490x04385,
OFF-20251125-NYXJ-2948,2025-11-25,John Smith,EMP-003,Logitech WebCam C920,11,Accessories,Webcams,2,6000,0,3500,Cash,Walk-in,,Way commercial grow accept.
OFF-20221007-SLXH-2949,2022-10-07,Anton,EMP-001,Gaming PC Build,20,Desktops,Gaming PC,3,85000,0,65000,Credit Card,Mark Lee,,
OFF-20210923-YPX7-2950,2021-09-23,Anton,EMP-001,Samsung 980 PRO 1TB,3,Components,Storage,2,8000,0,5500,Credit Card,Walk-in,,
OFF-20250416-KT34-2951,2025-04-16,John Smith,EMP-003,Razer BlackWidow,8,Accessories,Keyboards,3,12000,0,8000,Debit Card,Patrick Savage,,
OFF-20240726-WZ4C-2952,2024-07-26,John Smith,EMP-003,NZXT H510 Case,6,Components,Cases,3,7000,1500,4500,Cash,Walk-in,,
OFF-20210408-R2HH-2953,2021-04-08,Jane Doe,EMP-002,Logitech WebCam C920,8,Accessories,Webcams,3,6000,1000,3500,UPI,Walk-in,,
OFF-20220319-OV5K-2954,2022-03-19,Jane Doe,EMP-002,Samsung 980 PRO 1TB,9,Components,Storage,2,8000,1000,5500,Credit Card,Craig Delgado,,
OFF-20210427-PO2G-2955,2021-04-27,John Smith,EMP-003,Intel Core i7 13700K,12,Components,CPU,1,35000,1000,28000,Credit Card,Walk-in,,
OFF-20220911-BSW5-2956,2022-09-11,John Smith,EMP-003,Razer BlackWidow,17,Accessories,Keyboards,3,12000,1000,8000,Cash,Walk-in,,
OFF-20250817-E83Q-2957,2025-08-17,Anton,EMP-001,Logitech MX Master 3,20,Accessories,Mice,1,8500,0,5000,Credit Card,Tara Mcdonald,,
OFF-20210526-ZXKW-2958,2021-05-26,John Smith,EMP-003,Samsung 980 PRO 1TB,4,Components,Storage,1,8000,0,5500,Credit Card,Dr. Amy Jackson,,
OFF-20230310-IOUU-2959,2023-03-10,John Smith,EMP-003,NZXT H510 Case,16,Components,Cases,2,7000,0,4500,UPI,Charles Paul,,
OFF-20240107-J0I9-2960,2024-01-07,Jane Doe,EMP-002,Corsair 32GB RAM,16,Components,RAM,1,9000,0,6000,Credit Card,Walk-in,+1-699-352-1471x423,
OFF-20250127-RRNR-2961,2025-01-27,Jane Doe,EMP-002,NZXT H510 Case,6,Components,Cases,2,7000,0,4500,Debit Card,Joseph Miller,001-901-649-6527x66828,
OFF-20221110-D2VH-2962,2022-11-10,Anton,EMP-001,Gaming PC Build,14,Desktops,Gaming PC,1,85000,0,65000,Credit Card,Kyle Ford,+1-275-329-2914x681,
OFF-20220908-1PK6-2963,2022-09-08,John Smith,EMP-003,Intel Core i7 13700K,16,Components,CPU,3,35000,0,28000,Debit Card,Walk-in,,
OFF-20220704-7889-2964,2022-07-04,Jane Doe,EMP-002,Corsair 32GB RAM,1,Components,RAM,3,9000,0,6000,Cash,Walk-in,264-927-3062x6022,
OFF-20210501-XPJ5-2965,2021-05-01,Anton,EMP-001,Samsung 980 PRO 1TB,16,Components,Storage,3,8000,0,5500,Debit Card,Walk-in,(218)329-9119x91446,
OFF-20230720-2084-2966,2023-07-20,Anton,EMP-001,Razer BlackWidow,14,Accessories,Keyboards,1,12000,0,8000,UPI,Stephanie Stewart,,
OFF-20220807-EFC5-2967,2022-08-07,Anton,EMP-001,Razer BlackWidow,3,Accessories,Keyboards,1,12000,1000,8000,UPI,Robert Howell,411.574.3466x83840,
OFF-20231004-WCJC-2968,2023-10-04,Jane Doe,EMP-002,Logitech MX Master 3,9,Accessories,Mice,2,8500,0,5000,Debit Card,Taylor Gray,,Black window place let fight carry.
OFF-20221024-SK45-2969,2022-10-24,Jane Doe,EMP-002,Logitech MX Master 3,19,Accessories,Mice,3,8500,0,5000,Credit Card,Robert Bonilla,001-330-237-5363,
OFF-20260311-09X1-2970,2026-03-11,John Smith,EMP-003,Gaming PC Build,3,Desktops,Gaming PC,2,85000,0,65000,Cash,Walk-in,9663731288,
OFF-20230117-BJUQ-2971,2023-01-17,Jane Doe,EMP-002,RTX 4070 Ti,4,Components,GPU,1,75000,1000,60000,UPI,Brian Walls,,
OFF-20220702-6TN7-2972,2022-07-02,Anton,EMP-001,NZXT H510 Case,10,Components,Cases,3,7000,1500,4500,Debit Card,Walk-in,(850)215-1689x279,
OFF-20210711-SY6N-2973,2021-07-11,Anton,EMP-001,Razer BlackWidow,15,Accessories,Keyboards,2,12000,1500,8000,Credit Card,Juan Garcia,,
OFF-20220413-F13D-2974,2022-04-13,John Smith,EMP-003,Samsung 980 PRO 1TB,5,Components,Storage,2,8000,0,5500,Credit Card,Walk-in,999-760-9361,
OFF-20210504-APKU-2975,2021-05-04,Jane Doe,EMP-002,Logitech WebCam C920,13,Accessories,Webcams,1,6000,0,3500,Cash,Walk-in,(318)356-6763x4841,Rate near language.
OFF-20210812-O77S-2976,2021-08-12,Anton,EMP-001,NZXT H510 Case,20,Components,Cases,3,7000,0,4500,UPI,Bryan Brennan,(272)261-9667x1777,
OFF-20220801-USX8-2977,2022-08-01,Jane Doe,EMP-002,Intel Core i7 13700K,20,Components,CPU,1,35000,0,28000,Credit Card,Derek Luna,+1-456-965-7315x852,
OFF-20210919-UDXS-2978,2021-09-19,John Smith,EMP-003,Samsung 980 PRO 1TB,20,Components,Storage,2,8000,500,5500,Debit Card,Cheryl Jones,+1-755-428-6983x099,
OFF-20240611-0D8U-2979,2024-06-11,Jane Doe,EMP-002,Razer BlackWidow,13,Accessories,Keyboards,2,12000,1500,8000,Credit Card,Michael Flores,,
OFF-20251129-JNT3-2980,2025-11-29,Jane Doe,EMP-002,Gaming PC Build,11,Desktops,Gaming PC,3,85000,0,65000,Cash,Walk-in,,
OFF-20230204-PW3Y-2981,2023-02-04,John Smith,EMP-003,Razer BlackWidow,14,Accessories,Keyboards,2,12000,0,8000,UPI,Amanda Castillo,966.530.7431,
OFF-20230708-0V3U-2982,2023-07-08,Anton,EMP-001,ASUS ROG Monitor 27,9,Displays,Monitors,3,25000,1000,18000,Credit Card,Julie Moody,2369794687,
OFF-20260114-P8GJ-2983,2026-01-14,John Smith,EMP-003,Samsung 980 PRO 1TB,10,Components,Storage,1,8000,1500,5500,UPI,Beverly Wheeler,,
OFF-20250713-DXDP-2984,2025-07-13,Anton,EMP-001,Corsair 32GB RAM,8,Components,RAM,1,9000,1500,6000,Credit Card,Samantha Bell,(537)372-2247x209,
OFF-20240312-7O4O-2985,2024-03-12,Anton,EMP-001,Logitech WebCam C920,20,Accessories,Webcams,3,6000,1500,3500,Debit Card,David Houston,,
OFF-20220423-AYLW-2986,2022-04-23,Jane Doe,EMP-002,RTX 4070 Ti,13,Components,GPU,1,75000,1000,60000,Debit Card,Darrell Huynh,(222)914-1255x7613,Others security free spring kitchen control.
OFF-20250430-KZFF-2987,2025-04-30,Jane Doe,EMP-002,Gaming PC Build,17,Desktops,Gaming PC,1,85000,0,65000,Credit Card,Albert Young,826.573.8132,Such agreement these system pattern worry source.
OFF-20251219-S7AT-2988,2025-12-19,Jane Doe,EMP-002,ASUS ROG Monitor 27,15,Displays,Monitors,1,25000,0,18000,Debit Card,Ryan Heath,220-895-4250,
OFF-20250513-ZUQG-2989,2025-05-13,Jane Doe,EMP-002,RTX 4070 Ti,11,Components,GPU,1,75000,0,60000,Debit Card,Michael Miller,364-845-1226x2183,
OFF-20221222-4NAE-2990,2022-12-22,Anton,EMP-001,Intel Core i7 13700K,11,Components,CPU,1,35000,0,28000,UPI,Edward Ingram,373.748.4183x256,
OFF-20251009-Z8JG-2991,2025-10-09,Anton,EMP-001,Samsung 980 PRO 1TB,13,Components,Storage,1,8000,1000,5500,UPI,Walk-in,429-462-9653,
OFF-20231004-4TNE-2992,2023-10-04,Jane Doe,EMP-002,NZXT H510 Case,10,Components,Cases,1,7000,0,4500,Credit Card,Walk-in,,
OFF-20230816-6UUM-2993,2023-08-16,Anton,EMP-001,Gaming PC Build,12,Desktops,Gaming PC,2,85000,0,65000,Cash,Kristin Carey,,Nearly conference size hold section.
OFF-20220223-P4TV-2994,2022-02-23,Jane Doe,EMP-002,NZXT H510 Case,13,Components,Cases,1,7000,1500,4500,UPI,Brandi Leblanc,,
OFF-20221113-PR9O-2995,2022-11-13,Anton,EMP-001,Logitech MX Master 3,8,Accessories,Mice,2,8500,1000,5000,Cash,Brenda Archer,305.562.8378x278,Large carry person.
OFF-20260401-NK8W-2996,2026-04-01,Jane Doe,EMP-002,Logitech MX Master 3,2,Accessories,Mice,3,8500,0,5000,Debit Card,Lucas Gonzalez,(374)825-9106x6156,Student talk many issue.
OFF-20251014-F8SD-2997,2025-10-14,John Smith,EMP-003,ASUS ROG Monitor 27,14,Displays,Monitors,2,25000,500,18000,Debit Card,Jason Hester,,
OFF-20240221-BBMT-2998,2024-02-21,John Smith,EMP-003,Intel Core i7 13700K,14,Components,CPU,2,35000,1000,28000,Credit Card,Walk-in,301-388-8960x0519,
OFF-20220920-IO12-2999,2022-09-20,John Smith,EMP-003,Intel Core i7 13700K,7,Components,CPU,2,35000,500,28000,UPI,Michael Burns,,
OFF-20221109-W2F9-3000,2022-11-09,John Smith,EMP-003,Corsair 32GB RAM,7,Components,RAM,2,9000,0,6000,Credit Card,Gerald Aguilar,,Religious building soon minute ok.
OFF-20231023-35WE-3001,2023-10-23,Anton,EMP-001,Corsair 32GB RAM,14,Components,RAM,2,9000,0,6000,UPI,Alicia Williams,,
OFF-20211211-C8EX-3002,2021-12-11,Jane Doe,EMP-002,Logitech WebCam C920,13,Accessories,Webcams,2,6000,500,3500,Debit Card,Walk-in,,Whom side executive anything help kind.
OFF-20260112-6KMS-3003,2026-01-12,Jane Doe,EMP-002,Razer BlackWidow,5,Accessories,Keyboards,1,12000,0,8000,Debit Card,Walk-in,+1-460-287-5680x2806,
OFF-20231002-KTBM-3004,2023-10-02,Jane Doe,EMP-002,Logitech WebCam C920,11,Accessories,Webcams,2,6000,1000,3500,Credit Card,Walk-in,001-545-684-2603,
OFF-20251008-8Q2N-3005,2025-10-08,Anton,EMP-001,Razer BlackWidow,12,Accessories,Keyboards,1,12000,500,8000,Credit Card,Diane Morton,,
OFF-20250404-NGHA-3006,2025-04-04,Jane Doe,EMP-002,Samsung 980 PRO 1TB,3,Components,Storage,3,8000,1500,5500,UPI,Jason Jackson,,Focus model full debate vote act.
OFF-20240810-KFX7-3007,2024-08-10,Jane Doe,EMP-002,RTX 4070 Ti,13,Components,GPU,3,75000,500,60000,UPI,James Young,,
OFF-20221222-3YJT-3008,2022-12-22,Anton,EMP-001,Logitech WebCam C920,2,Accessories,Webcams,3,6000,0,3500,UPI,Amy Valentine,,Rather soon beat day.
OFF-20220128-CKYU-3009,2022-01-28,John Smith,EMP-003,Gaming PC Build,19,Desktops,Gaming PC,1,85000,1500,65000,UPI,Bryan Ramsey,,
OFF-20250430-5ITE-3010,2025-04-30,John Smith,EMP-003,Gaming PC Build,3,Desktops,Gaming PC,1,85000,0,65000,Credit Card,Donna Gibbs,,
OFF-20240624-JC1O-3011,2024-06-24,Anton,EMP-001,NZXT H510 Case,18,Components,Cases,2,7000,0,4500,Debit Card,John Wilson,,Despite ground voice available cell.
OFF-20210705-WIGB-3012,2021-07-05,Anton,EMP-001,RTX 4070 Ti,19,Components,GPU,3,75000,1000,60000,Cash,Jennifer Berry,,
OFF-20230211-2WCI-3013,2023-02-11,Anton,EMP-001,Samsung 980 PRO 1TB,2,Components,Storage,1,8000,500,5500,UPI,Adriana Williams,717-811-6381x5606,
OFF-20230307-DBX4-3014,2023-03-07,Anton,EMP-001,Samsung 980 PRO 1TB,19,Components,Storage,1,8000,1000,5500,Cash,Walk-in,(297)947-6187x91241,Within artist experience manager.
OFF-20250409-GYSU-3015,2025-04-09,Jane Doe,EMP-002,Razer BlackWidow,15,Accessories,Keyboards,2,12000,0,8000,Cash,Walk-in,903-897-0185x386,
OFF-20251103-B95F-3016,2025-11-03,John Smith,EMP-003,Samsung 980 PRO 1TB,8,Components,Storage,3,8000,0,5500,Debit Card,Logan Scott,314.383.8034x3644,Some treat lot room.
OFF-20210718-GVN8-3017,2021-07-18,John Smith,EMP-003,Corsair 32GB RAM,16,Components,RAM,3,9000,0,6000,Credit Card,Walk-in,523-276-5380x66751,Bank herself stop collection thing.
OFF-20220303-W96W-3018,2022-03-03,John Smith,EMP-003,Samsung 980 PRO 1TB,16,Components,Storage,1,8000,500,5500,Cash,Walk-in,,
OFF-20220131-B77R-3019,2022-01-31,Jane Doe,EMP-002,NZXT H510 Case,8,Components,Cases,1,7000,0,4500,Debit Card,Madison Jefferson,,
OFF-20250320-4571-3020,2025-03-20,Anton,EMP-001,Intel Core i7 13700K,13,Components,CPU,3,35000,0,28000,UPI,Katelyn West,7588775094,
OFF-20230429-H96K-3021,2023-04-29,Anton,EMP-001,ASUS ROG Monitor 27,12,Displays,Monitors,1,25000,0,18000,UPI,Sara Sawyer,001-648-515-1626x750,Table deep cold food evening first hotel.
OFF-20240915-6MU2-3022,2024-09-15,John Smith,EMP-003,Logitech MX Master 3,11,Accessories,Mice,2,8500,500,5000,Cash,Jamie Lee,,
OFF-20250318-XSMS-3023,2025-03-18,Jane Doe,EMP-002,ASUS ROG Monitor 27,17,Displays,Monitors,1,25000,0,18000,Debit Card,Debra Hunt,001-572-697-7684,Main once condition detail institution reveal.
OFF-20220716-ZZ70-3024,2022-07-16,Anton,EMP-001,Logitech MX Master 3,19,Accessories,Mice,3,8500,0,5000,Cash,Walk-in,229-844-5044x7073,
OFF-20250111-XKUR-3025,2025-01-11,Jane Doe,EMP-002,Logitech MX Master 3,3,Accessories,Mice,3,8500,0,5000,UPI,Edwin Mclaughlin,5958740622,
OFF-20250925-PBDF-3026,2025-09-25,Anton,EMP-001,ASUS ROG Monitor 27,2,Displays,Monitors,3,25000,0,18000,Credit Card,Jennifer Frazier,(787)823-6323x2160,
OFF-20230421-QEXW-3027,2023-04-21,Anton,EMP-001,Samsung 980 PRO 1TB,1,Components,Storage,1,8000,0,5500,Credit Card,Renee Curtis,,Thousand field form leave those moment.
OFF-20220501-3P06-3028,2022-05-01,Anton,EMP-001,Samsung 980 PRO 1TB,9,Components,Storage,1,8000,0,5500,Cash,Kimberly Higgins,001-883-432-1038x7007,
OFF-20230405-RU7O-3029,2023-04-05,Jane Doe,EMP-002,Samsung 980 PRO 1TB,15,Components,Storage,3,8000,500,5500,Debit Card,Walk-in,+1-705-672-4697,
OFF-20240820-HDWX-3030,2024-08-20,Jane Doe,EMP-002,Logitech WebCam C920,16,Accessories,Webcams,1,6000,1500,3500,Credit Card,Glenn Hendrix,,
OFF-20210619-DWPB-3031,2021-06-19,John Smith,EMP-003,Logitech MX Master 3,12,Accessories,Mice,1,8500,0,5000,UPI,Christopher Sims,+1-873-735-0733x9455,
OFF-20230719-P7NW-3032,2023-07-19,Jane Doe,EMP-002,Razer BlackWidow,17,Accessories,Keyboards,3,12000,0,8000,Debit Card,Adam Scott,,
OFF-20250408-7GON-3033,2025-04-08,John Smith,EMP-003,Logitech MX Master 3,19,Accessories,Mice,2,8500,0,5000,UPI,Peter Abbott,507.961.7879,
OFF-20250420-TUW2-3034,2025-04-20,Anton,EMP-001,Corsair 32GB RAM,18,Components,RAM,1,9000,1500,6000,UPI,Joseph Newton,(835)971-4488x279,
OFF-20241013-WEKR-3035,2024-10-13,Jane Doe,EMP-002,ASUS ROG Monitor 27,11,Displays,Monitors,2,25000,0,18000,Credit Card,Walk-in,,Your indicate popular red agency.
OFF-20240417-U1XZ-3036,2024-04-17,Jane Doe,EMP-002,NZXT H510 Case,2,Components,Cases,1,7000,0,4500,UPI,Walk-in,620-561-6752x3178,
OFF-20250212-PLIE-3037,2025-02-12,Anton,EMP-001,Samsung 980 PRO 1TB,9,Components,Storage,2,8000,0,5500,Credit Card,Walk-in,374-218-0613,
OFF-20250601-X69S-3038,2025-06-01,John Smith,EMP-003,Logitech WebCam C920,19,Accessories,Webcams,3,6000,0,3500,Cash,Benjamin Vasquez,,
OFF-20240109-B0LL-3039,2024-01-09,Anton,EMP-001,Logitech WebCam C920,13,Accessories,Webcams,1,6000,1500,3500,Debit Card,Walk-in,905.544.3586x9350,
OFF-20250912-502D-3040,2025-09-12,Anton,EMP-001,Razer BlackWidow,9,Accessories,Keyboards,1,12000,0,8000,Cash,Steve Rangel,(909)998-4647,
OFF-20220803-DK35-3041,2022-08-03,John Smith,EMP-003,Logitech WebCam C920,4,Accessories,Webcams,3,6000,1000,3500,Debit Card,Christopher Simmons,,
OFF-20250401-N0KJ-3042,2025-04-01,Jane Doe,EMP-002,Corsair 32GB RAM,6,Components,RAM,2,9000,0,6000,Debit Card,Christopher Moore,660-218-4723x935,
OFF-20220615-0MYZ-3043,2022-06-15,John Smith,EMP-003,Gaming PC Build,9,Desktops,Gaming PC,3,85000,1500,65000,UPI,Lisa Cole,693-934-8266x60184,
OFF-20250504-K4VG-3044,2025-05-04,Jane Doe,EMP-002,Logitech WebCam C920,2,Accessories,Webcams,1,6000,0,3500,Credit Card,Lisa Ortiz,,
OFF-20230103-DMNP-3045,2023-01-03,John Smith,EMP-003,Razer BlackWidow,1,Accessories,Keyboards,2,12000,500,8000,Credit Card,Jeremy Reilly,535.733.1971x4434,Change position early main industry.
OFF-20240106-73ZN-3046,2024-01-06,Anton,EMP-001,NZXT H510 Case,16,Components,Cases,2,7000,0,4500,Credit Card,Cristina Yates,+1-465-605-6881x7673,
OFF-20230803-XDGY-3047,2023-08-03,John Smith,EMP-003,ASUS ROG Monitor 27,7,Displays,Monitors,3,25000,0,18000,Debit Card,Jamie Callahan,,Meeting far skin remember response skill.
OFF-20250527-YPDW-3048,2025-05-27,Anton,EMP-001,Intel Core i7 13700K,5,Components,CPU,3,35000,500,28000,Debit Card,Timothy Bowers MD,,
OFF-20260309-VINL-3049,2026-03-09,John Smith,EMP-003,NZXT H510 Case,6,Components,Cases,1,7000,0,4500,Debit Card,Walk-in,,Nation any finish include.
OFF-20211104-MJM7-3050,2021-11-04,John Smith,EMP-003,Logitech MX Master 3,5,Accessories,Mice,2,8500,1500,5000,UPI,Tara Davis,647-487-9231x545,
OFF-20251028-QE3Y-3051,2025-10-28,Anton,EMP-001,Corsair 32GB RAM,2,Components,RAM,3,9000,0,6000,Debit Card,Mikayla Taylor,001-815-651-4535x637,Great cold year rather.
OFF-20250727-W9M6-3052,2025-07-27,John Smith,EMP-003,Samsung 980 PRO 1TB,15,Components,Storage,1,8000,500,5500,Credit Card,Rachel Craig,(462)207-3760x815,
OFF-20240516-C2M7-3053,2024-05-16,John Smith,EMP-003,Intel Core i7 13700K,3,Components,CPU,3,35000,0,28000,Debit Card,Terri Norman,,
OFF-20220208-OIR7-3054,2022-02-08,Anton,EMP-001,Intel Core i7 13700K,15,Components,CPU,3,35000,1000,28000,UPI,Walk-in,+1-808-762-8587x40311,
OFF-20241101-2WA6-3055,2024-11-01,Anton,EMP-001,RTX 4070 Ti,13,Components,GPU,2,75000,0,60000,Cash,Charles Rodriguez,,
OFF-20240823-Y7F9-3056,2024-08-23,Anton,EMP-001,Samsung 980 PRO 1TB,10,Components,Storage,3,8000,0,5500,Debit Card,Rebecca Hampton,,Prevent raise list activity realize pretty.
OFF-20250326-1EMK-3057,2025-03-26,Anton,EMP-001,Samsung 980 PRO 1TB,4,Components,Storage,1,8000,500,5500,Credit Card,Joseph Rodriguez,+1-839-953-4673,
OFF-20230702-8Z4D-3058,2023-07-02,Jane Doe,EMP-002,Razer BlackWidow,15,Accessories,Keyboards,2,12000,500,8000,Credit Card,Vicki Jarvis,,
OFF-20241002-KTN7-3059,2024-10-02,Anton,EMP-001,Samsung 980 PRO 1TB,9,Components,Storage,2,8000,0,5500,Cash,Jennifer Osborne,+1-331-602-6676x7014,
OFF-20240220-98R4-3060,2024-02-20,John Smith,EMP-003,ASUS ROG Monitor 27,17,Displays,Monitors,1,25000,0,18000,Debit Card,Jessica Wolfe,805-511-9657x4600,Amount continue identify account nearly image Mr.
OFF-20240425-1WPP-3061,2024-04-25,John Smith,EMP-003,Logitech MX Master 3,16,Accessories,Mice,1,8500,1000,5000,Debit Card,Elizabeth Scott,(575)842-1598x085,
OFF-20250227-14NO-3062,2025-02-27,Anton,EMP-001,NZXT H510 Case,10,Components,Cases,2,7000,500,4500,UPI,Walk-in,,
OFF-20220301-Y0Z6-3063,2022-03-01,Jane Doe,EMP-002,Logitech MX Master 3,8,Accessories,Mice,1,8500,0,5000,Credit Card,Walk-in,843.389.4248x219,
OFF-20240205-NDYM-3064,2024-02-05,Jane Doe,EMP-002,Intel Core i7 13700K,14,Components,CPU,1,35000,500,28000,UPI,Jaime King,001-653-943-9488,
OFF-20220529-88Y9-3065,2022-05-29,John Smith,EMP-003,RTX 4070 Ti,16,Components,GPU,2,75000,0,60000,UPI,Walk-in,001-380-779-8712,
OFF-20210407-Q8CH-3066,2021-04-07,Anton,EMP-001,ASUS ROG Monitor 27,18,Displays,Monitors,1,25000,0,18000,UPI,Walk-in,,
OFF-20230220-S5UR-3067,2023-02-20,Jane Doe,EMP-002,Corsair 32GB RAM,10,Components,RAM,2,9000,0,6000,Debit Card,Walk-in,001-892-275-8965x55086,
OFF-20231227-Y85W-3068,2023-12-27,Jane Doe,EMP-002,Razer BlackWidow,12,Accessories,Keyboards,3,12000,500,8000,UPI,Christopher Stevens,,
OFF-20250917-37WL-3069,2025-09-17,Anton,EMP-001,Logitech MX Master 3,3,Accessories,Mice,3,8500,0,5000,Credit Card,Kathleen Jackson,,
OFF-20260203-KURP-3070,2026-02-03,John Smith,EMP-003,Intel Core i7 13700K,7,Components,CPU,2,35000,1000,28000,UPI,Keith Taylor,301.567.4923x72024,
OFF-20220309-COT1-3071,2022-03-09,Jane Doe,EMP-002,NZXT H510 Case,6,Components,Cases,1,7000,1500,4500,Credit Card,Gary Krueger,,Around against available full just worry everyone.
OFF-20230205-2SX1-3072,2023-02-05,Anton,EMP-001,Logitech MX Master 3,15,Accessories,Mice,1,8500,0,5000,Debit Card,Samuel Pratt,966.470.1833,Blue magazine hard site produce.
OFF-20250322-AKFI-3073,2025-03-22,Anton,EMP-001,Razer BlackWidow,9,Accessories,Keyboards,3,12000,1500,8000,Credit Card,Walk-in,,Third same tell time opportunity need.
OFF-20210608-TJNG-3074,2021-06-08,John Smith,EMP-003,Corsair 32GB RAM,11,Components,RAM,3,9000,1500,6000,Credit Card,David Powell,,First dream senior though particularly media rule.
OFF-20250531-2RKH-3075,2025-05-31,John Smith,EMP-003,Samsung 980 PRO 1TB,6,Components,Storage,3,8000,1500,5500,UPI,Jason Sandoval,(940)520-3672,Minute page big media board course less rate.
OFF-20221117-U0DL-3076,2022-11-17,Jane Doe,EMP-002,Intel Core i7 13700K,15,Components,CPU,3,35000,0,28000,Cash,Anita Young,,
OFF-20230914-ZUKK-3077,2023-09-14,Jane Doe,EMP-002,ASUS ROG Monitor 27,10,Displays,Monitors,1,25000,0,18000,Cash,Travis Scott,867.831.0762x759,
OFF-20221026-4ZP9-3078,2022-10-26,Jane Doe,EMP-002,Samsung 980 PRO 1TB,12,Components,Storage,3,8000,500,5500,Debit Card,Mark Howard,809.765.0765,Raise join pass him accept among left.
OFF-20251127-CDMZ-3079,2025-11-27,Anton,EMP-001,Intel Core i7 13700K,5,Components,CPU,2,35000,1000,28000,Cash,Rachel Edwards,,
OFF-20240112-PP0L-3080,2024-01-12,John Smith,EMP-003,Intel Core i7 13700K,8,Components,CPU,1,35000,0,28000,UPI,Rick Scott,,
OFF-20220328-M3EH-3081,2022-03-28,Jane Doe,EMP-002,NZXT H510 Case,4,Components,Cases,1,7000,1500,4500,Cash,Walk-in,744.725.1600x87766,
OFF-20210710-UZOX-3082,2021-07-10,Jane Doe,EMP-002,ASUS ROG Monitor 27,15,Displays,Monitors,2,25000,1500,18000,Credit Card,Ricardo Shaw,,
OFF-20240201-HHEO-3083,2024-02-01,Jane Doe,EMP-002,Samsung 980 PRO 1TB,18,Components,Storage,1,8000,0,5500,Credit Card,Sue Rodriguez,(950)909-8876x5499,Team writer power.
OFF-20210807-X4AP-3084,2021-08-07,Jane Doe,EMP-002,Logitech MX Master 3,6,Accessories,Mice,1,8500,0,5000,Cash,Walk-in,+1-566-767-2782x0956,
OFF-20250129-J0YU-3085,2025-01-29,Jane Doe,EMP-002,ASUS ROG Monitor 27,8,Displays,Monitors,1,25000,0,18000,Debit Card,George Hanna,882.903.9013x96606,
OFF-20250318-CYNC-3086,2025-03-18,Anton,EMP-001,Logitech WebCam C920,12,Accessories,Webcams,3,6000,0,3500,Credit Card,Walk-in,,
OFF-20250417-57OD-3087,2025-04-17,Jane Doe,EMP-002,Logitech MX Master 3,12,Accessories,Mice,1,8500,0,5000,Credit Card,Walk-in,766.355.9353,Paper need against focus nothing late today too.
OFF-20211225-X4CW-3088,2021-12-25,Jane Doe,EMP-002,NZXT H510 Case,20,Components,Cases,1,7000,1000,4500,Cash,Elizabeth Kennedy,(809)511-3076,
OFF-20240323-FBG8-3089,2024-03-23,Anton,EMP-001,Intel Core i7 13700K,10,Components,CPU,2,35000,0,28000,Cash,Walk-in,502.925.6665,
OFF-20210802-G2C4-3090,2021-08-02,Jane Doe,EMP-002,NZXT H510 Case,7,Components,Cases,1,7000,0,4500,Credit Card,Jonathan Mendoza,(876)585-2518,
OFF-20230701-NXT7-3091,2023-07-01,John Smith,EMP-003,Razer BlackWidow,10,Accessories,Keyboards,1,12000,0,8000,Credit Card,Aaron Chandler,,
OFF-20221001-Z5VU-3092,2022-10-01,Anton,EMP-001,Samsung 980 PRO 1TB,17,Components,Storage,1,8000,0,5500,Cash,Walk-in,,Give keep break view couple structure force professional.
OFF-20250120-YO0Q-3093,2025-01-20,Anton,EMP-001,Gaming PC Build,1,Desktops,Gaming PC,2,85000,500,65000,Credit Card,Eric Lee,(841)248-2086x9564,
OFF-20250531-URYQ-3094,2025-05-31,Jane Doe,EMP-002,Razer BlackWidow,14,Accessories,Keyboards,1,12000,1000,8000,UPI,Carolyn Pruitt,,
OFF-20220204-FESI-3095,2022-02-04,Anton,EMP-001,Corsair 32GB RAM,11,Components,RAM,2,9000,0,6000,UPI,Walk-in,(327)344-0066x69352,
OFF-20211216-F3M4-3096,2021-12-16,John Smith,EMP-003,Corsair 32GB RAM,14,Components,RAM,1,9000,1000,6000,Credit Card,Laura Hodges,(714)370-5916x82382,
OFF-20230504-13CA-3097,2023-05-04,Anton,EMP-001,RTX 4070 Ti,15,Components,GPU,3,75000,1000,60000,Credit Card,Kathy Valencia,(585)787-4394x393,Begin us voice check bank professor campaign guess.
OFF-20220513-0XXQ-3098,2022-05-13,Anton,EMP-001,Razer BlackWidow,20,Accessories,Keyboards,2,12000,0,8000,Debit Card,Thomas Mitchell,,
OFF-20220715-ARC7-3099,2022-07-15,Jane Doe,EMP-002,Logitech MX Master 3,7,Accessories,Mice,3,8500,0,5000,Cash,Elizabeth Haley,,
OFF-20211113-GFBJ-3100,2021-11-13,John Smith,EMP-003,Intel Core i7 13700K,4,Components,CPU,2,35000,0,28000,Cash,Tanya Hunter,,
OFF-20250610-WE88-3101,2025-06-10,Jane Doe,EMP-002,Logitech WebCam C920,16,Accessories,Webcams,2,6000,0,3500,UPI,Mark Washington,(398)900-1003,
OFF-20230901-2MPZ-3102,2023-09-01,Anton,EMP-001,Gaming PC Build,4,Desktops,Gaming PC,3,85000,1000,65000,Credit Card,Kimberly Anderson,,
OFF-20210819-NKZE-3103,2021-08-19,Anton,EMP-001,Logitech WebCam C920,8,Accessories,Webcams,1,6000,500,3500,Debit Card,Donald Carroll,896-796-1538x10050,
OFF-20221020-GYER-3104,2022-10-20,John Smith,EMP-003,NZXT H510 Case,17,Components,Cases,3,7000,0,4500,Credit Card,Jordan Coleman,001-882-517-9990,First gas miss instead west loss perform.
OFF-20221031-O5WW-3105,2022-10-31,John Smith,EMP-003,Logitech WebCam C920,10,Accessories,Webcams,3,6000,0,3500,Cash,Miss Chelsea Griffith,5157230125,Court another develop front upon cover.
OFF-20230617-1WWA-3106,2023-06-17,John Smith,EMP-003,Razer BlackWidow,14,Accessories,Keyboards,2,12000,0,8000,Credit Card,Robert Clark,,
OFF-20231130-KGUE-3107,2023-11-30,Anton,EMP-001,Logitech WebCam C920,20,Accessories,Webcams,1,6000,0,3500,Cash,Walk-in,977.499.1017,
OFF-20220414-PQ29-3108,2022-04-14,Anton,EMP-001,Logitech WebCam C920,16,Accessories,Webcams,1,6000,500,3500,Credit Card,Walk-in,,Price lot myself defense you reflect.
OFF-20220913-EUHI-3109,2022-09-13,Anton,EMP-001,Logitech MX Master 3,19,Accessories,Mice,2,8500,500,5000,Debit Card,Dustin Lopez,861.936.4617x07181,
OFF-20220325-T2GC-3110,2022-03-25,Jane Doe,EMP-002,RTX 4070 Ti,19,Components,GPU,3,75000,1500,60000,Debit Card,Elizabeth Figueroa,+1-612-947-5806,Ever per pick structure.
OFF-20220222-OLIL-3111,2022-02-22,John Smith,EMP-003,NZXT H510 Case,8,Components,Cases,2,7000,0,4500,Credit Card,Angela Lee,,Join method yourself nor edge first.
OFF-20260312-MYRO-3112,2026-03-12,Jane Doe,EMP-002,Intel Core i7 13700K,5,Components,CPU,3,35000,0,28000,Credit Card,Walk-in,591.656.7883x583,
OFF-20250116-8Z3D-3113,2025-01-16,Jane Doe,EMP-002,ASUS ROG Monitor 27,19,Displays,Monitors,1,25000,0,18000,UPI,Walk-in,001-963-658-7588,
OFF-20250901-GU7B-3114,2025-09-01,Jane Doe,EMP-002,Razer BlackWidow,3,Accessories,Keyboards,3,12000,0,8000,Cash,Jason Gomez,637.512.2108x25961,
OFF-20250706-CNEX-3115,2025-07-06,John Smith,EMP-003,Corsair 32GB RAM,3,Components,RAM,2,9000,500,6000,Debit Card,Jennifer Owen,,
OFF-20250113-P9TP-3116,2025-01-13,Jane Doe,EMP-002,Gaming PC Build,2,Desktops,Gaming PC,3,85000,500,65000,Credit Card,Andrea Young,,
OFF-20240104-03BU-3117,2024-01-04,John Smith,EMP-003,Razer BlackWidow,9,Accessories,Keyboards,2,12000,0,8000,Debit Card,Walk-in,,
OFF-20240724-XQHD-3118,2024-07-24,John Smith,EMP-003,Razer BlackWidow,11,Accessories,Keyboards,3,12000,0,8000,Credit Card,Allison Velasquez,,
OFF-20240905-Q9RQ-3119,2024-09-05,Anton,EMP-001,Gaming PC Build,14,Desktops,Gaming PC,1,85000,1500,65000,UPI,Ronald Davis,754-913-9203,
OFF-20230830-CCIR-3120,2023-08-30,John Smith,EMP-003,NZXT H510 Case,15,Components,Cases,3,7000,1500,4500,Debit Card,Julie Steele,(542)376-9799x950,
OFF-20230112-I37M-3121,2023-01-12,Jane Doe,EMP-002,Intel Core i7 13700K,20,Components,CPU,3,35000,500,28000,Cash,Walk-in,,Remember hand rise.
OFF-20230803-RVTN-3122,2023-08-03,John Smith,EMP-003,NZXT H510 Case,9,Components,Cases,1,7000,0,4500,Debit Card,Jeffrey Baker,001-600-217-3132x906,
OFF-20250326-RCFL-3123,2025-03-26,John Smith,EMP-003,Corsair 32GB RAM,18,Components,RAM,2,9000,0,6000,Credit Card,Walk-in,,
OFF-20260108-ZICR-3124,2026-01-08,Jane Doe,EMP-002,NZXT H510 Case,8,Components,Cases,2,7000,1000,4500,Credit Card,Jonathan Steele,,Total young oil assume.
OFF-20250405-LQYN-3125,2025-04-05,Jane Doe,EMP-002,Gaming PC Build,9,Desktops,Gaming PC,2,85000,500,65000,Credit Card,Dr. Anthony Johnson III,,
OFF-20250924-TGJS-3126,2025-09-24,Anton,EMP-001,Samsung 980 PRO 1TB,11,Components,Storage,2,8000,0,5500,Cash,Walk-in,,
OFF-20220113-CTY3-3127,2022-01-13,John Smith,EMP-003,Gaming PC Build,2,Desktops,Gaming PC,1,85000,0,65000,UPI,Matthew Shaffer,,
OFF-20240212-SXOY-3128,2024-02-12,Anton,EMP-001,NZXT H510 Case,19,Components,Cases,1,7000,500,4500,Credit Card,Daniel Jenkins,(783)845-5873x51008,
OFF-20210928-8GL5-3129,2021-09-28,John Smith,EMP-003,Logitech MX Master 3,19,Accessories,Mice,2,8500,0,5000,Cash,Kristin Brown,842.487.0956,
OFF-20221214-MM0P-3130,2022-12-14,John Smith,EMP-003,Logitech MX Master 3,20,Accessories,Mice,2,8500,0,5000,UPI,Jason Nash,,Cause firm have own make style worker.
OFF-20231123-KVA7-3131,2023-11-23,John Smith,EMP-003,NZXT H510 Case,2,Components,Cases,3,7000,1500,4500,Debit Card,Hunter Daniels,,
OFF-20211011-2MG5-3132,2021-10-11,John Smith,EMP-003,ASUS ROG Monitor 27,6,Displays,Monitors,3,25000,1000,18000,Cash,Linda Howard,,
OFF-20230517-W3MA-3133,2023-05-17,Jane Doe,EMP-002,NZXT H510 Case,20,Components,Cases,3,7000,1000,4500,Credit Card,Debra Mendoza,,
OFF-20210521-Z8CH-3134,2021-05-21,Jane Doe,EMP-002,Intel Core i7 13700K,18,Components,CPU,3,35000,0,28000,Cash,Walk-in,(448)293-1318,Dark size shake across amount family hundred reason.
OFF-20240715-IMQL-3135,2024-07-15,John Smith,EMP-003,RTX 4070 Ti,2,Components,GPU,2,75000,0,60000,Cash,John Duran,754-797-5271,Television alone us sense.
OFF-20230207-NG31-3136,2023-02-07,Jane Doe,EMP-002,Razer BlackWidow,1,Accessories,Keyboards,2,12000,0,8000,Cash,Walk-in,,
OFF-20230115-OLYA-3137,2023-01-15,Anton,EMP-001,Logitech WebCam C920,12,Accessories,Webcams,3,6000,1500,3500,Cash,Terri Anderson,,Military resource suggest modern air cover.
OFF-20221102-E8FT-3138,2022-11-02,Jane Doe,EMP-002,Logitech WebCam C920,1,Accessories,Webcams,2,6000,1000,3500,Credit Card,Walk-in,,
OFF-20240423-IDYZ-3139,2024-04-23,John Smith,EMP-003,Intel Core i7 13700K,2,Components,CPU,2,35000,500,28000,Cash,Julian Castro,985-825-0341,
OFF-20260307-DI6R-3140,2026-03-07,John Smith,EMP-003,RTX 4070 Ti,8,Components,GPU,1,75000,1500,60000,UPI,Walk-in,,
OFF-20211219-JJYO-3141,2021-12-19,John Smith,EMP-003,Logitech WebCam C920,20,Accessories,Webcams,3,6000,1000,3500,Credit Card,Walk-in,,Step fear myself them.
OFF-20250314-C6QI-3142,2025-03-14,Anton,EMP-001,Logitech MX Master 3,12,Accessories,Mice,3,8500,1500,5000,UPI,Dominique Robinson,745-495-8728x69465,
OFF-20230608-GNKS-3143,2023-06-08,Jane Doe,EMP-002,Gaming PC Build,1,Desktops,Gaming PC,2,85000,0,65000,Debit Card,Walk-in,793-427-7310x1208,
OFF-20251004-S84V-3144,2025-10-04,Jane Doe,EMP-002,Gaming PC Build,18,Desktops,Gaming PC,1,85000,1000,65000,Debit Card,Stephanie Sullivan,001-777-947-9642x0785,
OFF-20211210-NGXF-3145,2021-12-10,Jane Doe,EMP-002,RTX 4070 Ti,6,Components,GPU,1,75000,0,60000,Cash,Linda Lyons,,
OFF-20230205-9VSJ-3146,2023-02-05,Jane Doe,EMP-002,Gaming PC Build,13,Desktops,Gaming PC,1,85000,0,65000,Cash,Walk-in,428.210.2684x98586,
OFF-20210523-ZJ96-3147,2021-05-23,Jane Doe,EMP-002,RTX 4070 Ti,18,Components,GPU,1,75000,1500,60000,Credit Card,Julie Blackwell,,
OFF-20240208-O0SQ-3148,2024-02-08,Jane Doe,EMP-002,RTX 4070 Ti,14,Components,GPU,1,75000,0,60000,Cash,Michael Scott,,Anything treat you some.
OFF-20220113-Y17D-3149,2022-01-13,Jane Doe,EMP-002,Corsair 32GB RAM,5,Components,RAM,1,9000,1000,6000,UPI,Jerry Wall,,
OFF-20250802-25EM-3150,2025-08-02,Anton,EMP-001,ASUS ROG Monitor 27,8,Displays,Monitors,1,25000,0,18000,Debit Card,Walk-in,,
OFF-20230218-KUPO-3151,2023-02-18,Jane Doe,EMP-002,RTX 4070 Ti,19,Components,GPU,3,75000,0,60000,Debit Card,Robert Hunter,843-312-2315x7576,
OFF-20240222-8HAX-3152,2024-02-22,Anton,EMP-001,ASUS ROG Monitor 27,18,Displays,Monitors,3,25000,1500,18000,Credit Card,Jennifer Atkins,,
OFF-20230210-CSB6-3153,2023-02-10,Anton,EMP-001,Corsair 32GB RAM,18,Components,RAM,3,9000,0,6000,UPI,Robert Burns,,
OFF-20230826-9EU7-3154,2023-08-26,Jane Doe,EMP-002,Logitech WebCam C920,10,Accessories,Webcams,3,6000,0,3500,Credit Card,Michael Smith,,Win owner financial night somebody.
OFF-20210420-A2DM-3155,2021-04-20,Anton,EMP-001,Corsair 32GB RAM,20,Components,RAM,1,9000,1500,6000,UPI,Kristina Griffith,(382)422-7060x39886,
OFF-20220823-1QFR-3156,2022-08-23,Jane Doe,EMP-002,ASUS ROG Monitor 27,5,Displays,Monitors,2,25000,1500,18000,UPI,Kenneth Morton,,
OFF-20230713-XBEQ-3157,2023-07-13,Jane Doe,EMP-002,Logitech MX Master 3,9,Accessories,Mice,3,8500,500,5000,Debit Card,Walk-in,455.637.3955x554,Beat cover maintain field sound quickly the.
OFF-20220305-MPCS-3158,2022-03-05,John Smith,EMP-003,Gaming PC Build,14,Desktops,Gaming PC,2,85000,0,65000,UPI,Benjamin Morris,,Near natural throw stand trouble future.
OFF-20241105-PLO2-3159,2024-11-05,Anton,EMP-001,RTX 4070 Ti,6,Components,GPU,1,75000,500,60000,Debit Card,Walk-in,,
OFF-20210518-WRDF-3160,2021-05-18,Jane Doe,EMP-002,NZXT H510 Case,7,Components,Cases,1,7000,1500,4500,UPI,Brian Perry,,
OFF-20220531-5I73-3161,2022-05-31,Anton,EMP-001,NZXT H510 Case,6,Components,Cases,2,7000,0,4500,Credit Card,Jacqueline Martin,,
OFF-20210725-6VA1-3162,2021-07-25,Anton,EMP-001,NZXT H510 Case,9,Components,Cases,1,7000,1500,4500,Debit Card,Walk-in,502.590.9774x13762,
OFF-20221024-QW7N-3163,2022-10-24,Anton,EMP-001,Logitech MX Master 3,19,Accessories,Mice,2,8500,0,5000,Cash,Angela Hernandez,+1-608-228-3312,
OFF-20230508-46EG-3164,2023-05-08,Jane Doe,EMP-002,ASUS ROG Monitor 27,12,Displays,Monitors,1,25000,0,18000,Credit Card,Thomas Norman,+1-878-733-3112x259,
OFF-20220216-0DLE-3165,2022-02-16,John Smith,EMP-003,RTX 4070 Ti,10,Components,GPU,3,75000,0,60000,Debit Card,Michael Santana,,
OFF-20250703-3YGM-3166,2025-07-03,Anton,EMP-001,Logitech MX Master 3,2,Accessories,Mice,1,8500,500,5000,Cash,Carlos Morales,959-338-4925,
OFF-20230413-IQD8-3167,2023-04-13,Anton,EMP-001,Razer BlackWidow,9,Accessories,Keyboards,2,12000,0,8000,Debit Card,Veronica Cruz,,Pretty rich political you.
OFF-20251013-N276-3168,2025-10-13,Jane Doe,EMP-002,NZXT H510 Case,18,Components,Cases,2,7000,1500,4500,Cash,Walk-in,558-562-4424x3320,
OFF-20220220-RVYP-3169,2022-02-20,John Smith,EMP-003,Intel Core i7 13700K,5,Components,CPU,2,35000,0,28000,UPI,Christopher Green,001-513-283-0934x730,
OFF-20210601-PHG3-3170,2021-06-01,John Smith,EMP-003,Samsung 980 PRO 1TB,18,Components,Storage,3,8000,0,5500,Cash,Aaron Mcguire,,
OFF-20230306-72YB-3171,2023-03-06,Jane Doe,EMP-002,Intel Core i7 13700K,15,Components,CPU,1,35000,0,28000,Credit Card,Steven Rivera,3848372666,
OFF-20230113-FXWV-3172,2023-01-13,Jane Doe,EMP-002,Samsung 980 PRO 1TB,8,Components,Storage,2,8000,0,5500,Credit Card,Walk-in,,
OFF-20220805-F3LS-3173,2022-08-05,Jane Doe,EMP-002,Intel Core i7 13700K,5,Components,CPU,3,35000,500,28000,Cash,Shelley Simmons,470.490.5444x78375,Economic research news group top argue dark mouth.
OFF-20231204-DFXD-3174,2023-12-04,Anton,EMP-001,Logitech WebCam C920,15,Accessories,Webcams,3,6000,0,3500,Credit Card,Susan Johnson,900.599.7490x619,
OFF-20230914-7W21-3175,2023-09-14,Anton,EMP-001,Razer BlackWidow,19,Accessories,Keyboards,3,12000,1000,8000,Credit Card,Cynthia Norman,7803154108,Each wind traditional trip huge born nor describe.
OFF-20250210-7XCO-3176,2025-02-10,Jane Doe,EMP-002,Logitech MX Master 3,1,Accessories,Mice,3,8500,1500,5000,Debit Card,Christina Willis,,
OFF-20220430-S1CI-3177,2022-04-30,Jane Doe,EMP-002,Gaming PC Build,12,Desktops,Gaming PC,3,85000,0,65000,Debit Card,Wendy King,001-210-823-4704x228,
OFF-20210517-AG1K-3178,2021-05-17,John Smith,EMP-003,Logitech WebCam C920,12,Accessories,Webcams,1,6000,0,3500,Credit Card,Frank Morgan,,Happen order what yourself by receive.
OFF-20250704-07QT-3179,2025-07-04,Anton,EMP-001,Intel Core i7 13700K,8,Components,CPU,2,35000,0,28000,Cash,Cheryl Davis,,
OFF-20240120-SHJP-3180,2024-01-20,Anton,EMP-001,RTX 4070 Ti,7,Components,GPU,2,75000,1000,60000,UPI,Gary Hall,746-959-1543,
OFF-20240411-260K-3181,2024-04-11,John Smith,EMP-003,Razer BlackWidow,4,Accessories,Keyboards,3,12000,0,8000,Debit Card,Christine Perez,001-471-973-0465x58344,
OFF-20251224-EUD3-3182,2025-12-24,John Smith,EMP-003,NZXT H510 Case,13,Components,Cases,2,7000,500,4500,Credit Card,George Smith,,
OFF-20241006-VLVP-3183,2024-10-06,John Smith,EMP-003,Logitech MX Master 3,17,Accessories,Mice,2,8500,0,5000,Debit Card,Nicole Tapia,,Smile new major live.
OFF-20241009-JLT1-3184,2024-10-09,Jane Doe,EMP-002,Samsung 980 PRO 1TB,5,Components,Storage,2,8000,0,5500,Cash,Dr. Julia Gutierrez,442-278-6232x6710,Check including police into green.
OFF-20230321-I0Y0-3185,2023-03-21,John Smith,EMP-003,Corsair 32GB RAM,3,Components,RAM,1,9000,500,6000,Debit Card,Brandon Hopkins,001-895-412-2267,Campaign marriage politics maintain through western number though.
OFF-20241123-AMXJ-3186,2024-11-23,Jane Doe,EMP-002,Logitech MX Master 3,1,Accessories,Mice,3,8500,0,5000,Debit Card,James Garrett,001-275-739-0007x27569,
OFF-20240817-H5UE-3187,2024-08-17,Jane Doe,EMP-002,Logitech WebCam C920,3,Accessories,Webcams,3,6000,0,3500,UPI,Douglas Johnson,,
OFF-20241003-1CEX-3188,2024-10-03,Jane Doe,EMP-002,Intel Core i7 13700K,13,Components,CPU,1,35000,500,28000,Credit Card,Walk-in,,
OFF-20230515-N9WD-3189,2023-05-15,John Smith,EMP-003,Logitech WebCam C920,15,Accessories,Webcams,3,6000,1000,3500,Debit Card,Walk-in,001-662-987-6766x97144,
OFF-20260125-UE0U-3190,2026-01-25,Jane Doe,EMP-002,Logitech WebCam C920,4,Accessories,Webcams,3,6000,0,3500,Cash,Walk-in,,
OFF-20231001-F9VT-3191,2023-10-01,John Smith,EMP-003,ASUS ROG Monitor 27,20,Displays,Monitors,1,25000,0,18000,Debit Card,Walk-in,,
OFF-20251113-J4CF-3192,2025-11-13,John Smith,EMP-003,Gaming PC Build,19,Desktops,Gaming PC,1,85000,0,65000,Credit Card,Amanda Ryan,,Matter because know wait their eye mean.
OFF-20250821-GP6E-3193,2025-08-21,Jane Doe,EMP-002,Logitech MX Master 3,18,Accessories,Mice,1,8500,1000,5000,Cash,Walk-in,001-626-557-2184x5489,
OFF-20231127-UXO0-3194,2023-11-27,Jane Doe,EMP-002,Razer BlackWidow,15,Accessories,Keyboards,1,12000,0,8000,UPI,John Wilson,001-227-498-2226x4864,
OFF-20220122-M88H-3195,2022-01-22,Anton,EMP-001,Logitech WebCam C920,6,Accessories,Webcams,1,6000,1000,3500,Credit Card,Virginia Campbell,,Large resource lawyer eye appear present development.
OFF-20210828-3IPE-3196,2021-08-28,Anton,EMP-001,Gaming PC Build,4,Desktops,Gaming PC,2,85000,1500,65000,Cash,Christopher Gibson,(299)240-2107,Speech new after at.
OFF-20250424-XI2O-3197,2025-04-24,John Smith,EMP-003,Logitech MX Master 3,10,Accessories,Mice,2,8500,0,5000,Credit Card,Margaret Rush,,Soon with sometimes increase mean author.
OFF-20231124-KRSR-3198,2023-11-24,John Smith,EMP-003,Logitech MX Master 3,7,Accessories,Mice,2,8500,1500,5000,Debit Card,Eric Benitez,,
OFF-20240508-7USC-3199,2024-05-08,John Smith,EMP-003,Intel Core i7 13700K,3,Components,CPU,2,35000,500,28000,Credit Card,Walk-in,490.275.5584x8158,
OFF-20250619-EPAU-3200,2025-06-19,Anton,EMP-001,Corsair 32GB RAM,3,Components,RAM,3,9000,1000,6000,Cash,Walk-in,+1-289-697-5386,
OFF-20231130-N896-3201,2023-11-30,Anton,EMP-001,ASUS ROG Monitor 27,6,Displays,Monitors,3,25000,1500,18000,Debit Card,Dr. Deborah Flores,841-511-7260x96603,Participant image unit leg still kid.
OFF-20240305-CJ7W-3202,2024-03-05,Jane Doe,EMP-002,NZXT H510 Case,19,Components,Cases,3,7000,1000,4500,Cash,Walk-in,,Account system station dinner well plant travel.
OFF-20221214-QVO6-3203,2022-12-14,John Smith,EMP-003,Logitech MX Master 3,4,Accessories,Mice,1,8500,0,5000,Debit Card,Dwayne Oneill,,
OFF-20240209-FJI0-3204,2024-02-09,Anton,EMP-001,Gaming PC Build,1,Desktops,Gaming PC,1,85000,0,65000,Credit Card,Walk-in,,
OFF-20221129-BXOD-3205,2022-11-29,Jane Doe,EMP-002,ASUS ROG Monitor 27,20,Displays,Monitors,2,25000,0,18000,UPI,Melanie Reed,,
OFF-20240201-YT6B-3206,2024-02-01,John Smith,EMP-003,Logitech WebCam C920,17,Accessories,Webcams,1,6000,0,3500,Debit Card,Walk-in,(572)478-6774,Edge student yeah training use.
OFF-20210925-QEMI-3207,2021-09-25,Jane Doe,EMP-002,Razer BlackWidow,1,Accessories,Keyboards,3,12000,0,8000,UPI,Kyle Davis DDS,,
OFF-20230214-T34K-3208,2023-02-14,Jane Doe,EMP-002,Intel Core i7 13700K,6,Components,CPU,2,35000,500,28000,Credit Card,Stephanie Sanchez PhD,,Us smile particularly within item.
OFF-20241026-7MIE-3209,2024-10-26,Anton,EMP-001,NZXT H510 Case,2,Components,Cases,2,7000,0,4500,UPI,Walk-in,,
OFF-20260201-D8DB-3210,2026-02-01,Jane Doe,EMP-002,Samsung 980 PRO 1TB,3,Components,Storage,1,8000,0,5500,UPI,Tyler Newman,,
OFF-20220429-9A4L-3211,2022-04-29,Anton,EMP-001,Intel Core i7 13700K,3,Components,CPU,2,35000,0,28000,Debit Card,Walk-in,,
OFF-20230321-6ZJP-3212,2023-03-21,John Smith,EMP-003,ASUS ROG Monitor 27,20,Displays,Monitors,3,25000,0,18000,Credit Card,Peter Patterson,(386)289-6905,
OFF-20231005-F6T3-3213,2023-10-05,Anton,EMP-001,Logitech MX Master 3,15,Accessories,Mice,1,8500,0,5000,Cash,Walk-in,001-404-304-2020x8561,
OFF-20240221-5W8B-3214,2024-02-21,John Smith,EMP-003,Gaming PC Build,11,Desktops,Gaming PC,3,85000,0,65000,Cash,Karl Carrillo,001-800-976-3316x53288,
OFF-20260321-3QX8-3215,2026-03-21,Anton,EMP-001,ASUS ROG Monitor 27,19,Displays,Monitors,2,25000,0,18000,Cash,Molly Thomas,402-442-1633x75434,Yet along first blood financial.
OFF-20210915-QTSS-3216,2021-09-15,Jane Doe,EMP-002,RTX 4070 Ti,11,Components,GPU,1,75000,1000,60000,UPI,Michael Scott,,
OFF-20230906-YSLA-3217,2023-09-06,Jane Doe,EMP-002,Razer BlackWidow,18,Accessories,Keyboards,1,12000,0,8000,Debit Card,Randy Smith,,
OFF-20221028-IZZ8-3218,2022-10-28,Jane Doe,EMP-002,Samsung 980 PRO 1TB,15,Components,Storage,2,8000,500,5500,UPI,Walk-in,,
OFF-20231219-EQMO-3219,2023-12-19,John Smith,EMP-003,RTX 4070 Ti,14,Components,GPU,1,75000,1000,60000,Debit Card,Emily Silva,475-637-1477x254,
OFF-20250423-45WV-3220,2025-04-23,Anton,EMP-001,Samsung 980 PRO 1TB,14,Components,Storage,1,8000,1500,5500,UPI,Walk-in,860-671-4902,
OFF-20230124-GMIK-3221,2023-01-24,Jane Doe,EMP-002,Samsung 980 PRO 1TB,19,Components,Storage,3,8000,0,5500,UPI,Jordan Cherry,,
OFF-20230508-C88A-3222,2023-05-08,Jane Doe,EMP-002,ASUS ROG Monitor 27,3,Displays,Monitors,1,25000,0,18000,Cash,Heather Thompson,+1-584-953-2603x309,
OFF-20250416-UIWN-3223,2025-04-16,Anton,EMP-001,ASUS ROG Monitor 27,6,Displays,Monitors,2,25000,0,18000,UPI,Samuel Diaz,677-774-2689,
OFF-20250413-ORF6-3224,2025-04-13,Anton,EMP-001,ASUS ROG Monitor 27,20,Displays,Monitors,2,25000,0,18000,Debit Card,Walk-in,(658)660-0518,
OFF-20211023-HPSH-3225,2021-10-23,Anton,EMP-001,Corsair 32GB RAM,16,Components,RAM,2,9000,1500,6000,Credit Card,Keith Petersen,285-763-2897,
OFF-20240602-JWM0-3226,2024-06-02,John Smith,EMP-003,Logitech WebCam C920,3,Accessories,Webcams,1,6000,0,3500,Cash,Walk-in,,
OFF-20241108-TP4V-3227,2024-11-08,Anton,EMP-001,NZXT H510 Case,1,Components,Cases,2,7000,500,4500,UPI,Walk-in,575-757-4655x2532,Main lawyer floor mean amount tree.
OFF-20240429-38FI-3228,2024-04-29,John Smith,EMP-003,Corsair 32GB RAM,4,Components,RAM,1,9000,0,6000,Credit Card,Nathaniel Thompson,001-248-478-4327x540,Produce sea than eye everything million might.
OFF-20221028-MPPJ-3229,2022-10-28,John Smith,EMP-003,Samsung 980 PRO 1TB,17,Components,Storage,1,8000,0,5500,Credit Card,Jay Shaw,(483)512-5651,
OFF-20211123-IEI5-3230,2021-11-23,Anton,EMP-001,Logitech MX Master 3,7,Accessories,Mice,3,8500,0,5000,UPI,Vanessa Tran,,
OFF-20251201-3JZL-3231,2025-12-01,John Smith,EMP-003,Logitech WebCam C920,8,Accessories,Webcams,2,6000,500,3500,Debit Card,Jamie Collins,(631)413-9076,Company late throw exist.
OFF-20220720-5QOW-3232,2022-07-20,Anton,EMP-001,Samsung 980 PRO 1TB,12,Components,Storage,1,8000,0,5500,Cash,Sandra Oconnor,5493887145,Issue sea happen hospital adult.
OFF-20230808-OV45-3233,2023-08-08,John Smith,EMP-003,Samsung 980 PRO 1TB,13,Components,Storage,1,8000,0,5500,Credit Card,Walk-in,(663)628-7378,
OFF-20240307-T4FP-3234,2024-03-07,John Smith,EMP-003,Logitech WebCam C920,18,Accessories,Webcams,3,6000,500,3500,Debit Card,Amanda Miller,291.596.4005,
OFF-20210909-ICF8-3235,2021-09-09,Jane Doe,EMP-002,ASUS ROG Monitor 27,11,Displays,Monitors,1,25000,0,18000,UPI,Thomas Mitchell,+1-998-911-7036x549,
OFF-20240105-O7J9-3236,2024-01-05,Anton,EMP-001,Corsair 32GB RAM,11,Components,RAM,2,9000,0,6000,Cash,Melissa Thomas,,
OFF-20230811-W5O8-3237,2023-08-11,John Smith,EMP-003,Logitech WebCam C920,2,Accessories,Webcams,3,6000,1500,3500,Cash,Walk-in,438.640.3832x896,Close bit really particularly firm.
OFF-20250513-YW3W-3238,2025-05-13,John Smith,EMP-003,ASUS ROG Monitor 27,13,Displays,Monitors,1,25000,0,18000,Debit Card,Tiffany Thomas,,
OFF-20231015-Q6B5-3239,2023-10-15,Anton,EMP-001,ASUS ROG Monitor 27,9,Displays,Monitors,2,25000,1500,18000,Cash,Elizabeth Shaw,529-843-7720x408,
OFF-20241215-NQQ7-3240,2024-12-15,Jane Doe,EMP-002,ASUS ROG Monitor 27,9,Displays,Monitors,2,25000,0,18000,Debit Card,Walk-in,,
OFF-20251224-A9JN-3241,2025-12-24,Jane Doe,EMP-002,ASUS ROG Monitor 27,12,Displays,Monitors,1,25000,0,18000,Credit Card,Jeremiah Collins,,
OFF-20240923-OT1E-3242,2024-09-23,Anton,EMP-001,RTX 4070 Ti,5,Components,GPU,2,75000,1500,60000,Cash,Allison Cooper,927.339.4057x41070,
OFF-20251120-8OI1-3243,2025-11-20,Jane Doe,EMP-002,Logitech MX Master 3,11,Accessories,Mice,1,8500,0,5000,Debit Card,Heather Smith,,
OFF-20240620-LD1Z-3244,2024-06-20,John Smith,EMP-003,Logitech WebCam C920,10,Accessories,Webcams,1,6000,0,3500,Cash,Walk-in,320.346.7856,
OFF-20220102-6CCJ-3245,2022-01-02,Anton,EMP-001,Intel Core i7 13700K,6,Components,CPU,3,35000,0,28000,Cash,Alexander Hughes,,
OFF-20230612-3M5L-3246,2023-06-12,Jane Doe,EMP-002,Gaming PC Build,9,Desktops,Gaming PC,2,85000,500,65000,Debit Card,Walk-in,,
OFF-20250703-9T1L-3247,2025-07-03,Jane Doe,EMP-002,Razer BlackWidow,8,Accessories,Keyboards,2,12000,0,8000,UPI,Rachel Buckley,,
OFF-20250527-7D3M-3248,2025-05-27,Jane Doe,EMP-002,Gaming PC Build,8,Desktops,Gaming PC,1,85000,0,65000,UPI,Elizabeth Freeman,,
OFF-20240719-B36X-3249,2024-07-19,John Smith,EMP-003,Gaming PC Build,15,Desktops,Gaming PC,2,85000,500,65000,UPI,Walk-in,,Carry assume exactly out.
OFF-20231114-FGJ2-3250,2023-11-14,John Smith,EMP-003,Samsung 980 PRO 1TB,13,Components,Storage,2,8000,0,5500,Cash,Walk-in,611.272.5057,
OFF-20240717-XGC6-3251,2024-07-17,Anton,EMP-001,ASUS ROG Monitor 27,9,Displays,Monitors,2,25000,0,18000,Credit Card,Jonathan Cook,(547)272-4470x09391,Such when set despite nearly.
OFF-20240326-NEW3-3252,2024-03-26,Anton,EMP-001,ASUS ROG Monitor 27,7,Displays,Monitors,2,25000,500,18000,Credit Card,Walk-in,373.654.5324,
OFF-20250714-76G5-3253,2025-07-14,John Smith,EMP-003,Logitech WebCam C920,16,Accessories,Webcams,2,6000,1000,3500,Debit Card,Katrina Castro,,Manage general purpose different TV tax.
OFF-20231123-4FF0-3254,2023-11-23,John Smith,EMP-003,Samsung 980 PRO 1TB,20,Components,Storage,1,8000,500,5500,Debit Card,Frank Johnson,(530)272-3603x367,
OFF-20220812-VQHU-3255,2022-08-12,Jane Doe,EMP-002,ASUS ROG Monitor 27,12,Displays,Monitors,1,25000,500,18000,Cash,Walk-in,,
OFF-20251005-HJF5-3256,2025-10-05,Jane Doe,EMP-002,Samsung 980 PRO 1TB,1,Components,Storage,3,8000,0,5500,Debit Card,Walk-in,,Something traditional treat brother process time about.
OFF-20210910-M9JT-3257,2021-09-10,Jane Doe,EMP-002,Corsair 32GB RAM,5,Components,RAM,1,9000,1500,6000,Credit Card,Joshua Taylor,,Receive traditional husband develop.
OFF-20230703-8FO7-3258,2023-07-03,Anton,EMP-001,Samsung 980 PRO 1TB,19,Components,Storage,1,8000,1000,5500,UPI,Walk-in,,Back fund section arrive machine.
OFF-20230109-R0IU-3259,2023-01-09,Anton,EMP-001,Logitech MX Master 3,11,Accessories,Mice,3,8500,1000,5000,UPI,Dr. Pamela Johnson,,
OFF-20240116-BFCR-3260,2024-01-16,John Smith,EMP-003,Samsung 980 PRO 1TB,4,Components,Storage,3,8000,500,5500,Cash,Rebecca Moore,,
OFF-20260401-3NMM-3261,2026-04-01,John Smith,EMP-003,ASUS ROG Monitor 27,1,Displays,Monitors,3,25000,1000,18000,Credit Card,Dillon Higgins,+1-286-559-1320x2516,
OFF-20220522-7BJ7-3262,2022-05-22,Anton,EMP-001,Samsung 980 PRO 1TB,17,Components,Storage,2,8000,0,5500,Debit Card,Michael Morrison,606-577-0577x019,
OFF-20220313-MTKX-3263,2022-03-13,Anton,EMP-001,Razer BlackWidow,17,Accessories,Keyboards,3,12000,1000,8000,Cash,Ryan Graham,666.361.3927,
OFF-20220603-CXMB-3264,2022-06-03,John Smith,EMP-003,Gaming PC Build,5,Desktops,Gaming PC,3,85000,500,65000,Debit Card,William Baker,,
OFF-20230305-QJF6-3265,2023-03-05,John Smith,EMP-003,Intel Core i7 13700K,17,Components,CPU,2,35000,500,28000,Debit Card,Nathan Hernandez,493.627.8076x8948,
OFF-20251218-SFEZ-3266,2025-12-18,Jane Doe,EMP-002,NZXT H510 Case,10,Components,Cases,3,7000,500,4500,Credit Card,Jonathan Gates,(524)729-4927,
OFF-20250908-RBFM-3267,2025-09-08,John Smith,EMP-003,ASUS ROG Monitor 27,14,Displays,Monitors,3,25000,1000,18000,Credit Card,Carolyn Kelley,,
OFF-20211002-LFZI-3268,2021-10-02,Jane Doe,EMP-002,Logitech MX Master 3,7,Accessories,Mice,1,8500,1000,5000,UPI,Rachel Smith,714-361-3755x61857,
OFF-20230711-SBAA-3269,2023-07-11,Anton,EMP-001,Gaming PC Build,14,Desktops,Gaming PC,1,85000,500,65000,UPI,Dawn Bradley,,
OFF-20221012-SNA7-3270,2022-10-12,John Smith,EMP-003,Logitech WebCam C920,7,Accessories,Webcams,1,6000,0,3500,Credit Card,Tina Williams,619-548-9478,
OFF-20240808-KSX9-3271,2024-08-08,Jane Doe,EMP-002,NZXT H510 Case,2,Components,Cases,1,7000,1000,4500,Debit Card,Walk-in,470.643.0576x783,
OFF-20260101-6IVS-3272,2026-01-01,John Smith,EMP-003,Logitech MX Master 3,2,Accessories,Mice,2,8500,0,5000,Debit Card,Joseph Peters,,
OFF-20220831-GKS7-3273,2022-08-31,Jane Doe,EMP-002,Intel Core i7 13700K,16,Components,CPU,3,35000,1000,28000,Debit Card,Brandon Blackwell,4123668515,
OFF-20221219-X1TO-3274,2022-12-19,Jane Doe,EMP-002,Logitech MX Master 3,17,Accessories,Mice,1,8500,1500,5000,Credit Card,Gordon Hull,713-875-5696x365,
OFF-20211109-80IE-3275,2021-11-09,Jane Doe,EMP-002,Samsung 980 PRO 1TB,1,Components,Storage,2,8000,500,5500,Credit Card,Marissa Church MD,,Personal number I large practice many.
OFF-20231208-R87Q-3276,2023-12-08,John Smith,EMP-003,Intel Core i7 13700K,3,Components,CPU,3,35000,0,28000,Debit Card,Lisa Estes,375-432-1908,Energy ahead hundred third bring.
OFF-20240108-DG3V-3277,2024-01-08,Anton,EMP-001,Logitech WebCam C920,7,Accessories,Webcams,1,6000,0,3500,Cash,Walk-in,,
OFF-20220401-UOPF-3278,2022-04-01,John Smith,EMP-003,Intel Core i7 13700K,14,Components,CPU,3,35000,500,28000,Debit Card,Walk-in,236-213-9434x965,
OFF-20220808-S476-3279,2022-08-08,Anton,EMP-001,RTX 4070 Ti,17,Components,GPU,1,75000,0,60000,Cash,Robert Martin,,
OFF-20250330-DIM9-3280,2025-03-30,Jane Doe,EMP-002,NZXT H510 Case,2,Components,Cases,1,7000,1000,4500,Credit Card,Lee Cannon,,
OFF-20220715-37HQ-3281,2022-07-15,John Smith,EMP-003,Logitech WebCam C920,18,Accessories,Webcams,1,6000,0,3500,Debit Card,Jacqueline Keith,,
OFF-20220830-I7O7-3282,2022-08-30,John Smith,EMP-003,Gaming PC Build,13,Desktops,Gaming PC,3,85000,1000,65000,Credit Card,Walk-in,,
OFF-20210628-G8OP-3283,2021-06-28,Anton,EMP-001,Gaming PC Build,3,Desktops,Gaming PC,1,85000,1500,65000,Debit Card,Cody Wilcox,,
OFF-20250619-DYVB-3284,2025-06-19,Anton,EMP-001,NZXT H510 Case,10,Components,Cases,3,7000,0,4500,Cash,Rachel Cooke,,
OFF-20240125-I34R-3285,2024-01-25,Anton,EMP-001,RTX 4070 Ti,3,Components,GPU,2,75000,1500,60000,Cash,Walk-in,,
OFF-20240219-ES5W-3286,2024-02-19,Jane Doe,EMP-002,ASUS ROG Monitor 27,16,Displays,Monitors,1,25000,1000,18000,UPI,Randy Green,,
OFF-20220903-3EP3-3287,2022-09-03,John Smith,EMP-003,RTX 4070 Ti,17,Components,GPU,2,75000,500,60000,Cash,Walk-in,001-737-525-8143x7359,
OFF-20220214-NV7H-3288,2022-02-14,Anton,EMP-001,Corsair 32GB RAM,13,Components,RAM,2,9000,0,6000,UPI,Eric Washington,,
OFF-20210614-PY39-3289,2021-06-14,Anton,EMP-001,Logitech MX Master 3,2,Accessories,Mice,2,8500,0,5000,UPI,Clayton Dickerson,552-848-8009,Part may song TV describe rise.
OFF-20240331-9SWW-3290,2024-03-31,Anton,EMP-001,Logitech MX Master 3,8,Accessories,Mice,2,8500,500,5000,Credit Card,Walk-in,,
OFF-20240203-NFLZ-3291,2024-02-03,John Smith,EMP-003,Gaming PC Build,14,Desktops,Gaming PC,2,85000,0,65000,Credit Card,Alexander Anderson,,
OFF-20221014-IVYV-3292,2022-10-14,Anton,EMP-001,Gaming PC Build,15,Desktops,Gaming PC,3,85000,0,65000,Debit Card,Walk-in,001-517-478-5653x063,
OFF-20241023-ZPFA-3293,2024-10-23,Anton,EMP-001,Samsung 980 PRO 1TB,18,Components,Storage,2,8000,1500,5500,Debit Card,Walk-in,604.837.9196x19622,
OFF-20240221-PHWP-3294,2024-02-21,Anton,EMP-001,Gaming PC Build,6,Desktops,Gaming PC,3,85000,0,65000,Debit Card,Walk-in,,
OFF-20250305-8OPF-3295,2025-03-05,Anton,EMP-001,Razer BlackWidow,5,Accessories,Keyboards,1,12000,0,8000,Credit Card,Anthony Davis,,
OFF-20231111-BMS6-3296,2023-11-11,Jane Doe,EMP-002,ASUS ROG Monitor 27,16,Displays,Monitors,3,25000,0,18000,Debit Card,Patricia Flores,,
OFF-20241226-HW8J-3297,2024-12-26,Jane Doe,EMP-002,Intel Core i7 13700K,16,Components,CPU,2,35000,0,28000,Debit Card,Felicia Chen,,By but TV stage.
OFF-20260312-M0PF-3298,2026-03-12,Anton,EMP-001,Logitech WebCam C920,14,Accessories,Webcams,1,6000,0,3500,Cash,David Gonzalez,,
OFF-20211223-XCN6-3299,2021-12-23,Anton,EMP-001,RTX 4070 Ti,6,Components,GPU,3,75000,0,60000,Cash,Walk-in,,
OFF-20230928-DW5S-3300,2023-09-28,John Smith,EMP-003,NZXT H510 Case,19,Components,Cases,2,7000,1000,4500,UPI,Paul Stephens,,
OFF-20210614-TLXP-3301,2021-06-14,John Smith,EMP-003,Logitech MX Master 3,20,Accessories,Mice,2,8500,1500,5000,UPI,Theodore Robinson,,
OFF-20210510-423U-3302,2021-05-10,Jane Doe,EMP-002,Gaming PC Build,3,Desktops,Gaming PC,2,85000,500,65000,UPI,Walk-in,310-306-4883x8392,
OFF-20221120-QD86-3303,2022-11-20,John Smith,EMP-003,Samsung 980 PRO 1TB,5,Components,Storage,2,8000,0,5500,Cash,Michael Thomas,001-682-754-1024x51785,
OFF-20231125-3VLR-3304,2023-11-25,John Smith,EMP-003,Corsair 32GB RAM,9,Components,RAM,2,9000,0,6000,Cash,Robert Jimenez,001-656-417-7515x577,
OFF-20230322-ECNS-3305,2023-03-22,Anton,EMP-001,Samsung 980 PRO 1TB,7,Components,Storage,3,8000,500,5500,Cash,Walk-in,,North score can week ever find.
OFF-20260104-CZ2G-3306,2026-01-04,John Smith,EMP-003,Razer BlackWidow,3,Accessories,Keyboards,1,12000,500,8000,UPI,John Bradshaw,,
OFF-20221110-MXU4-3307,2022-11-10,Jane Doe,EMP-002,ASUS ROG Monitor 27,4,Displays,Monitors,2,25000,500,18000,Debit Card,Charles Perez,870.616.6382,
OFF-20240101-PCT9-3308,2024-01-01,John Smith,EMP-003,Logitech WebCam C920,2,Accessories,Webcams,2,6000,1000,3500,Cash,Walk-in,,
OFF-20230628-JPCU-3309,2023-06-28,Anton,EMP-001,Gaming PC Build,17,Desktops,Gaming PC,1,85000,0,65000,UPI,Edgar Lawrence,,
OFF-20230720-M70O-3310,2023-07-20,Jane Doe,EMP-002,Samsung 980 PRO 1TB,20,Components,Storage,3,8000,0,5500,UPI,Walk-in,,
OFF-20211010-DULZ-3311,2021-10-10,John Smith,EMP-003,Samsung 980 PRO 1TB,9,Components,Storage,1,8000,1500,5500,Cash,Courtney Robinson,(523)237-8575,
OFF-20221016-ZMDH-3312,2022-10-16,Jane Doe,EMP-002,Intel Core i7 13700K,14,Components,CPU,2,35000,0,28000,UPI,Scott Jennings,249.794.9505,Onto stand peace stop particularly.
OFF-20220227-VV6J-3313,2022-02-27,John Smith,EMP-003,NZXT H510 Case,3,Components,Cases,1,7000,500,4500,Credit Card,Alyssa Sanders,(279)203-8816,
OFF-20251101-7SSJ-3314,2025-11-01,Anton,EMP-001,Razer BlackWidow,11,Accessories,Keyboards,2,12000,500,8000,UPI,Melinda Williams,519-863-6084,
OFF-20260125-6MTR-3315,2026-01-25,Anton,EMP-001,RTX 4070 Ti,17,Components,GPU,1,75000,1500,60000,UPI,Gavin Sullivan,,
OFF-20250701-AOTS-3316,2025-07-01,Anton,EMP-001,Gaming PC Build,18,Desktops,Gaming PC,2,85000,0,65000,Credit Card,Julia Murphy,560.302.7757x5168,Effect top avoid last.
OFF-20220809-VSJ9-3317,2022-08-09,John Smith,EMP-003,RTX 4070 Ti,11,Components,GPU,1,75000,0,60000,Credit Card,Walk-in,221-510-2586x9553,Eye later skin single likely.
OFF-20240822-NZVS-3318,2024-08-22,Anton,EMP-001,Logitech WebCam C920,5,Accessories,Webcams,1,6000,1000,3500,Cash,Walk-in,,
OFF-20240101-AA3G-3319,2024-01-01,Anton,EMP-001,Logitech WebCam C920,7,Accessories,Webcams,3,6000,0,3500,Cash,Peter Frazier,,
OFF-20230908-N8CC-3320,2023-09-08,Anton,EMP-001,Samsung 980 PRO 1TB,17,Components,Storage,3,8000,1000,5500,Cash,Walk-in,,
OFF-20220811-OG5A-3321,2022-08-11,Jane Doe,EMP-002,Gaming PC Build,1,Desktops,Gaming PC,3,85000,0,65000,Credit Card,Alyssa Singleton,,
OFF-20250123-MALQ-3322,2025-01-23,Jane Doe,EMP-002,NZXT H510 Case,9,Components,Cases,2,7000,1500,4500,Cash,Cameron Chandler,,History measure subject check six land.
OFF-20210813-IAU1-3323,2021-08-13,John Smith,EMP-003,Razer BlackWidow,16,Accessories,Keyboards,3,12000,1000,8000,UPI,Veronica Snyder,,
OFF-20230202-CQMI-3324,2023-02-02,Anton,EMP-001,Samsung 980 PRO 1TB,5,Components,Storage,3,8000,0,5500,UPI,Teresa Frank,,Sister consider himself young fire.
OFF-20221121-6R15-3325,2022-11-21,John Smith,EMP-003,Gaming PC Build,4,Desktops,Gaming PC,1,85000,0,65000,UPI,Katie Jones,,
OFF-20210612-519J-3326,2021-06-12,Jane Doe,EMP-002,Samsung 980 PRO 1TB,14,Components,Storage,2,8000,0,5500,Debit Card,Jared Kelley,001-307-206-9556x07118,
OFF-20220205-5QMG-3327,2022-02-05,Jane Doe,EMP-002,Corsair 32GB RAM,10,Components,RAM,2,9000,0,6000,Cash,Miss Allison Lopez DDS,,
OFF-20230228-EJW1-3328,2023-02-28,John Smith,EMP-003,NZXT H510 Case,16,Components,Cases,3,7000,0,4500,Credit Card,Elizabeth Curry,571-525-8783x1963,
OFF-20240311-S65M-3329,2024-03-11,Anton,EMP-001,RTX 4070 Ti,3,Components,GPU,1,75000,500,60000,Cash,Walk-in,,
OFF-20220720-UV2W-3330,2022-07-20,Anton,EMP-001,Intel Core i7 13700K,8,Components,CPU,1,35000,1500,28000,Cash,Paula Robinson,874-881-8893,
OFF-20250625-3UCA-3331,2025-06-25,John Smith,EMP-003,Razer BlackWidow,17,Accessories,Keyboards,2,12000,500,8000,Cash,Walk-in,(758)947-3038,
OFF-20240609-9TNC-3332,2024-06-09,Jane Doe,EMP-002,RTX 4070 Ti,11,Components,GPU,3,75000,0,60000,Credit Card,Heather Walker,,
OFF-20220126-1OJA-3333,2022-01-26,John Smith,EMP-003,RTX 4070 Ti,1,Components,GPU,1,75000,500,60000,Debit Card,Andrea Patel,551-993-4328x69360,
OFF-20230228-24TD-3334,2023-02-28,John Smith,EMP-003,RTX 4070 Ti,5,Components,GPU,1,75000,1000,60000,Cash,Albert Mayer,(332)755-3920,
OFF-20260402-I6GO-3335,2026-04-02,John Smith,EMP-003,Samsung 980 PRO 1TB,8,Components,Storage,3,8000,0,5500,Credit Card,Sherry Vasquez,,
OFF-20260118-DMED-3336,2026-01-18,Jane Doe,EMP-002,Razer BlackWidow,19,Accessories,Keyboards,3,12000,1500,8000,Cash,Walk-in,,
OFF-20210428-RVX4-3337,2021-04-28,John Smith,EMP-003,Gaming PC Build,13,Desktops,Gaming PC,3,85000,1500,65000,Credit Card,Ms. Bailey King,6217892481,
OFF-20211010-MRFL-3338,2021-10-10,Anton,EMP-001,ASUS ROG Monitor 27,4,Displays,Monitors,1,25000,0,18000,UPI,Walk-in,,
OFF-20251106-8B4W-3339,2025-11-06,Jane Doe,EMP-002,Logitech WebCam C920,5,Accessories,Webcams,3,6000,1000,3500,Credit Card,James Cherry,,
OFF-20230608-PVP8-3340,2023-06-08,Anton,EMP-001,Samsung 980 PRO 1TB,19,Components,Storage,3,8000,1500,5500,UPI,Walk-in,461-865-5556x2622,
OFF-20230505-6GZO-3341,2023-05-05,Jane Doe,EMP-002,Gaming PC Build,12,Desktops,Gaming PC,1,85000,0,65000,UPI,James Sanchez,,
OFF-20250221-6G84-3342,2025-02-21,Jane Doe,EMP-002,ASUS ROG Monitor 27,14,Displays,Monitors,2,25000,0,18000,Cash,Walk-in,001-379-368-6525x8292,
OFF-20230830-8QQ6-3343,2023-08-30,Anton,EMP-001,Intel Core i7 13700K,12,Components,CPU,1,35000,0,28000,Credit Card,Troy Anderson,,
OFF-20251129-6N2H-3344,2025-11-29,John Smith,EMP-003,Corsair 32GB RAM,6,Components,RAM,3,9000,1500,6000,Cash,Melissa Diaz,769.397.1902,
OFF-20240704-34DA-3345,2024-07-04,John Smith,EMP-003,RTX 4070 Ti,13,Components,GPU,3,75000,1000,60000,UPI,Walk-in,+1-885-754-5513,
OFF-20221230-4NX6-3346,2022-12-30,Anton,EMP-001,ASUS ROG Monitor 27,4,Displays,Monitors,3,25000,0,18000,Debit Card,Jaclyn Thompson,,
OFF-20240601-G76P-3347,2024-06-01,Anton,EMP-001,Intel Core i7 13700K,18,Components,CPU,2,35000,1000,28000,Cash,Mark Johnson,,Book whether than direction.
OFF-20250206-S2YD-3348,2025-02-06,Jane Doe,EMP-002,Corsair 32GB RAM,12,Components,RAM,3,9000,0,6000,Debit Card,Erik Jenkins,,
OFF-20220716-SW3L-3349,2022-07-16,Anton,EMP-001,Logitech WebCam C920,4,Accessories,Webcams,3,6000,1000,3500,Credit Card,Walk-in,,
OFF-20230313-VG5I-3350,2023-03-13,John Smith,EMP-003,Samsung 980 PRO 1TB,9,Components,Storage,2,8000,0,5500,UPI,Katie Hoffman,,
OFF-20211029-IZ5Y-3351,2021-10-29,Anton,EMP-001,ASUS ROG Monitor 27,9,Displays,Monitors,1,25000,0,18000,UPI,Jeanette Morales,001-789-616-3833,
OFF-20260329-1W66-3352,2026-03-29,John Smith,EMP-003,Corsair 32GB RAM,2,Components,RAM,1,9000,0,6000,Debit Card,Rachel Finley,(752)807-1482x42911,
OFF-20241213-DF3K-3353,2024-12-13,Jane Doe,EMP-002,Samsung 980 PRO 1TB,17,Components,Storage,1,8000,0,5500,Cash,Walk-in,(620)606-2224,
OFF-20250523-8W5X-3354,2025-05-23,Jane Doe,EMP-002,Logitech MX Master 3,2,Accessories,Mice,2,8500,1500,5000,Cash,Susan Foley,532.282.3696x4629,
OFF-20210504-K51E-3355,2021-05-04,Jane Doe,EMP-002,Logitech WebCam C920,6,Accessories,Webcams,2,6000,1000,3500,Credit Card,Alan Santiago,,
OFF-20240416-THAL-3356,2024-04-16,John Smith,EMP-003,Gaming PC Build,3,Desktops,Gaming PC,2,85000,1000,65000,Debit Card,Jason Martinez,617.396.0328x8148,
OFF-20260114-QHQJ-3357,2026-01-14,John Smith,EMP-003,Intel Core i7 13700K,2,Components,CPU,1,35000,1000,28000,Debit Card,Mary Delgado,777.219.5003,
OFF-20220314-4ICU-3358,2022-03-14,Jane Doe,EMP-002,Samsung 980 PRO 1TB,6,Components,Storage,1,8000,0,5500,Cash,Kenneth Fleming,,
OFF-20220911-8SB6-3359,2022-09-11,Anton,EMP-001,Logitech MX Master 3,10,Accessories,Mice,1,8500,0,5000,Credit Card,Gina Moore,001-949-921-4932,
OFF-20240925-6JL0-3360,2024-09-25,John Smith,EMP-003,Samsung 980 PRO 1TB,8,Components,Storage,2,8000,0,5500,Cash,Karen Townsend,001-335-646-6842x8479,
OFF-20210824-Q31X-3361,2021-08-24,Anton,EMP-001,Gaming PC Build,11,Desktops,Gaming PC,1,85000,1000,65000,Cash,Walk-in,(739)226-9323x67211,
OFF-20220120-BH5T-3362,2022-01-20,Anton,EMP-001,NZXT H510 Case,1,Components,Cases,1,7000,1000,4500,Cash,Walk-in,515.356.0643x255,
OFF-20241110-08O7-3363,2024-11-10,Jane Doe,EMP-002,RTX 4070 Ti,9,Components,GPU,2,75000,1500,60000,UPI,Marissa Coleman,302.651.9459x14820,
OFF-20240226-0JXX-3364,2024-02-26,Anton,EMP-001,Corsair 32GB RAM,7,Components,RAM,3,9000,1000,6000,Cash,Carol Taylor,648.737.5536,
OFF-20230722-VJ7M-3365,2023-07-22,Anton,EMP-001,Gaming PC Build,19,Desktops,Gaming PC,1,85000,1500,65000,Debit Card,Whitney Walters,+1-650-853-1474x9855,
OFF-20230819-MW27-3366,2023-08-19,Anton,EMP-001,Intel Core i7 13700K,20,Components,CPU,3,35000,500,28000,Cash,Melissa Flores,,
OFF-20220922-KTZB-3367,2022-09-22,John Smith,EMP-003,RTX 4070 Ti,1,Components,GPU,1,75000,1000,60000,UPI,Mr. Raymond Walker,(511)930-3139x560,
OFF-20230323-BGAO-3368,2023-03-23,John Smith,EMP-003,Logitech MX Master 3,10,Accessories,Mice,1,8500,500,5000,UPI,Alicia Stephens,347.342.1210x766,
OFF-20220126-WKFG-3369,2022-01-26,Anton,EMP-001,Logitech MX Master 3,11,Accessories,Mice,2,8500,0,5000,Debit Card,Marissa Reynolds,637-284-9451x802,
OFF-20250228-62P9-3370,2025-02-28,Anton,EMP-001,Samsung 980 PRO 1TB,6,Components,Storage,2,8000,0,5500,Cash,Walk-in,559.263.5589,Foreign girl system risk.
OFF-20210905-842U-3371,2021-09-05,Anton,EMP-001,Intel Core i7 13700K,6,Components,CPU,2,35000,1500,28000,Cash,Matthew Weiss,,
OFF-20250917-7VCG-3372,2025-09-17,John Smith,EMP-003,Logitech WebCam C920,8,Accessories,Webcams,3,6000,500,3500,Credit Card,Michael Bird,,
OFF-20230722-A3B0-3373,2023-07-22,Anton,EMP-001,Samsung 980 PRO 1TB,12,Components,Storage,1,8000,0,5500,Cash,Jonathan Bennett,,
OFF-20221110-PI9A-3374,2022-11-10,John Smith,EMP-003,Razer BlackWidow,1,Accessories,Keyboards,2,12000,0,8000,Debit Card,Ana Swanson,365-414-0182x552,
OFF-20230823-S5FH-3375,2023-08-23,Jane Doe,EMP-002,Logitech MX Master 3,11,Accessories,Mice,3,8500,0,5000,Debit Card,Stacy Gutierrez,+1-730-899-7662x54186,
OFF-20220919-WTEY-3376,2022-09-19,Anton,EMP-001,ASUS ROG Monitor 27,19,Displays,Monitors,3,25000,1000,18000,Debit Card,Walk-in,(602)583-1302x3734,
OFF-20230709-4Y8N-3377,2023-07-09,John Smith,EMP-003,ASUS ROG Monitor 27,19,Displays,Monitors,1,25000,0,18000,Cash,Bradley Perry,,
OFF-20230420-O7U0-3378,2023-04-20,Jane Doe,EMP-002,Samsung 980 PRO 1TB,17,Components,Storage,1,8000,500,5500,Credit Card,Nichole Moreno,,
OFF-20240611-PJX2-3379,2024-06-11,Jane Doe,EMP-002,Logitech MX Master 3,2,Accessories,Mice,2,8500,0,5000,Debit Card,Taylor Hall,,
OFF-20220329-8DGT-3380,2022-03-29,Jane Doe,EMP-002,Razer BlackWidow,4,Accessories,Keyboards,3,12000,0,8000,Debit Card,Dale Garcia,(979)205-6755x70035,Environmental activity choice modern American student.
OFF-20220717-C6AU-3381,2022-07-17,Anton,EMP-001,NZXT H510 Case,11,Components,Cases,1,7000,0,4500,Cash,Lauren Johnson,,
OFF-20260324-U3XP-3382,2026-03-24,Anton,EMP-001,Razer BlackWidow,2,Accessories,Keyboards,3,12000,0,8000,Cash,Hayden Alvarez,,Voice interest and guess camera.
OFF-20220810-SVQH-3383,2022-08-10,John Smith,EMP-003,Logitech MX Master 3,17,Accessories,Mice,1,8500,0,5000,UPI,Juan Shah,407-798-9790,
OFF-20231129-CHTV-3384,2023-11-29,Jane Doe,EMP-002,Razer BlackWidow,5,Accessories,Keyboards,3,12000,0,8000,Debit Card,Melinda Fischer,,
OFF-20240605-NCO1-3385,2024-06-05,John Smith,EMP-003,NZXT H510 Case,5,Components,Cases,1,7000,0,4500,Debit Card,Anthony Vazquez,,
OFF-20240417-NFFD-3386,2024-04-17,John Smith,EMP-003,Corsair 32GB RAM,5,Components,RAM,2,9000,0,6000,Debit Card,Walk-in,888-721-4208x4559,
OFF-20220814-6Y2I-3387,2022-08-14,John Smith,EMP-003,Intel Core i7 13700K,14,Components,CPU,2,35000,1000,28000,UPI,Haley Lawrence,001-890-688-7652x3875,
OFF-20230206-G6RH-3388,2023-02-06,John Smith,EMP-003,Intel Core i7 13700K,14,Components,CPU,3,35000,1000,28000,Cash,Beth Rhodes,,
OFF-20240414-SAGK-3389,2024-04-14,John Smith,EMP-003,Logitech WebCam C920,13,Accessories,Webcams,2,6000,0,3500,UPI,Walk-in,2376325653,
OFF-20250312-SZIY-3390,2025-03-12,Anton,EMP-001,Samsung 980 PRO 1TB,3,Components,Storage,1,8000,0,5500,UPI,Walk-in,841.757.7699,
OFF-20260328-T4PM-3391,2026-03-28,Anton,EMP-001,NZXT H510 Case,10,Components,Cases,1,7000,0,4500,Credit Card,Danielle Schultz,,
OFF-20210525-2SMO-3392,2021-05-25,Anton,EMP-001,RTX 4070 Ti,20,Components,GPU,1,75000,1500,60000,Credit Card,Jamie Wright,(518)400-2826x797,
OFF-20240606-HZ0M-3393,2024-06-06,Anton,EMP-001,ASUS ROG Monitor 27,11,Displays,Monitors,1,25000,500,18000,Credit Card,Walk-in,+1-254-598-0688x523,Raise painting call of.
OFF-20240410-M3P9-3394,2024-04-10,Anton,EMP-001,RTX 4070 Ti,2,Components,GPU,2,75000,0,60000,UPI,Walk-in,,Area every continue cover candidate everyone hour.
OFF-20230126-6NPL-3395,2023-01-26,John Smith,EMP-003,RTX 4070 Ti,10,Components,GPU,3,75000,1500,60000,Credit Card,Melanie Hudson,7728327904,
OFF-20230222-99ZU-3396,2023-02-22,Jane Doe,EMP-002,Samsung 980 PRO 1TB,14,Components,Storage,1,8000,0,5500,Credit Card,Walk-in,,
OFF-20230809-VX1M-3397,2023-08-09,Jane Doe,EMP-002,Corsair 32GB RAM,11,Components,RAM,1,9000,1000,6000,Debit Card,Walk-in,+1-445-328-3230x8797,
OFF-20220506-I2R9-3398,2022-05-06,Jane Doe,EMP-002,Intel Core i7 13700K,7,Components,CPU,2,35000,1000,28000,Debit Card,Jacqueline Estes,+1-876-369-8704x30707,
OFF-20241127-9AAX-3399,2024-11-27,Jane Doe,EMP-002,Corsair 32GB RAM,18,Components,RAM,1,9000,0,6000,Credit Card,Susan Boyd,,
OFF-20210703-L6T5-3400,2021-07-03,Anton,EMP-001,Logitech MX Master 3,7,Accessories,Mice,2,8500,1000,5000,UPI,Troy Trevino,(225)730-7817,
OFF-20220812-Q1NO-3401,2022-08-12,Jane Doe,EMP-002,Samsung 980 PRO 1TB,12,Components,Storage,2,8000,0,5500,Cash,Tracey Merritt,,Simply marriage simply road.
OFF-20220126-BFQC-3402,2022-01-26,Anton,EMP-001,Samsung 980 PRO 1TB,16,Components,Storage,3,8000,0,5500,Debit Card,Walk-in,415-282-4516,
OFF-20260128-GR32-3403,2026-01-28,Anton,EMP-001,Logitech WebCam C920,15,Accessories,Webcams,2,6000,500,3500,Credit Card,David Hernandez,,
OFF-20230606-AQE8-3404,2023-06-06,John Smith,EMP-003,Logitech WebCam C920,7,Accessories,Webcams,3,6000,0,3500,Cash,Sean Dixon,,
OFF-20211228-1D2X-3405,2021-12-28,John Smith,EMP-003,NZXT H510 Case,14,Components,Cases,2,7000,0,4500,Cash,Deborah Lamb,,Without down community.
OFF-20211122-YPT0-3406,2021-11-22,John Smith,EMP-003,Logitech WebCam C920,4,Accessories,Webcams,1,6000,1000,3500,Debit Card,Allison Woodward,5333017313,
OFF-20230714-IHQM-3407,2023-07-14,Anton,EMP-001,ASUS ROG Monitor 27,7,Displays,Monitors,1,25000,1000,18000,Credit Card,Amanda Harvey,,
OFF-20211118-IBT5-3408,2021-11-18,Jane Doe,EMP-002,Samsung 980 PRO 1TB,10,Components,Storage,3,8000,0,5500,UPI,Walk-in,(389)551-1225x1304,
OFF-20230901-TPPQ-3409,2023-09-01,John Smith,EMP-003,Razer BlackWidow,14,Accessories,Keyboards,3,12000,1000,8000,Cash,Katelyn James,,
OFF-20220916-DJO3-3410,2022-09-16,John Smith,EMP-003,RTX 4070 Ti,7,Components,GPU,3,75000,0,60000,UPI,Heather Miles,(914)313-1429x3985,
OFF-20240616-UTVJ-3411,2024-06-16,John Smith,EMP-003,Gaming PC Build,12,Desktops,Gaming PC,1,85000,0,65000,Cash,Walk-in,,
OFF-20241117-EAAN-3412,2024-11-17,Jane Doe,EMP-002,RTX 4070 Ti,12,Components,GPU,2,75000,1500,60000,Credit Card,Walk-in,836-209-1762x4940,A guess both top soon also.
OFF-20231120-NGC5-3413,2023-11-20,John Smith,EMP-003,NZXT H510 Case,17,Components,Cases,2,7000,1000,4500,Debit Card,Amanda Myers,001-454-670-4235x386,
OFF-20220128-4D21-3414,2022-01-28,John Smith,EMP-003,Gaming PC Build,13,Desktops,Gaming PC,2,85000,0,65000,Debit Card,Walk-in,,Rate even shake campaign.
OFF-20220119-P7U1-3415,2022-01-19,Anton,EMP-001,ASUS ROG Monitor 27,19,Displays,Monitors,1,25000,0,18000,Credit Card,Gerald Watkins,,
OFF-20240227-ZET9-3416,2024-02-27,John Smith,EMP-003,Intel Core i7 13700K,12,Components,CPU,2,35000,1000,28000,Credit Card,Tracey Barton,433-351-3281,Window trip bit would artist at necessary live.
OFF-20230912-ILRV-3417,2023-09-12,John Smith,EMP-003,RTX 4070 Ti,10,Components,GPU,1,75000,500,60000,Debit Card,Kevin Wheeler,001-453-635-0272,Listen class son article camera Republican enjoy.
OFF-20220630-NE43-3418,2022-06-30,Jane Doe,EMP-002,Corsair 32GB RAM,9,Components,RAM,1,9000,0,6000,Cash,Mrs. Katherine Cook,,
OFF-20230823-7E2I-3419,2023-08-23,John Smith,EMP-003,Gaming PC Build,15,Desktops,Gaming PC,1,85000,500,65000,Cash,Walk-in,+1-909-529-4725x767,
OFF-20221113-LT0A-3420,2022-11-13,Jane Doe,EMP-002,RTX 4070 Ti,16,Components,GPU,1,75000,0,60000,Debit Card,Tara Wright,+1-703-296-6709x6734,
OFF-20240129-4D3J-3421,2024-01-29,Jane Doe,EMP-002,Logitech WebCam C920,20,Accessories,Webcams,2,6000,1500,3500,Debit Card,Tyler Rodriguez,,
OFF-20250420-OX9Y-3422,2025-04-20,Anton,EMP-001,Razer BlackWidow,3,Accessories,Keyboards,3,12000,1500,8000,Debit Card,Hannah Jones,373.538.5632,
OFF-20220714-43TR-3423,2022-07-14,John Smith,EMP-003,Logitech MX Master 3,6,Accessories,Mice,2,8500,1000,5000,Credit Card,Joshua Dunn,721.918.5451x25102,
OFF-20240405-4ETB-3424,2024-04-05,John Smith,EMP-003,Intel Core i7 13700K,12,Components,CPU,1,35000,500,28000,Debit Card,Walk-in,(881)422-3793x58895,
OFF-20240216-EZ9M-3425,2024-02-16,Jane Doe,EMP-002,NZXT H510 Case,13,Components,Cases,2,7000,500,4500,Credit Card,Walk-in,,
OFF-20241220-6XVM-3426,2024-12-20,Anton,EMP-001,Corsair 32GB RAM,2,Components,RAM,2,9000,0,6000,Debit Card,Danny Deleon,,
OFF-20221217-YGT9-3427,2022-12-17,John Smith,EMP-003,Razer BlackWidow,18,Accessories,Keyboards,1,12000,0,8000,Debit Card,Walk-in,945-254-9811x7932,
OFF-20210905-XT9U-3428,2021-09-05,Anton,EMP-001,Samsung 980 PRO 1TB,20,Components,Storage,2,8000,1500,5500,Cash,Yvette Crawford,+1-921-883-1940x9071,Add eight professional call ability treatment rock.
OFF-20230307-0FML-3429,2023-03-07,Anton,EMP-001,Logitech MX Master 3,20,Accessories,Mice,3,8500,0,5000,Debit Card,Walk-in,342.303.8478,Concern bring girl early that through firm different.
OFF-20260208-LCLA-3430,2026-02-08,John Smith,EMP-003,Corsair 32GB RAM,5,Components,RAM,2,9000,1000,6000,Debit Card,Walk-in,,Size identify director pull yeah.
OFF-20260310-F6DY-3431,2026-03-10,Jane Doe,EMP-002,Gaming PC Build,18,Desktops,Gaming PC,2,85000,500,65000,Debit Card,William Osborne,987-682-8181x28068,
OFF-20230213-VKIY-3432,2023-02-13,Anton,EMP-001,Razer BlackWidow,7,Accessories,Keyboards,2,12000,1500,8000,UPI,Walk-in,,
OFF-20220413-41K6-3433,2022-04-13,John Smith,EMP-003,Samsung 980 PRO 1TB,6,Components,Storage,1,8000,1500,5500,Cash,William Le,,
OFF-20210408-LUCK-3434,2021-04-08,Anton,EMP-001,ASUS ROG Monitor 27,7,Displays,Monitors,2,25000,0,18000,UPI,Walk-in,502.817.1439x1008,
OFF-20230627-SIR7-3435,2023-06-27,Anton,EMP-001,ASUS ROG Monitor 27,6,Displays,Monitors,3,25000,500,18000,UPI,Anthony Howard,,
OFF-20220203-FLEK-3436,2022-02-03,John Smith,EMP-003,Logitech MX Master 3,2,Accessories,Mice,1,8500,1500,5000,Cash,David Williams,001-943-894-7635x320,
OFF-20211125-4SQD-3437,2021-11-25,Anton,EMP-001,Razer BlackWidow,13,Accessories,Keyboards,2,12000,1500,8000,Debit Card,Daniel Beck,,
OFF-20210628-FWO4-3438,2021-06-28,Anton,EMP-001,Corsair 32GB RAM,3,Components,RAM,1,9000,1500,6000,Cash,Christopher Carr,,Or manage past share.
OFF-20220923-CDCS-3439,2022-09-23,Anton,EMP-001,NZXT H510 Case,18,Components,Cases,3,7000,500,4500,Cash,James Reynolds,7435275967,
OFF-20240721-7VTR-3440,2024-07-21,John Smith,EMP-003,Samsung 980 PRO 1TB,7,Components,Storage,3,8000,0,5500,Cash,Edwin Baker,,
OFF-20210725-1THJ-3441,2021-07-25,Anton,EMP-001,Gaming PC Build,13,Desktops,Gaming PC,1,85000,500,65000,Credit Card,Walk-in,,
OFF-20241023-BKTT-3442,2024-10-23,John Smith,EMP-003,Gaming PC Build,15,Desktops,Gaming PC,3,85000,0,65000,UPI,Jessica Nash DVM,,
OFF-20221102-8YUO-3443,2022-11-02,John Smith,EMP-003,Intel Core i7 13700K,8,Components,CPU,1,35000,1500,28000,UPI,Jacqueline Anderson,,
OFF-20230410-D5PQ-3444,2023-04-10,Anton,EMP-001,Razer BlackWidow,2,Accessories,Keyboards,1,12000,500,8000,Credit Card,Daniel Miranda,,Table reach eight discover car mission.
OFF-20250813-VJ72-3445,2025-08-13,Jane Doe,EMP-002,Gaming PC Build,9,Desktops,Gaming PC,1,85000,0,65000,Credit Card,Heather Harrington,217.905.0259,Nearly brother similar very hospital of.
OFF-20231022-SZQR-3446,2023-10-22,Jane Doe,EMP-002,Corsair 32GB RAM,16,Components,RAM,1,9000,1500,6000,UPI,Daniel Levy,,
OFF-20241223-CCMI-3447,2024-12-23,Anton,EMP-001,Samsung 980 PRO 1TB,8,Components,Storage,3,8000,1500,5500,UPI,Jenna Whitehead,975-991-4678x769,
OFF-20210731-D9B8-3448,2021-07-31,John Smith,EMP-003,Razer BlackWidow,12,Accessories,Keyboards,2,12000,1500,8000,Credit Card,Angelica Mathews,001-995-827-9899x8903,
OFF-20220711-PKQO-3449,2022-07-11,John Smith,EMP-003,Razer BlackWidow,2,Accessories,Keyboards,2,12000,1500,8000,UPI,Carolyn Thompson,,
OFF-20250604-NXSP-3450,2025-06-04,Anton,EMP-001,Logitech WebCam C920,3,Accessories,Webcams,1,6000,0,3500,Credit Card,Patricia Perez,001-937-914-6314x693,
OFF-20220416-8WZL-3451,2022-04-16,Anton,EMP-001,NZXT H510 Case,18,Components,Cases,3,7000,0,4500,Debit Card,Christopher Conrad,,
OFF-20240801-G0SX-3452,2024-08-01,John Smith,EMP-003,Razer BlackWidow,19,Accessories,Keyboards,2,12000,0,8000,Credit Card,Haley Ashley,,Become foot statement thing customer.
OFF-20250829-S6K8-3453,2025-08-29,Jane Doe,EMP-002,Razer BlackWidow,8,Accessories,Keyboards,3,12000,0,8000,UPI,Walk-in,,
OFF-20240630-ESJA-3454,2024-06-30,Anton,EMP-001,Corsair 32GB RAM,4,Components,RAM,1,9000,0,6000,Debit Card,Fernando Miles,,
OFF-20250320-CMGX-3455,2025-03-20,John Smith,EMP-003,ASUS ROG Monitor 27,2,Displays,Monitors,3,25000,1500,18000,Credit Card,Jason Scott,+1-795-755-0269,
OFF-20251107-1TF7-3456,2025-11-07,Jane Doe,EMP-002,Razer BlackWidow,11,Accessories,Keyboards,1,12000,1000,8000,Debit Card,Amanda Mullins,351.473.8252,
OFF-20221115-GH5H-3457,2022-11-15,Anton,EMP-001,Intel Core i7 13700K,18,Components,CPU,2,35000,500,28000,Credit Card,Thomas Yang,001-254-775-9638x091,Federal rule stuff I her senior guess.
OFF-20220911-AJXV-3458,2022-09-11,Jane Doe,EMP-002,Gaming PC Build,2,Desktops,Gaming PC,2,85000,0,65000,UPI,Walk-in,+1-447-201-9464,
OFF-20231108-NHGK-3459,2023-11-08,John Smith,EMP-003,Razer BlackWidow,13,Accessories,Keyboards,2,12000,0,8000,Credit Card,Joseph Richardson,+1-532-571-4680,
OFF-20210417-QAMJ-3460,2021-04-17,Jane Doe,EMP-002,ASUS ROG Monitor 27,7,Displays,Monitors,1,25000,0,18000,Credit Card,Michaela Duarte,,
OFF-20260305-V9OE-3461,2026-03-05,John Smith,EMP-003,RTX 4070 Ti,5,Components,GPU,2,75000,0,60000,Credit Card,Timothy Chan,,
OFF-20210730-1EMJ-3462,2021-07-30,John Smith,EMP-003,Intel Core i7 13700K,5,Components,CPU,2,35000,0,28000,Debit Card,Julie Figueroa,,
OFF-20231010-FB1K-3463,2023-10-10,John Smith,EMP-003,Intel Core i7 13700K,17,Components,CPU,2,35000,500,28000,Debit Card,Ronnie Burton,8974674802,
OFF-20211018-HRTK-3464,2021-10-18,Anton,EMP-001,Corsair 32GB RAM,13,Components,RAM,1,9000,500,6000,UPI,Walk-in,,
OFF-20210525-ZCTD-3465,2021-05-25,John Smith,EMP-003,Gaming PC Build,17,Desktops,Gaming PC,2,85000,500,65000,UPI,Donald Kelly,(984)471-3322,Discuss help arm treat Congress land special.
OFF-20210527-71JN-3466,2021-05-27,Anton,EMP-001,ASUS ROG Monitor 27,15,Displays,Monitors,1,25000,0,18000,Cash,Cheryl Bruce,488-833-6110,
OFF-20210507-1F98-3467,2021-05-07,Anton,EMP-001,Corsair 32GB RAM,19,Components,RAM,3,9000,0,6000,Cash,Tara Simmons,224.944.0563x791,
OFF-20220808-2IVX-3468,2022-08-08,Anton,EMP-001,ASUS ROG Monitor 27,8,Displays,Monitors,1,25000,1500,18000,Credit Card,Brandon Santos,,When find dog support.
OFF-20250419-T6TK-3469,2025-04-19,Anton,EMP-001,Samsung 980 PRO 1TB,20,Components,Storage,3,8000,1500,5500,Debit Card,Walk-in,,Yard woman letter assume successful.
OFF-20210528-4VMF-3470,2021-05-28,Jane Doe,EMP-002,NZXT H510 Case,19,Components,Cases,1,7000,0,4500,Credit Card,Charles Mitchell,,Laugh various expect push mother try listen.
OFF-20220301-T7R2-3471,2022-03-01,Anton,EMP-001,Corsair 32GB RAM,4,Components,RAM,2,9000,0,6000,UPI,Nicole Little,,
OFF-20210430-RZI7-3472,2021-04-30,Jane Doe,EMP-002,Corsair 32GB RAM,2,Components,RAM,2,9000,1000,6000,Debit Card,Molly Stewart,,
OFF-20260201-FZA1-3473,2026-02-01,Jane Doe,EMP-002,Logitech MX Master 3,6,Accessories,Mice,2,8500,0,5000,Cash,Diamond Russell,806.773.3711x003,
OFF-20230402-IYJR-3474,2023-04-02,John Smith,EMP-003,ASUS ROG Monitor 27,12,Displays,Monitors,2,25000,500,18000,Debit Card,Walk-in,+1-462-985-6036x8544,
OFF-20241020-Q838-3475,2024-10-20,John Smith,EMP-003,ASUS ROG Monitor 27,5,Displays,Monitors,3,25000,0,18000,UPI,Walk-in,001-933-715-7233x1480,
OFF-20230615-1WSZ-3476,2023-06-15,Anton,EMP-001,NZXT H510 Case,19,Components,Cases,3,7000,1000,4500,Cash,Jenna Reeves,,
OFF-20230913-CX3N-3477,2023-09-13,John Smith,EMP-003,Razer BlackWidow,4,Accessories,Keyboards,3,12000,1000,8000,Debit Card,Zachary Garrett,,Far song gas involve growth machine statement.
OFF-20231016-YVNB-3478,2023-10-16,Jane Doe,EMP-002,Samsung 980 PRO 1TB,12,Components,Storage,2,8000,500,5500,Cash,Renee Garcia,,Health music civil radio them turn claim.
OFF-20220723-JL35-3479,2022-07-23,John Smith,EMP-003,RTX 4070 Ti,16,Components,GPU,3,75000,1500,60000,Debit Card,Walk-in,,
OFF-20250928-ARDN-3480,2025-09-28,John Smith,EMP-003,Corsair 32GB RAM,14,Components,RAM,3,9000,1500,6000,Credit Card,Michael Young,2452546871,Attorney too join pull popular line.
OFF-20241122-FIBI-3481,2024-11-22,Jane Doe,EMP-002,NZXT H510 Case,5,Components,Cases,2,7000,1500,4500,Debit Card,Lori Shaw,951.544.9407,Information program court along picture benefit.
OFF-20220813-RUNY-3482,2022-08-13,John Smith,EMP-003,ASUS ROG Monitor 27,16,Displays,Monitors,3,25000,500,18000,Credit Card,Mr. Daniel Rich,,
OFF-20250606-4ELG-3483,2025-06-06,John Smith,EMP-003,ASUS ROG Monitor 27,19,Displays,Monitors,1,25000,500,18000,UPI,Jennifer Ward,698-244-5066x381,On treat even successful possible fire worker.
OFF-20260112-UQYW-3484,2026-01-12,Anton,EMP-001,Razer BlackWidow,6,Accessories,Keyboards,2,12000,0,8000,Debit Card,Walk-in,,Section card allow then war behind.
OFF-20240322-BW2E-3485,2024-03-22,John Smith,EMP-003,RTX 4070 Ti,10,Components,GPU,1,75000,1000,60000,Credit Card,Hannah Simmons,+1-520-346-5411x8068,Across performance foot leave sell.
OFF-20230404-XPEY-3486,2023-04-04,Anton,EMP-001,Corsair 32GB RAM,11,Components,RAM,2,9000,500,6000,UPI,Eric Romero,,
OFF-20220804-3OFL-3487,2022-08-04,John Smith,EMP-003,RTX 4070 Ti,1,Components,GPU,2,75000,0,60000,Cash,Walk-in,443-601-5688,Popular human many beautiful scientist especially very house.
OFF-20230810-Y44E-3488,2023-08-10,Anton,EMP-001,RTX 4070 Ti,12,Components,GPU,3,75000,0,60000,Cash,Walk-in,001-270-507-4181,Investment send speech.
OFF-20240409-8BGW-3489,2024-04-09,Jane Doe,EMP-002,ASUS ROG Monitor 27,19,Displays,Monitors,2,25000,0,18000,Credit Card,Walk-in,,
OFF-20210627-SIU2-3490,2021-06-27,Anton,EMP-001,Corsair 32GB RAM,11,Components,RAM,3,9000,0,6000,Credit Card,Shannon Clark,9829513706,
OFF-20221026-PB5G-3491,2022-10-26,Jane Doe,EMP-002,Gaming PC Build,5,Desktops,Gaming PC,1,85000,0,65000,UPI,Jessica Matthews,,Tell ok charge sport deep the.
OFF-20230212-FQZW-3492,2023-02-12,Anton,EMP-001,Razer BlackWidow,18,Accessories,Keyboards,3,12000,0,8000,UPI,Walk-in,(553)524-4363x624,Piece decide whether assume third.
OFF-20211215-LLG2-3493,2021-12-15,Anton,EMP-001,Intel Core i7 13700K,12,Components,CPU,3,35000,500,28000,Debit Card,Adam Cook,,
OFF-20260118-K49W-3494,2026-01-18,Jane Doe,EMP-002,Logitech WebCam C920,8,Accessories,Webcams,1,6000,0,3500,Credit Card,Erica Andrews,,
OFF-20240207-0D4E-3495,2024-02-07,John Smith,EMP-003,Gaming PC Build,13,Desktops,Gaming PC,1,85000,500,65000,Debit Card,Cindy Rush,,
OFF-20241025-8X4G-3496,2024-10-25,John Smith,EMP-003,NZXT H510 Case,2,Components,Cases,1,7000,0,4500,Credit Card,James Johnson,,
OFF-20210424-SXNY-3497,2021-04-24,Anton,EMP-001,Intel Core i7 13700K,4,Components,CPU,2,35000,1500,28000,Cash,Kevin Brown,754-812-8699,
OFF-20240219-IG5A-3498,2024-02-19,Anton,EMP-001,RTX 4070 Ti,4,Components,GPU,3,75000,1000,60000,Debit Card,Maurice Hogan,,Herself radio want send follow address.
OFF-20240726-GI15-3499,2024-07-26,John Smith,EMP-003,Gaming PC Build,4,Desktops,Gaming PC,2,85000,500,65000,Debit Card,Connor Yates,,
OFF-20241129-UDCH-3500,2024-11-29,Jane Doe,EMP-002,ASUS ROG Monitor 27,19,Displays,Monitors,3,25000,500,18000,UPI,Pamela Olson,+1-561-308-0422x54646,
OFF-20260312-ZX87-3501,2026-03-12,Anton,EMP-001,RTX 4070 Ti,3,Components,GPU,2,75000,0,60000,Cash,Jessica Malone,4774673054,
OFF-20240608-4SJG-3502,2024-06-08,Anton,EMP-001,Gaming PC Build,10,Desktops,Gaming PC,1,85000,0,65000,Cash,Walk-in,+1-588-912-1500x036,
OFF-20210725-H1VM-3503,2021-07-25,John Smith,EMP-003,NZXT H510 Case,3,Components,Cases,3,7000,0,4500,Debit Card,Kelly Beasley,(732)891-3938x144,
OFF-20211119-MRE5-3504,2021-11-19,John Smith,EMP-003,Logitech MX Master 3,9,Accessories,Mice,1,8500,1000,5000,Debit Card,Walk-in,,
OFF-20230829-C60A-3505,2023-08-29,Jane Doe,EMP-002,Corsair 32GB RAM,17,Components,RAM,3,9000,0,6000,Cash,Walk-in,,
OFF-20230715-J4N8-3506,2023-07-15,Anton,EMP-001,ASUS ROG Monitor 27,10,Displays,Monitors,3,25000,0,18000,Cash,Jacqueline Conrad,+1-932-705-8672,
OFF-20241208-QXXQ-3507,2024-12-08,Anton,EMP-001,Intel Core i7 13700K,8,Components,CPU,2,35000,0,28000,UPI,Martha Thomas,,
OFF-20220301-HVAA-3508,2022-03-01,Anton,EMP-001,Logitech WebCam C920,2,Accessories,Webcams,3,6000,1000,3500,Credit Card,Joseph Jackson,,
OFF-20250621-GFAF-3509,2025-06-21,John Smith,EMP-003,Razer BlackWidow,3,Accessories,Keyboards,2,12000,500,8000,UPI,Nicholas York,,Budget specific character no he because.
OFF-20221228-ZU3W-3510,2022-12-28,Anton,EMP-001,Razer BlackWidow,2,Accessories,Keyboards,2,12000,1000,8000,Cash,Jason Stanley,(459)455-1714x68559,
OFF-20220719-8KRU-3511,2022-07-19,Anton,EMP-001,Razer BlackWidow,17,Accessories,Keyboards,3,12000,0,8000,Cash,Walk-in,(289)580-1974x357,
OFF-20240615-5Z3O-3512,2024-06-15,Jane Doe,EMP-002,Razer BlackWidow,16,Accessories,Keyboards,1,12000,1500,8000,Debit Card,Regina Davis,517-226-5890,
OFF-20240628-BTZN-3513,2024-06-28,John Smith,EMP-003,Corsair 32GB RAM,14,Components,RAM,3,9000,0,6000,Debit Card,Walk-in,,
OFF-20221027-XWGW-3514,2022-10-27,Anton,EMP-001,Corsair 32GB RAM,9,Components,RAM,2,9000,1000,6000,Credit Card,Walk-in,,Large report society sort to south son.
OFF-20220526-ZMJO-3515,2022-05-26,John Smith,EMP-003,Samsung 980 PRO 1TB,8,Components,Storage,2,8000,0,5500,Cash,Walk-in,713.518.6473,
OFF-20230814-B9MJ-3516,2023-08-14,Anton,EMP-001,Logitech WebCam C920,13,Accessories,Webcams,2,6000,0,3500,UPI,Jordan Weaver,+1-622-886-2225x03329,
OFF-20220830-4VJY-3517,2022-08-30,John Smith,EMP-003,Razer BlackWidow,11,Accessories,Keyboards,1,12000,500,8000,Cash,Christopher Case,(656)771-3009x216,
OFF-20251015-Z1S9-3518,2025-10-15,John Smith,EMP-003,Samsung 980 PRO 1TB,13,Components,Storage,2,8000,0,5500,UPI,Nancy Perry,,
OFF-20231110-3VZ4-3519,2023-11-10,John Smith,EMP-003,Gaming PC Build,3,Desktops,Gaming PC,2,85000,1500,65000,Cash,Kathleen Garcia,,Term idea ball data learn.
OFF-20250104-ZRD3-3520,2025-01-04,John Smith,EMP-003,Corsair 32GB RAM,9,Components,RAM,3,9000,1000,6000,Credit Card,David Moon,267-467-7867x359,
OFF-20231214-CNHJ-3521,2023-12-14,Anton,EMP-001,Corsair 32GB RAM,10,Components,RAM,2,9000,1000,6000,Cash,Jacob Hurley,5777244938,
OFF-20220601-U75G-3522,2022-06-01,John Smith,EMP-003,Samsung 980 PRO 1TB,16,Components,Storage,3,8000,0,5500,Credit Card,Paul Cline,,
OFF-20230608-CL10-3523,2023-06-08,Anton,EMP-001,Gaming PC Build,9,Desktops,Gaming PC,1,85000,0,65000,Debit Card,Eileen Bates,,
OFF-20260222-7TEX-3524,2026-02-22,John Smith,EMP-003,NZXT H510 Case,8,Components,Cases,2,7000,1000,4500,UPI,Walk-in,791.768.7726x05061,Take turn yes news do social.
OFF-20220630-9Z89-3525,2022-06-30,John Smith,EMP-003,RTX 4070 Ti,6,Components,GPU,3,75000,0,60000,UPI,Katherine Ramirez,897-989-1557x63740,Pick of charge better heart full.
OFF-20250514-4ZY7-3526,2025-05-14,John Smith,EMP-003,Samsung 980 PRO 1TB,8,Components,Storage,2,8000,1500,5500,Cash,Robert Chase,+1-436-884-2435x89360,
OFF-20210522-VXNQ-3527,2021-05-22,Anton,EMP-001,NZXT H510 Case,12,Components,Cases,3,7000,0,4500,Debit Card,Adrian Hubbard,001-836-781-9847,
OFF-20210805-1UY4-3528,2021-08-05,Jane Doe,EMP-002,RTX 4070 Ti,16,Components,GPU,3,75000,0,60000,UPI,Jordan Miranda,9835541335,
OFF-20241002-NW56-3529,2024-10-02,Anton,EMP-001,RTX 4070 Ti,9,Components,GPU,1,75000,1000,60000,Debit Card,Walk-in,,
OFF-20220220-WC5X-3530,2022-02-20,Jane Doe,EMP-002,Intel Core i7 13700K,5,Components,CPU,3,35000,0,28000,Debit Card,Walk-in,001-655-296-4633x604,
OFF-20250531-2YYA-3531,2025-05-31,John Smith,EMP-003,Samsung 980 PRO 1TB,12,Components,Storage,2,8000,1000,5500,UPI,Marilyn Williams,913-567-3455x1804,
OFF-20240820-LG9F-3532,2024-08-20,Jane Doe,EMP-002,Logitech WebCam C920,16,Accessories,Webcams,3,6000,0,3500,Credit Card,Walk-in,388.633.2062x213,
OFF-20240712-A8CZ-3533,2024-07-12,John Smith,EMP-003,Samsung 980 PRO 1TB,2,Components,Storage,3,8000,0,5500,Credit Card,Julie Gilbert,,Lot could movement hand sport people.
OFF-20220529-HSXF-3534,2022-05-29,John Smith,EMP-003,Intel Core i7 13700K,8,Components,CPU,1,35000,500,28000,Cash,Walk-in,001-272-453-3297x02665,Mention sure spring middle effort.
OFF-20260406-1HPE-3535,2026-04-06,John Smith,EMP-003,Logitech MX Master 3,17,Accessories,Mice,3,8500,0,5000,Credit Card,Jennifer Daniel,,
OFF-20230226-09WG-3536,2023-02-26,Jane Doe,EMP-002,NZXT H510 Case,11,Components,Cases,2,7000,1000,4500,UPI,James Smith,,Other thousand draw.
OFF-20240227-9LOO-3537,2024-02-27,Anton,EMP-001,NZXT H510 Case,11,Components,Cases,2,7000,0,4500,Credit Card,Nathan Adams,,
OFF-20240520-4WD2-3538,2024-05-20,Jane Doe,EMP-002,NZXT H510 Case,3,Components,Cases,2,7000,0,4500,Credit Card,Tina Lee,,
OFF-20210601-YSHM-3539,2021-06-01,Jane Doe,EMP-002,NZXT H510 Case,10,Components,Cases,2,7000,0,4500,Cash,Walk-in,,
OFF-20260318-BWXR-3540,2026-03-18,John Smith,EMP-003,Logitech WebCam C920,8,Accessories,Webcams,2,6000,1000,3500,Cash,Walk-in,(256)502-9939x64536,
OFF-20230422-NXQ6-3541,2023-04-22,John Smith,EMP-003,Intel Core i7 13700K,3,Components,CPU,2,35000,0,28000,Credit Card,Elizabeth Cabrera,,
OFF-20250625-HQBO-3542,2025-06-25,Jane Doe,EMP-002,NZXT H510 Case,11,Components,Cases,3,7000,0,4500,Debit Card,April Reed,001-374-578-6948,
OFF-20240308-NP85-3543,2024-03-08,Jane Doe,EMP-002,Logitech WebCam C920,17,Accessories,Webcams,1,6000,1500,3500,Credit Card,Walk-in,7575830379,
OFF-20240617-ROXY-3544,2024-06-17,Jane Doe,EMP-002,Gaming PC Build,3,Desktops,Gaming PC,3,85000,1500,65000,Debit Card,Katherine Williams,,
OFF-20240210-DTXG-3545,2024-02-10,John Smith,EMP-003,Corsair 32GB RAM,14,Components,RAM,1,9000,500,6000,Cash,Mrs. Lisa Hughes,,
OFF-20230907-TBCZ-3546,2023-09-07,John Smith,EMP-003,Razer BlackWidow,9,Accessories,Keyboards,3,12000,500,8000,Cash,Walk-in,2302018678,
OFF-20251024-XX9V-3547,2025-10-24,John Smith,EMP-003,Razer BlackWidow,1,Accessories,Keyboards,1,12000,0,8000,Cash,Jacob Bender,+1-243-305-3343x42291,
OFF-20231109-Q9BC-3548,2023-11-09,John Smith,EMP-003,Logitech MX Master 3,15,Accessories,Mice,3,8500,0,5000,Credit Card,Frederick Williams,(500)683-3780x3843,
OFF-20240109-F7V2-3549,2024-01-09,John Smith,EMP-003,Samsung 980 PRO 1TB,7,Components,Storage,3,8000,0,5500,UPI,Walk-in,+1-266-802-8396,
OFF-20221120-BMVC-3550,2022-11-20,Anton,EMP-001,ASUS ROG Monitor 27,6,Displays,Monitors,2,25000,0,18000,Debit Card,Walk-in,,
OFF-20220426-OF71-3551,2022-04-26,Anton,EMP-001,Corsair 32GB RAM,5,Components,RAM,1,9000,0,6000,Debit Card,Andrew Mckee,,
OFF-20231124-IZQS-3552,2023-11-24,Jane Doe,EMP-002,Samsung 980 PRO 1TB,18,Components,Storage,3,8000,1500,5500,UPI,Monica Ramirez,7346742726,Movement real method as high program.
OFF-20240419-QZSC-3553,2024-04-19,Jane Doe,EMP-002,NZXT H510 Case,15,Components,Cases,1,7000,0,4500,Debit Card,Kirsten Baird,667.904.9647x430,
OFF-20221104-1FH9-3554,2022-11-04,John Smith,EMP-003,NZXT H510 Case,13,Components,Cases,1,7000,0,4500,UPI,Joshua Lewis,904-213-9373,
OFF-20230322-1S10-3555,2023-03-22,Anton,EMP-001,Logitech MX Master 3,15,Accessories,Mice,3,8500,0,5000,UPI,Andrew James,+1-561-419-8617x68099,
OFF-20220621-2NCD-3556,2022-06-21,John Smith,EMP-003,Logitech WebCam C920,15,Accessories,Webcams,3,6000,0,3500,Credit Card,Kenneth Brown,,
OFF-20220220-JLTH-3557,2022-02-20,Anton,EMP-001,Logitech MX Master 3,4,Accessories,Mice,2,8500,500,5000,Cash,Walk-in,4966699683,The collection already born range for.
OFF-20250104-J2DI-3558,2025-01-04,John Smith,EMP-003,Gaming PC Build,15,Desktops,Gaming PC,2,85000,500,65000,Debit Card,Dale Terry,,
OFF-20210409-WI2L-3559,2021-04-09,John Smith,EMP-003,Intel Core i7 13700K,18,Components,CPU,2,35000,0,28000,Cash,Walk-in,,Professor analysis citizen peace speak.
OFF-20250208-2H5N-3560,2025-02-08,Anton,EMP-001,Corsair 32GB RAM,17,Components,RAM,1,9000,500,6000,Debit Card,Christopher Shaffer,,
OFF-20220713-P59V-3561,2022-07-13,Anton,EMP-001,Gaming PC Build,19,Desktops,Gaming PC,3,85000,1000,65000,Credit Card,Danielle Wiggins,(863)258-6614,
OFF-20220415-GO8R-3562,2022-04-15,John Smith,EMP-003,Logitech WebCam C920,12,Accessories,Webcams,2,6000,1000,3500,Debit Card,Walk-in,001-677-570-0782x265,
OFF-20220315-L0G7-3563,2022-03-15,John Smith,EMP-003,Intel Core i7 13700K,3,Components,CPU,3,35000,500,28000,UPI,Walk-in,+1-555-606-4279x539,
OFF-20250630-2GMM-3564,2025-06-30,Anton,EMP-001,Gaming PC Build,3,Desktops,Gaming PC,2,85000,1500,65000,Debit Card,Cynthia Davis,,
OFF-20240304-NJFO-3565,2024-03-04,John Smith,EMP-003,NZXT H510 Case,1,Components,Cases,3,7000,0,4500,UPI,Walk-in,+1-780-766-5111x654,
OFF-20211227-Y2QJ-3566,2021-12-27,John Smith,EMP-003,Razer BlackWidow,9,Accessories,Keyboards,1,12000,500,8000,Cash,Adrian Schaefer,,
OFF-20260217-5UQ9-3567,2026-02-17,John Smith,EMP-003,Corsair 32GB RAM,1,Components,RAM,3,9000,0,6000,UPI,Walk-in,876-287-9852,
OFF-20220612-SPSO-3568,2022-06-12,Jane Doe,EMP-002,Samsung 980 PRO 1TB,11,Components,Storage,3,8000,1500,5500,Cash,Walk-in,,Nice you want thing.
OFF-20251026-FLZ8-3569,2025-10-26,Jane Doe,EMP-002,Samsung 980 PRO 1TB,11,Components,Storage,2,8000,0,5500,Credit Card,Jerry Olson,471-377-9956x629,
OFF-20220415-YURM-3570,2022-04-15,Anton,EMP-001,NZXT H510 Case,16,Components,Cases,3,7000,1500,4500,Credit Card,John Mccarthy,+1-315-964-1246,
OFF-20220305-B56W-3571,2022-03-05,Anton,EMP-001,ASUS ROG Monitor 27,5,Displays,Monitors,3,25000,1500,18000,Credit Card,Bradley Davis,,
OFF-20221209-BFLE-3572,2022-12-09,Jane Doe,EMP-002,Logitech WebCam C920,7,Accessories,Webcams,3,6000,0,3500,Debit Card,Tonya Chapman,(211)550-9971,Whatever remember information suggest group science stay.
OFF-20220328-GM21-3573,2022-03-28,Jane Doe,EMP-002,Corsair 32GB RAM,9,Components,RAM,2,9000,0,6000,UPI,Walk-in,,
OFF-20251020-IIM6-3574,2025-10-20,Anton,EMP-001,Corsair 32GB RAM,5,Components,RAM,2,9000,0,6000,Debit Card,Lori White,,
OFF-20251013-0ENK-3575,2025-10-13,Anton,EMP-001,RTX 4070 Ti,19,Components,GPU,2,75000,0,60000,Cash,Andrew Bailey,,
OFF-20221118-BXOC-3576,2022-11-18,John Smith,EMP-003,Samsung 980 PRO 1TB,12,Components,Storage,1,8000,500,5500,Debit Card,Brandon Burns,,Receive mother skill career conference commercial.
OFF-20220418-3Q3J-3577,2022-04-18,Jane Doe,EMP-002,RTX 4070 Ti,8,Components,GPU,2,75000,1000,60000,Debit Card,Gary Walters,,
OFF-20240213-EKGK-3578,2024-02-13,Jane Doe,EMP-002,Intel Core i7 13700K,11,Components,CPU,2,35000,0,28000,Cash,Amy Bolton,,
OFF-20240314-TEQU-3579,2024-03-14,John Smith,EMP-003,RTX 4070 Ti,20,Components,GPU,2,75000,500,60000,Cash,Alexis Anderson,+1-813-240-6343,
OFF-20221219-C4PG-3580,2022-12-19,Jane Doe,EMP-002,Logitech WebCam C920,3,Accessories,Webcams,1,6000,1000,3500,Credit Card,Walk-in,958.345.7442,
OFF-20240419-WZW4-3581,2024-04-19,John Smith,EMP-003,Gaming PC Build,17,Desktops,Gaming PC,2,85000,0,65000,Cash,Walk-in,,
OFF-20230126-7OU2-3582,2023-01-26,Jane Doe,EMP-002,Logitech WebCam C920,4,Accessories,Webcams,3,6000,0,3500,UPI,Walk-in,772-806-1244x0847,Clear pretty Congress study black picture.
OFF-20241004-FCLH-3583,2024-10-04,John Smith,EMP-003,Razer BlackWidow,2,Accessories,Keyboards,2,12000,0,8000,Cash,Michelle Johnson,,
OFF-20240421-IIGF-3584,2024-04-21,John Smith,EMP-003,Razer BlackWidow,15,Accessories,Keyboards,1,12000,1000,8000,Credit Card,Walk-in,,
OFF-20231115-92K3-3585,2023-11-15,Anton,EMP-001,NZXT H510 Case,19,Components,Cases,2,7000,1000,4500,UPI,Steven Love,,
OFF-20220804-65TX-3586,2022-08-04,Jane Doe,EMP-002,Logitech MX Master 3,20,Accessories,Mice,3,8500,1000,5000,Cash,April Hunter,,
OFF-20251201-7K3S-3587,2025-12-01,Anton,EMP-001,Intel Core i7 13700K,2,Components,CPU,1,35000,1500,28000,UPI,Donald Collins,,
OFF-20210814-IZ52-3588,2021-08-14,Jane Doe,EMP-002,Razer BlackWidow,18,Accessories,Keyboards,3,12000,0,8000,Cash,Kevin Walker,001-833-210-1105x480,Himself rate four issue left offer.
OFF-20240325-3JZ4-3589,2024-03-25,Anton,EMP-001,Razer BlackWidow,16,Accessories,Keyboards,1,12000,1500,8000,Debit Card,Walk-in,,
OFF-20231208-96HG-3590,2023-12-08,Anton,EMP-001,Corsair 32GB RAM,11,Components,RAM,3,9000,1000,6000,Credit Card,Walk-in,+1-642-599-4350x4468,
OFF-20241011-PIGV-3591,2024-10-11,John Smith,EMP-003,Razer BlackWidow,16,Accessories,Keyboards,2,12000,1000,8000,UPI,Walk-in,,
OFF-20220227-ZGK1-3592,2022-02-27,Jane Doe,EMP-002,Samsung 980 PRO 1TB,14,Components,Storage,3,8000,0,5500,UPI,Mr. Elijah Lopez,915-478-4970,
OFF-20250311-46EK-3593,2025-03-11,Anton,EMP-001,Gaming PC Build,14,Desktops,Gaming PC,2,85000,0,65000,Cash,Paul Garcia,+1-703-746-2517x1135,
OFF-20250411-0PKX-3594,2025-04-11,John Smith,EMP-003,Corsair 32GB RAM,7,Components,RAM,2,9000,0,6000,Debit Card,Jeff Parker,,
OFF-20260211-3SRL-3595,2026-02-11,Jane Doe,EMP-002,Samsung 980 PRO 1TB,18,Components,Storage,1,8000,500,5500,Cash,Walk-in,,
OFF-20210715-VSUR-3596,2021-07-15,John Smith,EMP-003,Logitech WebCam C920,7,Accessories,Webcams,2,6000,1000,3500,Cash,Walk-in,001-479-503-2939x54085,
OFF-20211206-4VPD-3597,2021-12-06,Jane Doe,EMP-002,RTX 4070 Ti,12,Components,GPU,2,75000,1000,60000,UPI,Meghan Fleming,(863)266-3576,
OFF-20230526-NGIX-3598,2023-05-26,Jane Doe,EMP-002,Logitech WebCam C920,12,Accessories,Webcams,3,6000,0,3500,UPI,Ruben Carrillo,(344)850-7230x8276,
OFF-20251212-Q1U1-3599,2025-12-12,John Smith,EMP-003,Logitech MX Master 3,11,Accessories,Mice,3,8500,0,5000,Credit Card,Eric Bright,599-277-6327x8736,
OFF-20240312-N25J-3600,2024-03-12,Anton,EMP-001,Samsung 980 PRO 1TB,12,Components,Storage,2,8000,0,5500,Cash,Francis Dalton,,
OFF-20210916-27VD-3601,2021-09-16,John Smith,EMP-003,Samsung 980 PRO 1TB,20,Components,Storage,2,8000,1000,5500,Cash,Walk-in,497.905.6268x441,
OFF-20220705-BCHC-3602,2022-07-05,Anton,EMP-001,Razer BlackWidow,17,Accessories,Keyboards,3,12000,500,8000,Credit Card,Kimberly Brown,,Modern cost once season gun.
OFF-20231229-VYN3-3603,2023-12-29,John Smith,EMP-003,Logitech MX Master 3,3,Accessories,Mice,2,8500,1500,5000,Cash,Walk-in,001-950-572-2298x808,Analysis source live walk.
OFF-20240113-UHOL-3604,2024-01-13,Anton,EMP-001,Logitech MX Master 3,14,Accessories,Mice,1,8500,0,5000,Credit Card,Walk-in,,
OFF-20240329-LVV1-3605,2024-03-29,John Smith,EMP-003,Logitech MX Master 3,12,Accessories,Mice,3,8500,500,5000,Cash,Walk-in,997-983-1722x45356,
OFF-20240126-HJ0W-3606,2024-01-26,Jane Doe,EMP-002,Razer BlackWidow,18,Accessories,Keyboards,2,12000,0,8000,Debit Card,Raymond Lucas,2593112058,
OFF-20210903-GCR1-3607,2021-09-03,Jane Doe,EMP-002,Logitech MX Master 3,11,Accessories,Mice,1,8500,1000,5000,UPI,Darrell Singleton,579.678.8132,
OFF-20260315-1I6U-3608,2026-03-15,John Smith,EMP-003,Samsung 980 PRO 1TB,19,Components,Storage,1,8000,1000,5500,Cash,Betty Prince,,
OFF-20210525-664X-3609,2021-05-25,Anton,EMP-001,NZXT H510 Case,8,Components,Cases,3,7000,0,4500,Cash,Walk-in,(694)862-8999,
OFF-20220912-XJMW-3610,2022-09-12,John Smith,EMP-003,NZXT H510 Case,13,Components,Cases,2,7000,0,4500,Cash,Daisy Dillon,618.825.7547,Although floor central hit.
OFF-20220504-G7RQ-3611,2022-05-04,Anton,EMP-001,Razer BlackWidow,10,Accessories,Keyboards,2,12000,1500,8000,Cash,Elizabeth Whitehead,519-282-7774x972,
OFF-20240407-KXA1-3612,2024-04-07,Jane Doe,EMP-002,Samsung 980 PRO 1TB,7,Components,Storage,1,8000,0,5500,Cash,Phillip Schultz,,Account yet control mention.
OFF-20250918-G21Y-3613,2025-09-18,Anton,EMP-001,Razer BlackWidow,6,Accessories,Keyboards,2,12000,0,8000,UPI,Walk-in,,
OFF-20210510-FNJO-3614,2021-05-10,Jane Doe,EMP-002,Samsung 980 PRO 1TB,2,Components,Storage,3,8000,1500,5500,UPI,Caitlin Williams,,
OFF-20221229-MK12-3615,2022-12-29,Jane Doe,EMP-002,Logitech MX Master 3,16,Accessories,Mice,2,8500,1000,5000,Cash,Melissa Wright,+1-960-916-5521x1425,
OFF-20250530-3MS7-3616,2025-05-30,Jane Doe,EMP-002,NZXT H510 Case,4,Components,Cases,1,7000,500,4500,Credit Card,Kenneth Kaufman,270.942.5684x79755,Growth office pattern blue.
OFF-20220726-S62S-3617,2022-07-26,John Smith,EMP-003,Razer BlackWidow,3,Accessories,Keyboards,2,12000,1500,8000,Cash,Ryan Hendrix,+1-920-645-1025x33755,
OFF-20250211-XPPL-3618,2025-02-11,John Smith,EMP-003,Logitech WebCam C920,19,Accessories,Webcams,1,6000,1000,3500,Credit Card,Julia Murillo,735.425.1903x6071,
OFF-20230415-6441-3619,2023-04-15,John Smith,EMP-003,Logitech MX Master 3,19,Accessories,Mice,2,8500,1000,5000,Credit Card,Gregory Rodriguez,949.218.7309,
OFF-20250827-WFNE-3620,2025-08-27,Jane Doe,EMP-002,Gaming PC Build,8,Desktops,Gaming PC,2,85000,500,65000,Credit Card,Walk-in,7752933318,
OFF-20220713-14JX-3621,2022-07-13,John Smith,EMP-003,Logitech MX Master 3,15,Accessories,Mice,1,8500,1500,5000,Debit Card,Andrew Parks,(870)204-7323,Summer about line hotel agree cost.
OFF-20241211-WADG-3622,2024-12-11,Jane Doe,EMP-002,Logitech MX Master 3,19,Accessories,Mice,3,8500,0,5000,UPI,Ethan Parrish,721-338-1527,
OFF-20220129-JF4R-3623,2022-01-29,John Smith,EMP-003,Corsair 32GB RAM,1,Components,RAM,2,9000,0,6000,Cash,Danny Flowers,604.356.7317,
OFF-20221130-EPUR-3624,2022-11-30,Anton,EMP-001,RTX 4070 Ti,9,Components,GPU,3,75000,0,60000,Debit Card,Daniel Allen,(808)295-9532x9688,
OFF-20250428-JV98-3625,2025-04-28,John Smith,EMP-003,Samsung 980 PRO 1TB,19,Components,Storage,2,8000,1500,5500,Credit Card,Walk-in,001-770-273-8563x1098,
OFF-20240526-NSGE-3626,2024-05-26,John Smith,EMP-003,ASUS ROG Monitor 27,2,Displays,Monitors,2,25000,500,18000,Credit Card,Michael Scott,424.885.0087x896,
OFF-20250512-ER7T-3627,2025-05-12,Jane Doe,EMP-002,Logitech MX Master 3,10,Accessories,Mice,2,8500,1500,5000,Cash,Aaron Weeks,523.734.5153,
OFF-20221224-08H1-3628,2022-12-24,Jane Doe,EMP-002,Corsair 32GB RAM,12,Components,RAM,3,9000,0,6000,Credit Card,Joseph Adams,+1-315-919-2760x447,
OFF-20230929-WB4A-3629,2023-09-29,John Smith,EMP-003,Intel Core i7 13700K,16,Components,CPU,3,35000,0,28000,Credit Card,Walk-in,900.259.5992,
OFF-20240117-JEMU-3630,2024-01-17,John Smith,EMP-003,NZXT H510 Case,14,Components,Cases,1,7000,0,4500,Cash,Caitlin Ross,,
OFF-20211031-3O0J-3631,2021-10-31,John Smith,EMP-003,Samsung 980 PRO 1TB,11,Components,Storage,1,8000,1000,5500,UPI,Walk-in,529.502.2071x62558,
OFF-20220215-ODL9-3632,2022-02-15,John Smith,EMP-003,Logitech MX Master 3,1,Accessories,Mice,3,8500,0,5000,Credit Card,Robert Stuart,001-868-213-9167,
OFF-20231010-VUL0-3633,2023-10-10,Anton,EMP-001,Gaming PC Build,1,Desktops,Gaming PC,2,85000,1000,65000,Debit Card,Walk-in,(956)284-7192x375,
OFF-20210417-6WJ9-3634,2021-04-17,Jane Doe,EMP-002,Logitech MX Master 3,13,Accessories,Mice,3,8500,0,5000,Debit Card,Walk-in,,
OFF-20220822-62IO-3635,2022-08-22,John Smith,EMP-003,Corsair 32GB RAM,19,Components,RAM,1,9000,0,6000,Debit Card,Walk-in,,National smile between just local from spring.
OFF-20221225-FWYS-3636,2022-12-25,Jane Doe,EMP-002,NZXT H510 Case,17,Components,Cases,2,7000,1000,4500,UPI,David Compton,(872)542-1659x284,
OFF-20211022-50H2-3637,2021-10-22,John Smith,EMP-003,Corsair 32GB RAM,2,Components,RAM,1,9000,1500,6000,Cash,Walk-in,541.724.9495,Successful assume factor reflect sing sense at however.
OFF-20240915-EB8C-3638,2024-09-15,Jane Doe,EMP-002,Gaming PC Build,5,Desktops,Gaming PC,3,85000,1500,65000,Debit Card,William Chapman,,Upon use we.
OFF-20240908-V4JQ-3639,2024-09-08,John Smith,EMP-003,Logitech WebCam C920,3,Accessories,Webcams,3,6000,0,3500,Credit Card,Joshua Soto,+1-903-867-8206,
OFF-20251003-672U-3640,2025-10-03,Anton,EMP-001,ASUS ROG Monitor 27,10,Displays,Monitors,2,25000,0,18000,Credit Card,Anne Perez,,
OFF-20220426-5434-3641,2022-04-26,Anton,EMP-001,Intel Core i7 13700K,20,Components,CPU,2,35000,0,28000,Credit Card,Bradley Bell,,
OFF-20250117-J4KB-3642,2025-01-17,Anton,EMP-001,Samsung 980 PRO 1TB,17,Components,Storage,3,8000,500,5500,Debit Card,Carlos Vargas,,
OFF-20231007-WOQY-3643,2023-10-07,Jane Doe,EMP-002,RTX 4070 Ti,16,Components,GPU,1,75000,0,60000,UPI,Christopher Willis,564-762-1039x91134,
OFF-20250929-ORVK-3644,2025-09-29,John Smith,EMP-003,Logitech WebCam C920,20,Accessories,Webcams,2,6000,0,3500,Debit Card,Walk-in,321.466.4607x7400,Party represent Mrs according election should since.
OFF-20260121-DI1X-3645,2026-01-21,Anton,EMP-001,Gaming PC Build,10,Desktops,Gaming PC,3,85000,1000,65000,Cash,Donna Warren,,Office check relationship reduce conference.
OFF-20220411-JQSI-3646,2022-04-11,John Smith,EMP-003,Corsair 32GB RAM,12,Components,RAM,3,9000,1000,6000,Debit Card,Walk-in,,Strong start bad real suggest customer.
OFF-20240229-4JQD-3647,2024-02-29,Jane Doe,EMP-002,Logitech WebCam C920,16,Accessories,Webcams,2,6000,0,3500,Cash,Christopher Olson,+1-610-484-4581,
OFF-20221124-MY8N-3648,2022-11-24,Jane Doe,EMP-002,Corsair 32GB RAM,19,Components,RAM,2,9000,0,6000,UPI,David Taylor,,
OFF-20220124-79SY-3649,2022-01-24,Anton,EMP-001,Gaming PC Build,10,Desktops,Gaming PC,2,85000,0,65000,Debit Card,Alyssa Sandoval,,
OFF-20240624-YBN6-3650,2024-06-24,Jane Doe,EMP-002,RTX 4070 Ti,4,Components,GPU,3,75000,0,60000,UPI,Dylan Roth,+1-685-404-8611x301,
OFF-20220319-A3V2-3651,2022-03-19,John Smith,EMP-003,Intel Core i7 13700K,11,Components,CPU,1,35000,0,28000,Credit Card,Christine Orozco,+1-326-335-9890x7429,
OFF-20210903-M4Y5-3652,2021-09-03,John Smith,EMP-003,Corsair 32GB RAM,1,Components,RAM,2,9000,0,6000,UPI,Walk-in,290.536.9245,
OFF-20220121-HHPA-3653,2022-01-21,Anton,EMP-001,Gaming PC Build,3,Desktops,Gaming PC,2,85000,0,65000,Debit Card,Walk-in,,
OFF-20210514-A8HD-3654,2021-05-14,Anton,EMP-001,Corsair 32GB RAM,18,Components,RAM,1,9000,1000,6000,Debit Card,Walk-in,+1-255-782-0836x8836,
OFF-20220409-DLND-3655,2022-04-09,Anton,EMP-001,Samsung 980 PRO 1TB,2,Components,Storage,2,8000,500,5500,Credit Card,Susan Shaw,,
OFF-20221101-S5FE-3656,2022-11-01,Anton,EMP-001,Samsung 980 PRO 1TB,6,Components,Storage,1,8000,500,5500,Debit Card,Barry Bowen,952-838-7841,
OFF-20260113-HTOQ-3657,2026-01-13,Anton,EMP-001,Logitech MX Master 3,4,Accessories,Mice,1,8500,0,5000,UPI,Walk-in,6869120783,Want writer manage important short arrive.
OFF-20220527-U4DJ-3658,2022-05-27,John Smith,EMP-003,ASUS ROG Monitor 27,5,Displays,Monitors,1,25000,1000,18000,Debit Card,Jeffery Walker,989.749.7789x824,
OFF-20211023-51WY-3659,2021-10-23,John Smith,EMP-003,RTX 4070 Ti,5,Components,GPU,1,75000,1500,60000,Debit Card,Sarah Jones,001-536-251-0897x8656,
OFF-20230518-RUPS-3660,2023-05-18,Anton,EMP-001,Samsung 980 PRO 1TB,9,Components,Storage,3,8000,1500,5500,Credit Card,Andre Garrett,,
OFF-20230403-I7MP-3661,2023-04-03,Anton,EMP-001,NZXT H510 Case,13,Components,Cases,2,7000,1000,4500,UPI,James Robinson,+1-317-936-2535x208,
OFF-20240507-OC2A-3662,2024-05-07,Anton,EMP-001,Samsung 980 PRO 1TB,20,Components,Storage,3,8000,0,5500,UPI,Douglas Miller,,
OFF-20250328-ULJ1-3663,2025-03-28,John Smith,EMP-003,Logitech WebCam C920,13,Accessories,Webcams,1,6000,0,3500,UPI,Cheryl Wolf,001-674-697-5021x64453,Mouth door media participant item trouble same.
OFF-20250819-8LFF-3664,2025-08-19,Anton,EMP-001,Gaming PC Build,4,Desktops,Gaming PC,2,85000,0,65000,Credit Card,Walk-in,+1-509-370-1405x23703,
OFF-20230223-0ZHH-3665,2023-02-23,Jane Doe,EMP-002,Samsung 980 PRO 1TB,6,Components,Storage,1,8000,1000,5500,Debit Card,Amanda Jenkins,,Mrs blue animal audience whatever paper.
OFF-20231031-7HIO-3666,2023-10-31,Anton,EMP-001,Intel Core i7 13700K,5,Components,CPU,2,35000,0,28000,Cash,Jeffrey Martinez,,
OFF-20260319-490Q-3667,2026-03-19,John Smith,EMP-003,Razer BlackWidow,8,Accessories,Keyboards,3,12000,500,8000,Cash,Audrey Jones,,
OFF-20221007-AB1J-3668,2022-10-07,John Smith,EMP-003,Logitech MX Master 3,19,Accessories,Mice,1,8500,0,5000,Cash,Walk-in,,Red better star white politics those.
OFF-20231227-AX6N-3669,2023-12-27,Jane Doe,EMP-002,Corsair 32GB RAM,5,Components,RAM,2,9000,1000,6000,Debit Card,Richard Anderson,(852)226-8221,
OFF-20211113-1A2E-3670,2021-11-13,Jane Doe,EMP-002,Samsung 980 PRO 1TB,11,Components,Storage,3,8000,0,5500,Debit Card,Brittany Mcdonald DVM,802.801.6497,
OFF-20250816-0ZI9-3671,2025-08-16,Anton,EMP-001,Logitech WebCam C920,20,Accessories,Webcams,3,6000,500,3500,UPI,Brian Hahn,001-524-471-5403x80341,
OFF-20240215-UYSQ-3672,2024-02-15,John Smith,EMP-003,ASUS ROG Monitor 27,9,Displays,Monitors,1,25000,0,18000,Cash,Christian Smith,,
OFF-20221125-6QB8-3673,2022-11-25,John Smith,EMP-003,ASUS ROG Monitor 27,18,Displays,Monitors,2,25000,0,18000,UPI,Walk-in,+1-500-391-7595x698,
OFF-20220726-8THZ-3674,2022-07-26,John Smith,EMP-003,RTX 4070 Ti,1,Components,GPU,3,75000,0,60000,Cash,Walk-in,,
OFF-20241120-H875-3675,2024-11-20,John Smith,EMP-003,Razer BlackWidow,6,Accessories,Keyboards,2,12000,1000,8000,Credit Card,Roberto Santiago,5748551681,
OFF-20230520-HKYV-3676,2023-05-20,John Smith,EMP-003,Logitech WebCam C920,14,Accessories,Webcams,2,6000,1000,3500,Cash,Daniel Fitzgerald,,
OFF-20250515-EJH6-3677,2025-05-15,Jane Doe,EMP-002,Logitech MX Master 3,8,Accessories,Mice,1,8500,0,5000,Cash,Nathan Khan,(210)919-1557x658,
OFF-20220910-N5WW-3678,2022-09-10,John Smith,EMP-003,Samsung 980 PRO 1TB,10,Components,Storage,3,8000,0,5500,Debit Card,Andrew Lewis,,
OFF-20210415-B2Q4-3679,2021-04-15,John Smith,EMP-003,Samsung 980 PRO 1TB,2,Components,Storage,3,8000,500,5500,Debit Card,Matthew Barnes,,Really like several support middle.
OFF-20211206-3HJL-3680,2021-12-06,John Smith,EMP-003,RTX 4070 Ti,8,Components,GPU,3,75000,1500,60000,Cash,Walk-in,,
OFF-20230627-5AHA-3681,2023-06-27,Jane Doe,EMP-002,Logitech WebCam C920,19,Accessories,Webcams,1,6000,500,3500,UPI,Rachel Wilson,001-794-836-6320x83919,
OFF-20210815-UKWQ-3682,2021-08-15,Jane Doe,EMP-002,Logitech WebCam C920,2,Accessories,Webcams,3,6000,0,3500,UPI,Kirk Singleton,(807)501-5101,
OFF-20250821-5DD5-3683,2025-08-21,Anton,EMP-001,RTX 4070 Ti,6,Components,GPU,2,75000,1000,60000,Credit Card,Jose Vasquez,2488782680,
OFF-20260323-XKDM-3684,2026-03-23,Anton,EMP-001,Corsair 32GB RAM,19,Components,RAM,1,9000,0,6000,Debit Card,Brian Jensen,9364256295,
OFF-20240926-53NE-3685,2024-09-26,John Smith,EMP-003,Corsair 32GB RAM,3,Components,RAM,1,9000,1500,6000,UPI,Mark Randall,,
OFF-20251023-BU11-3686,2025-10-23,Jane Doe,EMP-002,Logitech WebCam C920,12,Accessories,Webcams,1,6000,1000,3500,Debit Card,Walk-in,,
OFF-20251028-QPGU-3687,2025-10-28,Jane Doe,EMP-002,Intel Core i7 13700K,14,Components,CPU,1,35000,0,28000,UPI,Jennifer Frederick,997-428-8489x1691,
OFF-20260319-KTI5-3688,2026-03-19,Jane Doe,EMP-002,ASUS ROG Monitor 27,1,Displays,Monitors,3,25000,0,18000,UPI,Steven Anderson,,
OFF-20230516-6CZR-3689,2023-05-16,John Smith,EMP-003,Logitech WebCam C920,5,Accessories,Webcams,3,6000,0,3500,UPI,Mary Long,001-525-800-4278x720,
OFF-20230430-8T18-3690,2023-04-30,Anton,EMP-001,Gaming PC Build,3,Desktops,Gaming PC,3,85000,1500,65000,UPI,Walk-in,+1-431-882-1069x4248,
OFF-20230404-N92Z-3691,2023-04-04,Jane Doe,EMP-002,Logitech MX Master 3,12,Accessories,Mice,1,8500,1000,5000,Debit Card,Daniel Oconnor,(406)276-1778x189,Born office window product maintain.
OFF-20230210-HF9T-3692,2023-02-10,Jane Doe,EMP-002,NZXT H510 Case,16,Components,Cases,1,7000,0,4500,Debit Card,Walk-in,+1-273-790-9221x45108,
OFF-20230518-FK1J-3693,2023-05-18,Anton,EMP-001,Logitech MX Master 3,12,Accessories,Mice,3,8500,1000,5000,Cash,Walk-in,924.351.1763x9247,
OFF-20220426-LQTN-3694,2022-04-26,John Smith,EMP-003,Gaming PC Build,8,Desktops,Gaming PC,1,85000,1500,65000,Credit Card,Walk-in,+1-368-229-6219x48717,Morning likely add son.
OFF-20240711-PTTU-3695,2024-07-11,Anton,EMP-001,RTX 4070 Ti,17,Components,GPU,2,75000,500,60000,Debit Card,Andre Taylor,200.292.3477x57266,
OFF-20210713-KKSX-3696,2021-07-13,John Smith,EMP-003,RTX 4070 Ti,20,Components,GPU,2,75000,1000,60000,UPI,Samantha Joseph DVM,621.734.8335x0635,
OFF-20251130-0S8Y-3697,2025-11-30,John Smith,EMP-003,Corsair 32GB RAM,10,Components,RAM,2,9000,0,6000,Cash,Walk-in,811.509.6793x425,
OFF-20231003-J0CP-3698,2023-10-03,Anton,EMP-001,ASUS ROG Monitor 27,7,Displays,Monitors,3,25000,0,18000,Debit Card,Marilyn Taylor,,He development travel worker present news.
OFF-20220731-CGOS-3699,2022-07-31,Jane Doe,EMP-002,RTX 4070 Ti,13,Components,GPU,2,75000,1000,60000,UPI,Matthew Ochoa,,
OFF-20231227-M8LG-3700,2023-12-27,Jane Doe,EMP-002,Razer BlackWidow,18,Accessories,Keyboards,2,12000,0,8000,UPI,Peter Stokes,580-444-7853,
OFF-20220701-UH2A-3701,2022-07-01,Jane Doe,EMP-002,Razer BlackWidow,3,Accessories,Keyboards,3,12000,0,8000,Debit Card,Felicia Trujillo,,Election to behavior between pay assume.
OFF-20220517-H2Q0-3702,2022-05-17,Anton,EMP-001,Logitech MX Master 3,13,Accessories,Mice,1,8500,1000,5000,UPI,Kenneth Lewis PhD,,
OFF-20210712-DJ35-3703,2021-07-12,Anton,EMP-001,Samsung 980 PRO 1TB,15,Components,Storage,2,8000,1500,5500,Cash,Shari Fernandez,(549)809-4607x40335,
OFF-20230401-QOFH-3704,2023-04-01,John Smith,EMP-003,Intel Core i7 13700K,17,Components,CPU,1,35000,0,28000,Cash,Annette Blair,001-818-627-5725,
OFF-20240702-T5SP-3705,2024-07-02,Jane Doe,EMP-002,NZXT H510 Case,16,Components,Cases,2,7000,500,4500,Cash,Walk-in,,
OFF-20220526-SJ6N-3706,2022-05-26,John Smith,EMP-003,Intel Core i7 13700K,11,Components,CPU,1,35000,500,28000,Cash,Mario Patterson,,
OFF-20230613-AARH-3707,2023-06-13,Jane Doe,EMP-002,Logitech WebCam C920,20,Accessories,Webcams,1,6000,1500,3500,Cash,Dawn Rose,,
OFF-20240926-M2KZ-3708,2024-09-26,Jane Doe,EMP-002,Razer BlackWidow,9,Accessories,Keyboards,2,12000,0,8000,Debit Card,Donald Hall,,Those religious up whom drive.
OFF-20230508-U3O2-3709,2023-05-08,Anton,EMP-001,Logitech WebCam C920,9,Accessories,Webcams,2,6000,0,3500,Debit Card,Margaret Lawson,,
OFF-20220219-RGAB-3710,2022-02-19,Jane Doe,EMP-002,RTX 4070 Ti,6,Components,GPU,1,75000,1500,60000,Credit Card,Sara Mccann,2012596798,
OFF-20250213-C7AW-3711,2025-02-13,John Smith,EMP-003,Samsung 980 PRO 1TB,18,Components,Storage,3,8000,1000,5500,Cash,Teresa Montgomery,001-771-604-5099x47785,
OFF-20221023-W3PW-3712,2022-10-23,Jane Doe,EMP-002,Samsung 980 PRO 1TB,9,Components,Storage,1,8000,0,5500,Debit Card,Jonathan Diaz,,Receive want quickly sign receive agree light report.
OFF-20230108-OWHF-3713,2023-01-08,John Smith,EMP-003,Logitech WebCam C920,1,Accessories,Webcams,3,6000,0,3500,UPI,Lori Salas,,
OFF-20240915-7NNU-3714,2024-09-15,Jane Doe,EMP-002,RTX 4070 Ti,1,Components,GPU,1,75000,1000,60000,Cash,Ryan Nguyen,7109224523,
OFF-20240630-GBCI-3715,2024-06-30,Anton,EMP-001,Samsung 980 PRO 1TB,12,Components,Storage,2,8000,0,5500,UPI,Ruben Evans,,
OFF-20241010-H0JO-3716,2024-10-10,Anton,EMP-001,Logitech WebCam C920,14,Accessories,Webcams,3,6000,0,3500,Credit Card,Pedro Smith,001-872-821-9853x3499,
OFF-20210607-MA9B-3717,2021-06-07,John Smith,EMP-003,Logitech MX Master 3,20,Accessories,Mice,1,8500,500,5000,Credit Card,Andre Golden,001-802-678-0492x258,
OFF-20240916-1QDH-3718,2024-09-16,John Smith,EMP-003,Gaming PC Build,7,Desktops,Gaming PC,2,85000,500,65000,Cash,Walk-in,001-791-297-1372,Our major who feeling.
OFF-20210909-QS04-3719,2021-09-09,Jane Doe,EMP-002,Logitech MX Master 3,9,Accessories,Mice,2,8500,1000,5000,Credit Card,Cynthia Wilson,,
OFF-20210922-77VV-3720,2021-09-22,Jane Doe,EMP-002,Gaming PC Build,1,Desktops,Gaming PC,3,85000,0,65000,Cash,Kimberly Patterson,307.564.7702x149,
OFF-20220307-JD3N-3721,2022-03-07,Anton,EMP-001,ASUS ROG Monitor 27,13,Displays,Monitors,1,25000,500,18000,Debit Card,Brandon Hunt,729.666.4018x94596,
OFF-20250516-FRTC-3722,2025-05-16,Jane Doe,EMP-002,Gaming PC Build,15,Desktops,Gaming PC,3,85000,0,65000,UPI,Walk-in,,
OFF-20220125-RSW8-3723,2022-01-25,Anton,EMP-001,Samsung 980 PRO 1TB,4,Components,Storage,1,8000,0,5500,Debit Card,Nichole Martin,,
OFF-20250725-SF2Q-3724,2025-07-25,Jane Doe,EMP-002,Logitech MX Master 3,3,Accessories,Mice,1,8500,0,5000,UPI,Seth Webster,001-536-397-9821x9025,Foot network much law economic offer would.
OFF-20250708-REZ8-3725,2025-07-08,Jane Doe,EMP-002,NZXT H510 Case,16,Components,Cases,3,7000,1500,4500,Cash,Cameron Evans,,
OFF-20250412-JXKC-3726,2025-04-12,Anton,EMP-001,Samsung 980 PRO 1TB,2,Components,Storage,2,8000,1500,5500,Cash,Joseph Stone,,
OFF-20230813-TGBJ-3727,2023-08-13,Anton,EMP-001,RTX 4070 Ti,12,Components,GPU,3,75000,500,60000,UPI,Hannah Morris,(675)532-2275x4781,
OFF-20221112-827T-3728,2022-11-12,Anton,EMP-001,RTX 4070 Ti,9,Components,GPU,3,75000,0,60000,UPI,James Smith,+1-246-435-6779x41726,
OFF-20250624-ZA4S-3729,2025-06-24,Anton,EMP-001,RTX 4070 Ti,10,Components,GPU,3,75000,1500,60000,Debit Card,Sandra White,,
OFF-20240524-T4LS-3730,2024-05-24,Anton,EMP-001,Samsung 980 PRO 1TB,4,Components,Storage,3,8000,1000,5500,Credit Card,Walk-in,,
OFF-20230111-RM4J-3731,2023-01-11,Anton,EMP-001,Logitech WebCam C920,11,Accessories,Webcams,3,6000,1500,3500,Credit Card,Walk-in,(604)625-0200,Different smile strategy smile every two.
OFF-20240807-G9AV-3732,2024-08-07,Jane Doe,EMP-002,Corsair 32GB RAM,4,Components,RAM,2,9000,1500,6000,Credit Card,Laura Santana,001-762-689-7231x4838,
OFF-20240427-1Y59-3733,2024-04-27,Jane Doe,EMP-002,Intel Core i7 13700K,9,Components,CPU,2,35000,0,28000,Credit Card,Jonathan Evans,,
OFF-20230312-MEZC-3734,2023-03-12,Anton,EMP-001,Gaming PC Build,12,Desktops,Gaming PC,3,85000,500,65000,Cash,Andrew Arroyo,,
OFF-20240327-88GD-3735,2024-03-27,Jane Doe,EMP-002,Gaming PC Build,20,Desktops,Gaming PC,3,85000,0,65000,Credit Card,Amanda Lewis,+1-264-243-9001x0134,
OFF-20220425-JF28-3736,2022-04-25,Anton,EMP-001,Gaming PC Build,16,Desktops,Gaming PC,1,85000,0,65000,Cash,Walk-in,(262)654-2042,
OFF-20210701-H3T3-3737,2021-07-01,Jane Doe,EMP-002,RTX 4070 Ti,3,Components,GPU,3,75000,0,60000,UPI,Alicia Miller,+1-712-318-5492x94453,
OFF-20251026-JP10-3738,2025-10-26,John Smith,EMP-003,Logitech MX Master 3,5,Accessories,Mice,1,8500,0,5000,Debit Card,Walk-in,,
OFF-20230109-8KR1-3739,2023-01-09,Jane Doe,EMP-002,Logitech MX Master 3,11,Accessories,Mice,1,8500,500,5000,Credit Card,Jennifer Hebert,(959)994-2023x48726,Middle care tell listen.
OFF-20241109-TDRC-3740,2024-11-09,Anton,EMP-001,Intel Core i7 13700K,3,Components,CPU,1,35000,1000,28000,Debit Card,Michelle Edwards,,Public agency others perform.
OFF-20221010-KOKY-3741,2022-10-10,Jane Doe,EMP-002,ASUS ROG Monitor 27,15,Displays,Monitors,3,25000,0,18000,UPI,David Porter,+1-391-810-3413x88557,Remain usually sit provide.
OFF-20220520-DDHA-3742,2022-05-20,Anton,EMP-001,Samsung 980 PRO 1TB,2,Components,Storage,2,8000,0,5500,Debit Card,Kathy Randall,001-826-224-1211x4139,Economy might wind standard.
OFF-20240412-DWLL-3743,2024-04-12,Anton,EMP-001,Logitech MX Master 3,5,Accessories,Mice,2,8500,0,5000,UPI,Walk-in,,
OFF-20220620-XO4T-3744,2022-06-20,Anton,EMP-001,Corsair 32GB RAM,8,Components,RAM,1,9000,1000,6000,Credit Card,Daniel Yoder,,
OFF-20250818-GXAD-3745,2025-08-18,John Smith,EMP-003,Intel Core i7 13700K,15,Components,CPU,3,35000,0,28000,Debit Card,Emily Fisher,,
OFF-20250103-JXEE-3746,2025-01-03,Jane Doe,EMP-002,Samsung 980 PRO 1TB,8,Components,Storage,1,8000,0,5500,Cash,Brenda Aguilar,,
OFF-20260111-EIFP-3747,2026-01-11,Jane Doe,EMP-002,NZXT H510 Case,1,Components,Cases,3,7000,0,4500,Cash,Sarah Mcgee,,
OFF-20220626-853J-3748,2022-06-26,Jane Doe,EMP-002,RTX 4070 Ti,12,Components,GPU,1,75000,0,60000,Credit Card,Christopher Diaz,,
OFF-20260225-M4GQ-3749,2026-02-25,Jane Doe,EMP-002,Corsair 32GB RAM,10,Components,RAM,2,9000,0,6000,Credit Card,Evan Pruitt,,
OFF-20211221-F12W-3750,2021-12-21,John Smith,EMP-003,Corsair 32GB RAM,19,Components,RAM,3,9000,0,6000,Credit Card,Brittany Garcia,,Begin letter any for.
OFF-20240402-OIZ3-3751,2024-04-02,Anton,EMP-001,ASUS ROG Monitor 27,3,Displays,Monitors,3,25000,0,18000,UPI,Jessica Oconnell,+1-655-606-5643,
OFF-20250301-AV9X-3752,2025-03-01,Anton,EMP-001,RTX 4070 Ti,10,Components,GPU,2,75000,0,60000,UPI,Walk-in,+1-465-370-6934,
OFF-20240822-BV5M-3753,2024-08-22,Jane Doe,EMP-002,Intel Core i7 13700K,8,Components,CPU,3,35000,1500,28000,UPI,Michael Baker,,
OFF-20251202-M236-3754,2025-12-02,Jane Doe,EMP-002,Logitech MX Master 3,7,Accessories,Mice,1,8500,1000,5000,Debit Card,Walk-in,(415)222-1694,
OFF-20210509-R5VM-3755,2021-05-09,Anton,EMP-001,Samsung 980 PRO 1TB,4,Components,Storage,2,8000,1500,5500,Cash,Kyle Lyons,001-439-563-1719,
OFF-20260318-NPAS-3756,2026-03-18,John Smith,EMP-003,RTX 4070 Ti,9,Components,GPU,3,75000,1500,60000,Debit Card,Michelle Smith,,During tree most business which clearly event.
OFF-20230925-160L-3757,2023-09-25,Jane Doe,EMP-002,RTX 4070 Ti,14,Components,GPU,2,75000,0,60000,Debit Card,Caleb Neal,,
OFF-20221107-3Q6O-3758,2022-11-07,John Smith,EMP-003,Samsung 980 PRO 1TB,19,Components,Storage,3,8000,0,5500,Cash,Gregory Bowman,+1-979-231-3106,
OFF-20220719-WPJ2-3759,2022-07-19,John Smith,EMP-003,Intel Core i7 13700K,4,Components,CPU,2,35000,1500,28000,Credit Card,Elizabeth Chavez,,Detail campaign practice century course start.
OFF-20220110-NE6E-3760,2022-01-10,John Smith,EMP-003,Gaming PC Build,14,Desktops,Gaming PC,1,85000,500,65000,Cash,Nicholas Bell,,Will they whose reason movement where leg.
OFF-20210605-7C2M-3761,2021-06-05,Anton,EMP-001,Intel Core i7 13700K,16,Components,CPU,3,35000,500,28000,Cash,Walk-in,424.490.1723,
OFF-20230212-Z9SR-3762,2023-02-12,Jane Doe,EMP-002,Corsair 32GB RAM,9,Components,RAM,3,9000,0,6000,Cash,Walk-in,369.258.9911x292,
OFF-20210622-2EOL-3763,2021-06-22,Jane Doe,EMP-002,Intel Core i7 13700K,15,Components,CPU,1,35000,500,28000,Credit Card,Catherine Oconnor,671.282.8521x9904,Fish enjoy visit yard environment.
OFF-20240115-T5E2-3764,2024-01-15,Anton,EMP-001,Corsair 32GB RAM,5,Components,RAM,3,9000,0,6000,Credit Card,Crystal Snyder,,
OFF-20220520-WCLK-3765,2022-05-20,Anton,EMP-001,Logitech WebCam C920,6,Accessories,Webcams,1,6000,0,3500,Debit Card,James Rivera,,
OFF-20230819-HU05-3766,2023-08-19,Anton,EMP-001,NZXT H510 Case,8,Components,Cases,2,7000,1000,4500,Debit Card,Mark Arnold,+1-432-582-7618,
OFF-20250716-BWGS-3767,2025-07-16,John Smith,EMP-003,Gaming PC Build,15,Desktops,Gaming PC,1,85000,0,65000,Credit Card,Jennifer Olson MD,,
OFF-20210714-SSEX-3768,2021-07-14,John Smith,EMP-003,Intel Core i7 13700K,12,Components,CPU,2,35000,0,28000,UPI,Walk-in,,
OFF-20240801-9USK-3769,2024-08-01,John Smith,EMP-003,Samsung 980 PRO 1TB,12,Components,Storage,2,8000,0,5500,Credit Card,James Davis,,
OFF-20240910-AO8Q-3770,2024-09-10,Jane Doe,EMP-002,RTX 4070 Ti,18,Components,GPU,1,75000,0,60000,Debit Card,Denise Johnson,001-520-982-1091x28795,
OFF-20211211-LCUV-3771,2021-12-11,Jane Doe,EMP-002,NZXT H510 Case,4,Components,Cases,1,7000,0,4500,UPI,Walk-in,(879)320-6397x715,
OFF-20230911-BX1A-3772,2023-09-11,Anton,EMP-001,Samsung 980 PRO 1TB,12,Components,Storage,3,8000,1500,5500,Debit Card,Thomas Roberts,,
OFF-20210928-BH9D-3773,2021-09-28,Anton,EMP-001,Samsung 980 PRO 1TB,2,Components,Storage,3,8000,0,5500,Cash,Shannon Cochran,347.920.8660x77686,Reflect poor series federal base purpose three.
OFF-20240706-60GT-3774,2024-07-06,Jane Doe,EMP-002,Gaming PC Build,18,Desktops,Gaming PC,1,85000,500,65000,UPI,Walk-in,(467)317-1312,
OFF-20230915-ABWB-3775,2023-09-15,John Smith,EMP-003,Samsung 980 PRO 1TB,11,Components,Storage,2,8000,500,5500,Cash,Joseph Torres,,
OFF-20221221-5EUP-3776,2022-12-21,Anton,EMP-001,Logitech MX Master 3,6,Accessories,Mice,2,8500,1500,5000,Debit Card,Ashley Miller,8196282945,Ten huge in price.
OFF-20250122-6WKB-3777,2025-01-22,John Smith,EMP-003,Gaming PC Build,8,Desktops,Gaming PC,3,85000,0,65000,Cash,John Tapia,,
OFF-20250216-MV6T-3778,2025-02-16,Anton,EMP-001,RTX 4070 Ti,18,Components,GPU,2,75000,500,60000,Credit Card,Walk-in,,Imagine by leave education her expert.
OFF-20220809-2PO9-3779,2022-08-09,John Smith,EMP-003,ASUS ROG Monitor 27,5,Displays,Monitors,1,25000,500,18000,Credit Card,Walk-in,981-837-0940x73667,Likely manage himself item none.
OFF-20220614-236R-3780,2022-06-14,John Smith,EMP-003,Corsair 32GB RAM,11,Components,RAM,1,9000,1500,6000,Debit Card,Bobby Martinez,,
OFF-20230423-P59S-3781,2023-04-23,Jane Doe,EMP-002,ASUS ROG Monitor 27,7,Displays,Monitors,2,25000,0,18000,UPI,Angela Stewart,001-882-535-8974x1667,
OFF-20220511-LLZI-3782,2022-05-11,Anton,EMP-001,Gaming PC Build,9,Desktops,Gaming PC,3,85000,500,65000,UPI,Charles Tran,4354066062,
OFF-20220213-1NHY-3783,2022-02-13,Jane Doe,EMP-002,Gaming PC Build,3,Desktops,Gaming PC,2,85000,500,65000,UPI,Rebecca Wilkinson,,
OFF-20230728-0KV3-3784,2023-07-28,Jane Doe,EMP-002,ASUS ROG Monitor 27,18,Displays,Monitors,2,25000,1000,18000,Cash,Paul Chapman,,Until color family first someone capital economic.
OFF-20231219-2B00-3785,2023-12-19,John Smith,EMP-003,NZXT H510 Case,4,Components,Cases,2,7000,0,4500,Cash,Sergio Clark,,Live fill see hair fall them environment.
OFF-20230926-1NBZ-3786,2023-09-26,Jane Doe,EMP-002,Razer BlackWidow,12,Accessories,Keyboards,1,12000,0,8000,Credit Card,Jared Obrien,(399)208-3595,Thus add year man instead station.
OFF-20230721-RC9K-3787,2023-07-21,Anton,EMP-001,Intel Core i7 13700K,1,Components,CPU,3,35000,0,28000,UPI,Bryan Alvarez,902.448.4783x798,
OFF-20221009-1R7P-3788,2022-10-09,Anton,EMP-001,Razer BlackWidow,12,Accessories,Keyboards,1,12000,1500,8000,Credit Card,Christopher Yoder,(928)921-6891x5588,
OFF-20210520-CJ2I-3789,2021-05-20,Jane Doe,EMP-002,ASUS ROG Monitor 27,15,Displays,Monitors,1,25000,500,18000,Debit Card,Claudia Riley,,
OFF-20210414-7N7K-3790,2021-04-14,John Smith,EMP-003,Corsair 32GB RAM,6,Components,RAM,3,9000,0,6000,Credit Card,Walk-in,+1-956-776-6843x8543,Article black authority answer.
OFF-20210622-K0WX-3791,2021-06-22,John Smith,EMP-003,RTX 4070 Ti,17,Components,GPU,1,75000,1500,60000,Debit Card,Angel Leon,,
OFF-20250614-WVSR-3792,2025-06-14,Anton,EMP-001,Razer BlackWidow,18,Accessories,Keyboards,1,12000,0,8000,Debit Card,Walk-in,+1-362-904-3515,
OFF-20240729-BQ3N-3793,2024-07-29,Jane Doe,EMP-002,ASUS ROG Monitor 27,13,Displays,Monitors,3,25000,1000,18000,UPI,Sean Walker,240.422.7840,
OFF-20250717-L4ZU-3794,2025-07-17,John Smith,EMP-003,Gaming PC Build,7,Desktops,Gaming PC,3,85000,0,65000,Debit Card,Walk-in,,
OFF-20210526-THHL-3795,2021-05-26,John Smith,EMP-003,RTX 4070 Ti,17,Components,GPU,3,75000,0,60000,UPI,Brandy Gonzalez,,
OFF-20231122-I796-3796,2023-11-22,Jane Doe,EMP-002,RTX 4070 Ti,3,Components,GPU,2,75000,0,60000,Debit Card,Stephanie Smith,(259)772-4377x5951,
OFF-20251013-PD34-3797,2025-10-13,Anton,EMP-001,Gaming PC Build,5,Desktops,Gaming PC,1,85000,0,65000,Debit Card,Mary Merritt,,
OFF-20250215-ZOTB-3798,2025-02-15,John Smith,EMP-003,ASUS ROG Monitor 27,6,Displays,Monitors,2,25000,1500,18000,Credit Card,Jessica Avery,,
OFF-20220719-SLF4-3799,2022-07-19,Anton,EMP-001,Samsung 980 PRO 1TB,7,Components,Storage,1,8000,1500,5500,Debit Card,Joseph Cross,,
OFF-20220407-XJ0M-3800,2022-04-07,Anton,EMP-001,Gaming PC Build,2,Desktops,Gaming PC,1,85000,0,65000,Cash,Charles Ochoa,,Establish help event itself state simple test.
OFF-20250113-H1H9-3801,2025-01-13,Jane Doe,EMP-002,Intel Core i7 13700K,2,Components,CPU,2,35000,1500,28000,Credit Card,Jessica Lewis,001-396-295-7852x009,Man animal job animal friend knowledge kitchen.
OFF-20250228-4NYD-3802,2025-02-28,Anton,EMP-001,Gaming PC Build,19,Desktops,Gaming PC,2,85000,1500,65000,UPI,Michael Delgado,,
OFF-20230731-7SHA-3803,2023-07-31,Anton,EMP-001,Corsair 32GB RAM,7,Components,RAM,2,9000,0,6000,UPI,Walk-in,351-356-0777x6333,Success poor education team field he boy.
OFF-20220331-ESU3-3804,2022-03-31,Jane Doe,EMP-002,NZXT H510 Case,20,Components,Cases,1,7000,0,4500,Cash,Jennifer Richards,897.304.5534x5806,
OFF-20210902-2NN7-3805,2021-09-02,Jane Doe,EMP-002,Samsung 980 PRO 1TB,14,Components,Storage,2,8000,0,5500,UPI,Ashley Shelton,937.417.5607x40054,
OFF-20240617-6YXB-3806,2024-06-17,John Smith,EMP-003,Corsair 32GB RAM,5,Components,RAM,3,9000,0,6000,Credit Card,Emily Walsh,441.889.4056x6975,Training election institution ago hour no fight actually.
OFF-20230817-YDFS-3807,2023-08-17,Anton,EMP-001,RTX 4070 Ti,16,Components,GPU,2,75000,1000,60000,UPI,Thomas Woods,+1-382-524-6129x358,
OFF-20211004-VUMH-3808,2021-10-04,Jane Doe,EMP-002,Logitech MX Master 3,1,Accessories,Mice,1,8500,500,5000,Debit Card,Walk-in,3146793534,
OFF-20220120-UJRL-3809,2022-01-20,Jane Doe,EMP-002,Razer BlackWidow,19,Accessories,Keyboards,2,12000,0,8000,Credit Card,Regina Carrillo,,
OFF-20211209-OQMV-3810,2021-12-09,Jane Doe,EMP-002,Logitech MX Master 3,10,Accessories,Mice,2,8500,1500,5000,UPI,Christina Ortiz,001-365-443-4098x21065,
OFF-20220401-ADGO-3811,2022-04-01,John Smith,EMP-003,NZXT H510 Case,1,Components,Cases,2,7000,1000,4500,Cash,Walk-in,(742)593-6746,
OFF-20220715-BRSQ-3812,2022-07-15,Anton,EMP-001,ASUS ROG Monitor 27,8,Displays,Monitors,1,25000,1000,18000,UPI,Walk-in,+1-449-948-3700x27507,
OFF-20230903-LZ2O-3813,2023-09-03,Jane Doe,EMP-002,NZXT H510 Case,18,Components,Cases,1,7000,500,4500,UPI,Eric Ray,(848)273-8156x6564,
OFF-20211104-GUWA-3814,2021-11-04,John Smith,EMP-003,NZXT H510 Case,2,Components,Cases,3,7000,0,4500,Credit Card,Walk-in,+1-771-279-1936x19695,
OFF-20230625-4ZLT-3815,2023-06-25,Anton,EMP-001,ASUS ROG Monitor 27,8,Displays,Monitors,2,25000,0,18000,Cash,Robert Stokes,,
OFF-20240124-426M-3816,2024-01-24,Jane Doe,EMP-002,Samsung 980 PRO 1TB,10,Components,Storage,3,8000,500,5500,Cash,Bradley Lane,,
OFF-20211012-VIMC-3817,2021-10-12,Anton,EMP-001,NZXT H510 Case,10,Components,Cases,1,7000,1000,4500,Credit Card,Joanne Mcneil,,
OFF-20240226-AIYC-3818,2024-02-26,John Smith,EMP-003,Razer BlackWidow,6,Accessories,Keyboards,3,12000,1000,8000,UPI,Clifford Austin,001-746-737-6522x1290,
OFF-20260103-928V-3819,2026-01-03,Anton,EMP-001,Gaming PC Build,17,Desktops,Gaming PC,3,85000,0,65000,Cash,Donald Thompson,(541)797-7718x2867,
OFF-20221020-XGQZ-3820,2022-10-20,Jane Doe,EMP-002,RTX 4070 Ti,4,Components,GPU,1,75000,0,60000,Credit Card,Walk-in,307-407-5655,
OFF-20240511-T5JK-3821,2024-05-11,Anton,EMP-001,Gaming PC Build,10,Desktops,Gaming PC,1,85000,1000,65000,UPI,Walk-in,001-656-331-5730,
OFF-20230621-FZGE-3822,2023-06-21,John Smith,EMP-003,Razer BlackWidow,13,Accessories,Keyboards,1,12000,0,8000,Debit Card,Walk-in,,
OFF-20220531-BP3U-3823,2022-05-31,Jane Doe,EMP-002,Corsair 32GB RAM,18,Components,RAM,1,9000,500,6000,UPI,Walk-in,351.976.7441x5365,
OFF-20230831-QRR2-3824,2023-08-31,Jane Doe,EMP-002,Logitech WebCam C920,18,Accessories,Webcams,3,6000,1500,3500,Debit Card,Jaime Christensen,977.584.0491x537,
OFF-20241006-RTJ9-3825,2024-10-06,John Smith,EMP-003,NZXT H510 Case,7,Components,Cases,1,7000,0,4500,Debit Card,Donna Garcia,001-592-964-4157x71464,Box resource skill sell race while maintain.
OFF-20230528-C1AX-3826,2023-05-28,Jane Doe,EMP-002,Logitech WebCam C920,20,Accessories,Webcams,2,6000,1500,3500,Credit Card,Elizabeth Jones,,
OFF-20250502-ZHKZ-3827,2025-05-02,Anton,EMP-001,Corsair 32GB RAM,17,Components,RAM,2,9000,0,6000,UPI,Matthew Rasmussen MD,001-756-866-5020,
OFF-20230702-F43E-3828,2023-07-02,John Smith,EMP-003,Logitech MX Master 3,17,Accessories,Mice,2,8500,1500,5000,Debit Card,Walk-in,+1-320-718-9083,
OFF-20210820-98W8-3829,2021-08-20,John Smith,EMP-003,Logitech MX Master 3,1,Accessories,Mice,2,8500,1500,5000,Cash,Tammy Garcia,,
OFF-20230222-J6JH-3830,2023-02-22,John Smith,EMP-003,Intel Core i7 13700K,19,Components,CPU,1,35000,1000,28000,Cash,Walk-in,001-952-607-7418x62592,
OFF-20210928-BJL6-3831,2021-09-28,Jane Doe,EMP-002,NZXT H510 Case,12,Components,Cases,2,7000,0,4500,UPI,Katherine Blanchard,644-821-8460x07996,Where fine different value man share fill.
OFF-20241205-31U1-3832,2024-12-05,Anton,EMP-001,NZXT H510 Case,16,Components,Cases,1,7000,1500,4500,Debit Card,Heather Solis,,Method record indicate might strategy head per.
OFF-20230303-TWI0-3833,2023-03-03,Jane Doe,EMP-002,NZXT H510 Case,17,Components,Cases,2,7000,0,4500,UPI,Kyle Stewart,,
OFF-20211030-BPFQ-3834,2021-10-30,John Smith,EMP-003,Logitech WebCam C920,8,Accessories,Webcams,2,6000,500,3500,Debit Card,Michael Flynn,,
OFF-20221008-SATI-3835,2022-10-08,Jane Doe,EMP-002,Razer BlackWidow,15,Accessories,Keyboards,2,12000,0,8000,UPI,Shane Rivera,,
OFF-20210430-SXY5-3836,2021-04-30,Anton,EMP-001,NZXT H510 Case,14,Components,Cases,2,7000,1500,4500,UPI,Clinton James,4916121600,
OFF-20230314-IUSI-3837,2023-03-14,Jane Doe,EMP-002,Razer BlackWidow,14,Accessories,Keyboards,3,12000,500,8000,Cash,Troy White,,
OFF-20230714-59L0-3838,2023-07-14,Jane Doe,EMP-002,Gaming PC Build,3,Desktops,Gaming PC,3,85000,0,65000,Cash,Walk-in,329.804.1447,
OFF-20220909-DRGW-3839,2022-09-09,John Smith,EMP-003,Samsung 980 PRO 1TB,19,Components,Storage,1,8000,0,5500,Cash,Joseph Simmons,,Course especially suffer require himself heavy thousand myself.
OFF-20221209-A3YJ-3840,2022-12-09,John Smith,EMP-003,Razer BlackWidow,16,Accessories,Keyboards,1,12000,0,8000,UPI,William Garcia,(200)687-2267,
OFF-20251210-5322-3841,2025-12-10,Jane Doe,EMP-002,NZXT H510 Case,16,Components,Cases,2,7000,0,4500,Cash,Collin Berry,+1-301-747-1738,Purpose benefit just prevent contain natural.
OFF-20210826-WHOQ-3842,2021-08-26,Jane Doe,EMP-002,Gaming PC Build,19,Desktops,Gaming PC,1,85000,0,65000,UPI,William Graham PhD,(600)936-1725x430,
OFF-20230227-DHUM-3843,2023-02-27,Jane Doe,EMP-002,Samsung 980 PRO 1TB,10,Components,Storage,1,8000,1500,5500,UPI,Shawn Beck,(957)819-3897,
OFF-20220826-3ZCG-3844,2022-08-26,Jane Doe,EMP-002,Logitech MX Master 3,8,Accessories,Mice,1,8500,500,5000,UPI,Walk-in,,
OFF-20220628-SG1L-3845,2022-06-28,Jane Doe,EMP-002,NZXT H510 Case,5,Components,Cases,3,7000,1500,4500,Cash,Walk-in,,Father establish federal approach alone task something.
OFF-20231117-9T7F-3846,2023-11-17,John Smith,EMP-003,Razer BlackWidow,16,Accessories,Keyboards,1,12000,0,8000,Debit Card,Danielle Foster,001-800-454-9693x318,
OFF-20230104-GJ5V-3847,2023-01-04,Anton,EMP-001,ASUS ROG Monitor 27,2,Displays,Monitors,2,25000,1000,18000,Credit Card,John Meadows,,Meet table region open.
OFF-20250321-MQ6X-3848,2025-03-21,Jane Doe,EMP-002,RTX 4070 Ti,9,Components,GPU,1,75000,0,60000,Debit Card,James Summers,,
OFF-20221031-FC7R-3849,2022-10-31,John Smith,EMP-003,Corsair 32GB RAM,11,Components,RAM,3,9000,1500,6000,Debit Card,Walk-in,,
OFF-20240319-D6PJ-3850,2024-03-19,Jane Doe,EMP-002,Samsung 980 PRO 1TB,17,Components,Storage,1,8000,1500,5500,Credit Card,Walk-in,664-911-8072,
OFF-20231105-LDW5-3851,2023-11-05,John Smith,EMP-003,Corsair 32GB RAM,17,Components,RAM,2,9000,1500,6000,Cash,Nicole Martinez DDS,(930)777-3294x8975,
OFF-20240312-21SG-3852,2024-03-12,Jane Doe,EMP-002,Gaming PC Build,7,Desktops,Gaming PC,2,85000,0,65000,Credit Card,Jane Cox,,
OFF-20251017-HIOD-3853,2025-10-17,Jane Doe,EMP-002,Gaming PC Build,19,Desktops,Gaming PC,1,85000,0,65000,UPI,Wesley Rivera,,
OFF-20230221-3GNJ-3854,2023-02-21,John Smith,EMP-003,Samsung 980 PRO 1TB,12,Components,Storage,1,8000,0,5500,UPI,Laura Mccall,(466)551-8101x75484,Red even reduce democratic student.
OFF-20210916-2O9D-3855,2021-09-16,Jane Doe,EMP-002,Logitech MX Master 3,3,Accessories,Mice,3,8500,0,5000,Credit Card,Lauren Beck,+1-369-807-5467x189,Human share girl.
OFF-20250525-YCE2-3856,2025-05-25,John Smith,EMP-003,Logitech WebCam C920,7,Accessories,Webcams,2,6000,0,3500,Credit Card,Carrie Holloway,,
OFF-20220530-9228-3857,2022-05-30,John Smith,EMP-003,Logitech MX Master 3,3,Accessories,Mice,3,8500,500,5000,Credit Card,Walk-in,(687)824-3606,
OFF-20250114-ZMH2-3858,2025-01-14,John Smith,EMP-003,NZXT H510 Case,4,Components,Cases,2,7000,500,4500,Credit Card,Austin Henson,646.570.0464x4582,
OFF-20250915-55UV-3859,2025-09-15,John Smith,EMP-003,Corsair 32GB RAM,6,Components,RAM,1,9000,500,6000,UPI,Walk-in,001-617-382-2216x81185,
OFF-20230601-ET9O-3860,2023-06-01,Jane Doe,EMP-002,Gaming PC Build,9,Desktops,Gaming PC,3,85000,500,65000,Credit Card,Ann Nunez,001-869-324-7478,Big alone stage move change economic.
OFF-20230101-1YAA-3861,2023-01-01,Anton,EMP-001,Logitech MX Master 3,20,Accessories,Mice,2,8500,0,5000,UPI,Ruben Ashley,001-364-360-1585x4767,
OFF-20251021-G1KP-3862,2025-10-21,John Smith,EMP-003,Razer BlackWidow,20,Accessories,Keyboards,1,12000,0,8000,Credit Card,Gabriel Nielsen,,
OFF-20250929-0OJI-3863,2025-09-29,Anton,EMP-001,Intel Core i7 13700K,5,Components,CPU,2,35000,0,28000,Debit Card,Monica Barber,(871)730-1890x997,
OFF-20230210-CHZS-3864,2023-02-10,John Smith,EMP-003,Corsair 32GB RAM,6,Components,RAM,2,9000,0,6000,Credit Card,Walk-in,5882543371,
OFF-20220110-6WD2-3865,2022-01-10,John Smith,EMP-003,ASUS ROG Monitor 27,11,Displays,Monitors,1,25000,0,18000,Credit Card,Walk-in,(535)668-3192,
OFF-20220719-OHM4-3866,2022-07-19,John Smith,EMP-003,Samsung 980 PRO 1TB,12,Components,Storage,2,8000,0,5500,Credit Card,Chad Williams,(800)338-6719x4494,
OFF-20260125-AX83-3867,2026-01-25,Jane Doe,EMP-002,RTX 4070 Ti,6,Components,GPU,3,75000,500,60000,UPI,Walk-in,901-959-3547,On health analysis main really.
OFF-20210903-TUKL-3868,2021-09-03,Jane Doe,EMP-002,Corsair 32GB RAM,19,Components,RAM,2,9000,0,6000,UPI,Walk-in,,
OFF-20211030-G8DS-3869,2021-10-30,Jane Doe,EMP-002,Gaming PC Build,11,Desktops,Gaming PC,1,85000,0,65000,Cash,Walk-in,(642)724-5015x28604,
OFF-20240605-ISFS-3870,2024-06-05,Anton,EMP-001,NZXT H510 Case,14,Components,Cases,1,7000,500,4500,Cash,Andrea Nelson,857.275.3497,
OFF-20220723-IQYV-3871,2022-07-23,John Smith,EMP-003,Gaming PC Build,13,Desktops,Gaming PC,1,85000,500,65000,UPI,Kevin Bauer,,Run us however day story.
OFF-20241107-ELMY-3872,2024-11-07,Jane Doe,EMP-002,ASUS ROG Monitor 27,1,Displays,Monitors,1,25000,1500,18000,Cash,Rachel Weber,(421)621-4318,
OFF-20251012-1LDQ-3873,2025-10-12,Anton,EMP-001,Razer BlackWidow,16,Accessories,Keyboards,2,12000,0,8000,Credit Card,Kimberly Arroyo,974-966-0987,
OFF-20241112-0G28-3874,2024-11-12,Jane Doe,EMP-002,NZXT H510 Case,16,Components,Cases,3,7000,1500,4500,Debit Card,Walk-in,,
OFF-20220101-BHCA-3875,2022-01-01,John Smith,EMP-003,Logitech MX Master 3,2,Accessories,Mice,1,8500,500,5000,UPI,Kent Bell,,Themselves must government administration government serious.
OFF-20240126-9F8L-3876,2024-01-26,John Smith,EMP-003,Samsung 980 PRO 1TB,13,Components,Storage,2,8000,0,5500,UPI,Susan Fitzgerald,001-601-704-0482x5749,
OFF-20240405-HG3M-3877,2024-04-05,Anton,EMP-001,RTX 4070 Ti,10,Components,GPU,3,75000,0,60000,Debit Card,Paul Knox,,
OFF-20211225-8WBP-3878,2021-12-25,Jane Doe,EMP-002,Logitech WebCam C920,4,Accessories,Webcams,3,6000,1500,3500,Credit Card,Anthony Phillips,+1-626-633-6422,Raise environmental rule concern.
OFF-20230518-XXZP-3879,2023-05-18,John Smith,EMP-003,ASUS ROG Monitor 27,8,Displays,Monitors,1,25000,0,18000,Credit Card,Lauren Rodgers,,
OFF-20260302-MB2W-3880,2026-03-02,John Smith,EMP-003,NZXT H510 Case,14,Components,Cases,3,7000,0,4500,UPI,Allison Moody,2486163062,
OFF-20230814-MSAX-3881,2023-08-14,Anton,EMP-001,Samsung 980 PRO 1TB,18,Components,Storage,2,8000,1500,5500,Debit Card,Alan Smith MD,,Almost firm federal keep eight capital leader.
OFF-20230118-76DI-3882,2023-01-18,Jane Doe,EMP-002,Gaming PC Build,5,Desktops,Gaming PC,3,85000,1500,65000,Cash,Jeremy Wilson,,
OFF-20250722-XMVS-3883,2025-07-22,John Smith,EMP-003,Intel Core i7 13700K,9,Components,CPU,1,35000,500,28000,Debit Card,Kevin Wilson,(327)772-8927x16723,View along author laugh industry born.
OFF-20230131-N1O1-3884,2023-01-31,Anton,EMP-001,Intel Core i7 13700K,19,Components,CPU,1,35000,1000,28000,Cash,Walk-in,001-878-920-9958x912,
OFF-20250422-N4U1-3885,2025-04-22,Jane Doe,EMP-002,Corsair 32GB RAM,16,Components,RAM,2,9000,0,6000,Credit Card,Jonathan Sanders,(653)573-1574,
OFF-20230504-LZWR-3886,2023-05-04,Jane Doe,EMP-002,Logitech MX Master 3,12,Accessories,Mice,3,8500,0,5000,Debit Card,Christine Lane,,
OFF-20250511-KXQR-3887,2025-05-11,Jane Doe,EMP-002,Intel Core i7 13700K,11,Components,CPU,1,35000,1500,28000,Cash,Robert Lane,,
OFF-20260219-1SQ3-3888,2026-02-19,Anton,EMP-001,Corsair 32GB RAM,7,Components,RAM,3,9000,0,6000,Cash,Walk-in,(630)405-6496,
OFF-20231109-QBTN-3889,2023-11-09,Anton,EMP-001,Razer BlackWidow,18,Accessories,Keyboards,3,12000,1000,8000,UPI,Lisa Smith,,
OFF-20230928-8QNJ-3890,2023-09-28,Jane Doe,EMP-002,Gaming PC Build,15,Desktops,Gaming PC,1,85000,0,65000,UPI,Robert Hamilton,,
OFF-20210904-N6RD-3891,2021-09-04,John Smith,EMP-003,Samsung 980 PRO 1TB,9,Components,Storage,2,8000,1500,5500,Cash,Matthew Powers,(295)898-9150x0189,
OFF-20221110-WU80-3892,2022-11-10,Jane Doe,EMP-002,Gaming PC Build,16,Desktops,Gaming PC,3,85000,500,65000,Cash,Sean Hull,,
OFF-20230115-HS6K-3893,2023-01-15,Anton,EMP-001,ASUS ROG Monitor 27,8,Displays,Monitors,3,25000,1000,18000,Debit Card,Robert Hughes,,Tv remember shake threat medical.
OFF-20241202-J60P-3894,2024-12-02,Anton,EMP-001,Samsung 980 PRO 1TB,8,Components,Storage,1,8000,0,5500,UPI,David Osborne,509.787.9092,
OFF-20221012-PJYH-3895,2022-10-12,John Smith,EMP-003,Samsung 980 PRO 1TB,5,Components,Storage,3,8000,0,5500,Credit Card,Walk-in,,Draw though itself after.
OFF-20240615-8YZ0-3896,2024-06-15,Anton,EMP-001,Samsung 980 PRO 1TB,13,Components,Storage,1,8000,1000,5500,Credit Card,Dalton Moreno,+1-644-488-7590x5219,
OFF-20251119-R5SD-3897,2025-11-19,Jane Doe,EMP-002,Samsung 980 PRO 1TB,4,Components,Storage,2,8000,1000,5500,UPI,Brandon Lee,,
OFF-20250910-P8XN-3898,2025-09-10,Anton,EMP-001,NZXT H510 Case,16,Components,Cases,2,7000,1000,4500,Debit Card,John King,,
OFF-20241001-PNNH-3899,2024-10-01,Anton,EMP-001,Gaming PC Build,3,Desktops,Gaming PC,1,85000,1000,65000,Cash,Walk-in,273-524-4698x366,
OFF-20250601-GKPY-3900,2025-06-01,Anton,EMP-001,Intel Core i7 13700K,7,Components,CPU,1,35000,0,28000,Debit Card,Angela Evans,9995303527,Clearly box eight likely value guess some benefit.
OFF-20230922-U5PT-3901,2023-09-22,John Smith,EMP-003,Gaming PC Build,6,Desktops,Gaming PC,1,85000,0,65000,Cash,Erik Fuller,,Much poor professional usually.
OFF-20210411-IPXO-3902,2021-04-11,Jane Doe,EMP-002,Razer BlackWidow,12,Accessories,Keyboards,3,12000,1000,8000,UPI,Walk-in,,
OFF-20211224-Y1AX-3903,2021-12-24,Jane Doe,EMP-002,Intel Core i7 13700K,2,Components,CPU,1,35000,500,28000,Credit Card,Charles May,,
OFF-20220618-RBB4-3904,2022-06-18,Jane Doe,EMP-002,Samsung 980 PRO 1TB,15,Components,Storage,3,8000,500,5500,Cash,Diana Gibbs,377-358-9721x8129,
OFF-20231105-85DJ-3905,2023-11-05,John Smith,EMP-003,Razer BlackWidow,7,Accessories,Keyboards,2,12000,1000,8000,Cash,Walk-in,,Subject pull wife.
OFF-20220224-BT14-3906,2022-02-24,John Smith,EMP-003,Logitech WebCam C920,18,Accessories,Webcams,2,6000,0,3500,Debit Card,Steve Nichols,8165685496,
OFF-20210626-LFSF-3907,2021-06-26,Anton,EMP-001,ASUS ROG Monitor 27,6,Displays,Monitors,2,25000,0,18000,Debit Card,Cynthia Horn,001-373-347-6439x595,Bank expert myself against list.
OFF-20221031-52FN-3908,2022-10-31,Anton,EMP-001,Samsung 980 PRO 1TB,19,Components,Storage,3,8000,0,5500,Cash,Walk-in,(570)493-5688,
OFF-20230920-P3WG-3909,2023-09-20,John Smith,EMP-003,Intel Core i7 13700K,19,Components,CPU,3,35000,1000,28000,Cash,Walk-in,+1-619-580-4060,
OFF-20211005-DSWU-3910,2021-10-05,John Smith,EMP-003,Razer BlackWidow,7,Accessories,Keyboards,2,12000,0,8000,Credit Card,Janice White,6057480865,
OFF-20210729-PM9F-3911,2021-07-29,Jane Doe,EMP-002,Logitech WebCam C920,6,Accessories,Webcams,1,6000,0,3500,Credit Card,Brent Brown,,
OFF-20220930-7S3O-3912,2022-09-30,Jane Doe,EMP-002,Intel Core i7 13700K,18,Components,CPU,2,35000,0,28000,UPI,Julie Silva,591.391.7730x244,
OFF-20221210-39QI-3913,2022-12-10,John Smith,EMP-003,Logitech WebCam C920,3,Accessories,Webcams,3,6000,0,3500,Cash,Walk-in,,
OFF-20210817-WT3M-3914,2021-08-17,John Smith,EMP-003,Corsair 32GB RAM,4,Components,RAM,2,9000,0,6000,Cash,Walk-in,,
OFF-20230927-F0DU-3915,2023-09-27,Anton,EMP-001,ASUS ROG Monitor 27,14,Displays,Monitors,2,25000,0,18000,UPI,Gabriel Carlson,(253)739-3779x8254,
OFF-20241031-GNBH-3916,2024-10-31,Anton,EMP-001,NZXT H510 Case,12,Components,Cases,1,7000,500,4500,Debit Card,Lauren Jones,,
OFF-20220429-8COS-3917,2022-04-29,Anton,EMP-001,Gaming PC Build,13,Desktops,Gaming PC,2,85000,0,65000,Debit Card,Walk-in,,
OFF-20221206-2JVJ-3918,2022-12-06,John Smith,EMP-003,Razer BlackWidow,15,Accessories,Keyboards,1,12000,0,8000,UPI,Justin Jenkins,403.498.3832,Born country plant more above push card.
OFF-20260228-FKWJ-3919,2026-02-28,Jane Doe,EMP-002,Logitech WebCam C920,16,Accessories,Webcams,3,6000,0,3500,UPI,Ashley Hill,(735)382-8686x610,Security hand check base pull already idea value.
OFF-20250204-UXQA-3920,2025-02-04,Jane Doe,EMP-002,NZXT H510 Case,16,Components,Cases,2,7000,0,4500,Credit Card,Brett Walker,(986)707-6650,Despite crime hundred card reflect.
OFF-20210411-QYO2-3921,2021-04-11,John Smith,EMP-003,Logitech MX Master 3,19,Accessories,Mice,2,8500,1000,5000,Debit Card,Christopher Wilson,,
OFF-20250131-L84B-3922,2025-01-31,Jane Doe,EMP-002,NZXT H510 Case,15,Components,Cases,1,7000,0,4500,Cash,Megan Holmes,,
OFF-20210529-S40F-3923,2021-05-29,John Smith,EMP-003,NZXT H510 Case,13,Components,Cases,1,7000,1000,4500,UPI,Walk-in,,
OFF-20210929-YKNZ-3924,2021-09-29,Anton,EMP-001,Logitech MX Master 3,12,Accessories,Mice,3,8500,1000,5000,UPI,Stephen David,703.501.4301x18998,
OFF-20251206-8UTM-3925,2025-12-06,John Smith,EMP-003,ASUS ROG Monitor 27,4,Displays,Monitors,3,25000,500,18000,Credit Card,Gina Collins,(467)751-2869x599,
OFF-20231202-LP60-3926,2023-12-02,Anton,EMP-001,NZXT H510 Case,1,Components,Cases,3,7000,500,4500,Cash,Justin Hudson,829-874-3729x474,Air program once interest.
OFF-20230101-CW66-3927,2023-01-01,John Smith,EMP-003,RTX 4070 Ti,12,Components,GPU,3,75000,0,60000,UPI,Thomas Diaz,488.474.3061,Team say road bad.
OFF-20220912-W7H9-3928,2022-09-12,Anton,EMP-001,Logitech WebCam C920,10,Accessories,Webcams,1,6000,1500,3500,Credit Card,Walk-in,2774024465,
OFF-20230920-HOGJ-3929,2023-09-20,John Smith,EMP-003,Logitech WebCam C920,19,Accessories,Webcams,1,6000,1000,3500,Credit Card,Erika Wells,897-947-1990x60774,
OFF-20221021-M93U-3930,2022-10-21,Anton,EMP-001,Gaming PC Build,15,Desktops,Gaming PC,1,85000,500,65000,Credit Card,Maria Chang,,
OFF-20260220-Q1BS-3931,2026-02-20,Jane Doe,EMP-002,Corsair 32GB RAM,2,Components,RAM,3,9000,0,6000,UPI,Miranda Best,,
OFF-20230501-W9OB-3932,2023-05-01,Jane Doe,EMP-002,ASUS ROG Monitor 27,5,Displays,Monitors,1,25000,500,18000,Credit Card,Walk-in,,
OFF-20240522-JGU5-3933,2024-05-22,Jane Doe,EMP-002,Logitech MX Master 3,4,Accessories,Mice,3,8500,1500,5000,UPI,Ashley Wilson,286.740.2448,
OFF-20210810-YEHE-3934,2021-08-10,John Smith,EMP-003,Samsung 980 PRO 1TB,15,Components,Storage,2,8000,0,5500,Cash,Patricia Andersen,,
OFF-20220608-Q7MO-3935,2022-06-08,Anton,EMP-001,Samsung 980 PRO 1TB,12,Components,Storage,3,8000,0,5500,Debit Card,Walk-in,,
OFF-20250608-1RGU-3936,2025-06-08,Jane Doe,EMP-002,Logitech MX Master 3,9,Accessories,Mice,2,8500,1500,5000,Credit Card,Jennifer Harvey,,
OFF-20220901-43AN-3937,2022-09-01,John Smith,EMP-003,Logitech MX Master 3,8,Accessories,Mice,2,8500,0,5000,Debit Card,Johnny Woods,,
OFF-20250111-8JFS-3938,2025-01-11,Jane Doe,EMP-002,Samsung 980 PRO 1TB,5,Components,Storage,2,8000,0,5500,UPI,Scott Smith,,
OFF-20221106-4NV2-3939,2022-11-06,Jane Doe,EMP-002,Gaming PC Build,7,Desktops,Gaming PC,3,85000,500,65000,UPI,Jamie Stone,,Me dog beautiful party everyone part her.
OFF-20220722-4KMM-3940,2022-07-22,John Smith,EMP-003,Logitech WebCam C920,12,Accessories,Webcams,1,6000,500,3500,Debit Card,Walk-in,,Though hour break many.
OFF-20250419-7JPW-3941,2025-04-19,John Smith,EMP-003,Gaming PC Build,9,Desktops,Gaming PC,1,85000,0,65000,UPI,Walk-in,,
OFF-20221113-TC9A-3942,2022-11-13,Anton,EMP-001,Intel Core i7 13700K,3,Components,CPU,3,35000,0,28000,Debit Card,Walk-in,,
OFF-20220310-0DNE-3943,2022-03-10,John Smith,EMP-003,Gaming PC Build,19,Desktops,Gaming PC,2,85000,0,65000,UPI,Karen Perkins,511.200.7770x865,
OFF-20241120-R6YJ-3944,2024-11-20,John Smith,EMP-003,Samsung 980 PRO 1TB,2,Components,Storage,3,8000,0,5500,Credit Card,Shannon Diaz,,
OFF-20241003-0GD2-3945,2024-10-03,John Smith,EMP-003,Intel Core i7 13700K,9,Components,CPU,3,35000,0,28000,Debit Card,Jeremy Taylor,274-302-5788x5661,Recently large detail mouth land chance in.
OFF-20250813-13HL-3946,2025-08-13,Jane Doe,EMP-002,NZXT H510 Case,4,Components,Cases,1,7000,1000,4500,Debit Card,Maria Hammond,+1-434-942-0363x1846,Join main blood their resource example.
OFF-20251124-GEU1-3947,2025-11-24,Jane Doe,EMP-002,Logitech WebCam C920,9,Accessories,Webcams,3,6000,0,3500,UPI,Frederick Davis,,
OFF-20250916-6URX-3948,2025-09-16,John Smith,EMP-003,ASUS ROG Monitor 27,5,Displays,Monitors,2,25000,0,18000,Cash,Brittany Hunt,4813351726,
OFF-20211214-0JYT-3949,2021-12-14,Anton,EMP-001,NZXT H510 Case,17,Components,Cases,2,7000,0,4500,UPI,Katherine Thompson,,Form right paper use.
OFF-20210722-RTAE-3950,2021-07-22,Jane Doe,EMP-002,Gaming PC Build,18,Desktops,Gaming PC,2,85000,0,65000,Cash,Sarah Reyes,,
OFF-20220304-HF2W-3951,2022-03-04,John Smith,EMP-003,Razer BlackWidow,10,Accessories,Keyboards,1,12000,0,8000,Cash,Lauren Smith,546-867-8853x98209,
OFF-20230409-8H9B-3952,2023-04-09,Jane Doe,EMP-002,ASUS ROG Monitor 27,4,Displays,Monitors,2,25000,1000,18000,Cash,Jeremy Flores,373-344-2746,
OFF-20241123-HNVF-3953,2024-11-23,Anton,EMP-001,Samsung 980 PRO 1TB,14,Components,Storage,1,8000,1500,5500,UPI,Brenda Jones,,
OFF-20210822-R0V3-3954,2021-08-22,Anton,EMP-001,Corsair 32GB RAM,14,Components,RAM,1,9000,0,6000,UPI,Kristen Garcia,,Speak change program available career.
OFF-20221031-E8HK-3955,2022-10-31,Jane Doe,EMP-002,Intel Core i7 13700K,10,Components,CPU,3,35000,1500,28000,Cash,John Mccormick MD,,Exist popular available support small another report.
OFF-20250208-2AX9-3956,2025-02-08,Anton,EMP-001,ASUS ROG Monitor 27,17,Displays,Monitors,3,25000,0,18000,Credit Card,Dawn Clark,,
OFF-20220205-3CPP-3957,2022-02-05,Anton,EMP-001,Razer BlackWidow,7,Accessories,Keyboards,1,12000,1500,8000,Credit Card,Philip Ochoa,660.758.9505,
OFF-20240401-KECQ-3958,2024-04-01,Anton,EMP-001,Logitech MX Master 3,18,Accessories,Mice,3,8500,500,5000,Credit Card,Walk-in,,
OFF-20250424-555O-3959,2025-04-24,Anton,EMP-001,Samsung 980 PRO 1TB,10,Components,Storage,2,8000,0,5500,Cash,Emily Alvarez,606.790.4747x127,
OFF-20251217-F7FK-3960,2025-12-17,Jane Doe,EMP-002,ASUS ROG Monitor 27,19,Displays,Monitors,3,25000,1000,18000,UPI,Jo Ingram,461.830.8130x36012,Best glass him magazine something light place.
OFF-20240219-GHA9-3961,2024-02-19,John Smith,EMP-003,Razer BlackWidow,15,Accessories,Keyboards,3,12000,0,8000,Cash,Cynthia Thomas,,
OFF-20230820-86BU-3962,2023-08-20,John Smith,EMP-003,ASUS ROG Monitor 27,4,Displays,Monitors,1,25000,0,18000,Debit Card,Jennifer Campbell,,Task according couple body join although.
OFF-20240912-8SJV-3963,2024-09-12,Anton,EMP-001,RTX 4070 Ti,1,Components,GPU,3,75000,0,60000,Debit Card,Gina Roman,,
OFF-20260107-ZWTC-3964,2026-01-07,John Smith,EMP-003,Corsair 32GB RAM,18,Components,RAM,2,9000,0,6000,UPI,Sandra Ward,+1-760-426-0981,
OFF-20240108-72V8-3965,2024-01-08,Jane Doe,EMP-002,NZXT H510 Case,6,Components,Cases,1,7000,500,4500,Cash,Melinda Barajas,,
OFF-20241228-D060-3966,2024-12-28,Anton,EMP-001,Gaming PC Build,20,Desktops,Gaming PC,2,85000,0,65000,Cash,April Payne,,
OFF-20260112-31NY-3967,2026-01-12,John Smith,EMP-003,Logitech WebCam C920,17,Accessories,Webcams,1,6000,500,3500,UPI,Kevin Howard,+1-994-645-8695x9864,
OFF-20211212-B0FM-3968,2021-12-12,Jane Doe,EMP-002,Intel Core i7 13700K,2,Components,CPU,2,35000,500,28000,Credit Card,Kelly Peterson,7927588780,
OFF-20241204-M2R5-3969,2024-12-04,Anton,EMP-001,Logitech MX Master 3,16,Accessories,Mice,1,8500,0,5000,UPI,Maria Fuller,+1-869-293-4604x8821,
OFF-20260326-NPVF-3970,2026-03-26,John Smith,EMP-003,Corsair 32GB RAM,17,Components,RAM,1,9000,0,6000,Credit Card,Vicki Rogers,542.591.3055x50971,Be town health how right knowledge network.
OFF-20250213-VJS2-3971,2025-02-13,Anton,EMP-001,Razer BlackWidow,14,Accessories,Keyboards,3,12000,500,8000,Credit Card,Cindy Brooks,,
OFF-20231117-4WI8-3972,2023-11-17,John Smith,EMP-003,Samsung 980 PRO 1TB,4,Components,Storage,2,8000,1000,5500,UPI,Cynthia Morris,509.273.0544x8637,
OFF-20230830-N2JM-3973,2023-08-30,John Smith,EMP-003,Logitech WebCam C920,2,Accessories,Webcams,3,6000,0,3500,Cash,Rebecca Liu,,
OFF-20260317-A3PI-3974,2026-03-17,John Smith,EMP-003,RTX 4070 Ti,11,Components,GPU,3,75000,0,60000,UPI,Gabriel Owens,(679)280-7245,Herself medical simple fall cold necessary control pressure.
OFF-20240622-SDK2-3975,2024-06-22,Anton,EMP-001,Samsung 980 PRO 1TB,19,Components,Storage,1,8000,1000,5500,UPI,Sheryl Carson,385-278-1388x782,
OFF-20220817-E77G-3976,2022-08-17,John Smith,EMP-003,Gaming PC Build,7,Desktops,Gaming PC,3,85000,500,65000,Credit Card,Cheryl Barnes,001-796-697-2457x094,
OFF-20260126-M83W-3977,2026-01-26,Anton,EMP-001,Gaming PC Build,17,Desktops,Gaming PC,2,85000,0,65000,Debit Card,Walk-in,001-307-490-9510x31606,
OFF-20221130-SEKF-3978,2022-11-30,Jane Doe,EMP-002,NZXT H510 Case,18,Components,Cases,3,7000,1500,4500,UPI,Timothy Gonzalez,,
OFF-20240321-BASC-3979,2024-03-21,Jane Doe,EMP-002,RTX 4070 Ti,6,Components,GPU,2,75000,0,60000,Credit Card,Melissa Williams,,Ago let exactly ground feel still baby.
OFF-20251205-B3FO-3980,2025-12-05,Jane Doe,EMP-002,RTX 4070 Ti,16,Components,GPU,2,75000,1000,60000,Debit Card,Kristine Taylor,001-461-210-5372x13543,
OFF-20221125-DRGG-3981,2022-11-25,Jane Doe,EMP-002,Intel Core i7 13700K,2,Components,CPU,1,35000,0,28000,Cash,Walk-in,,Interesting indicate difficult majority.
OFF-20221213-66SK-3982,2022-12-13,John Smith,EMP-003,RTX 4070 Ti,18,Components,GPU,1,75000,0,60000,Credit Card,Andrew Bartlett,(230)307-4717x3366,
OFF-20250412-71XS-3983,2025-04-12,Jane Doe,EMP-002,Corsair 32GB RAM,5,Components,RAM,3,9000,1000,6000,Credit Card,Walk-in,(452)300-9745x6414,
OFF-20230331-SQF0-3984,2023-03-31,Anton,EMP-001,Gaming PC Build,13,Desktops,Gaming PC,1,85000,0,65000,Cash,Jennifer Butler DVM,+1-716-581-1802,
OFF-20220826-1AR5-3985,2022-08-26,John Smith,EMP-003,Intel Core i7 13700K,8,Components,CPU,3,35000,0,28000,Cash,Deanna Middleton,259-643-1609x58483,
OFF-20230501-IRAZ-3986,2023-05-01,Anton,EMP-001,Logitech WebCam C920,18,Accessories,Webcams,2,6000,1000,3500,Cash,Walk-in,613-532-8384x25453,Job knowledge nothing yet record care.
OFF-20221218-RCN0-3987,2022-12-18,Anton,EMP-001,NZXT H510 Case,12,Components,Cases,2,7000,1500,4500,Cash,Walk-in,,
OFF-20220626-Z0S8-3988,2022-06-26,Jane Doe,EMP-002,Intel Core i7 13700K,6,Components,CPU,2,35000,500,28000,Cash,Antonio Sampson,,
OFF-20240504-TZVU-3989,2024-05-04,Anton,EMP-001,Logitech MX Master 3,16,Accessories,Mice,3,8500,1500,5000,Cash,Walk-in,,Whatever spring performance your plant letter.
OFF-20260311-8QIS-3990,2026-03-11,Jane Doe,EMP-002,Logitech WebCam C920,12,Accessories,Webcams,1,6000,1000,3500,Credit Card,Pamela Hensley,+1-636-577-0550x085,
OFF-20251027-VDL5-3991,2025-10-27,John Smith,EMP-003,Logitech WebCam C920,20,Accessories,Webcams,2,6000,500,3500,UPI,Derrick Lawrence,(656)948-2205x73490,Trouble drive what concern skill kind.
OFF-20210526-X94H-3992,2021-05-26,Anton,EMP-001,Logitech WebCam C920,5,Accessories,Webcams,2,6000,0,3500,UPI,Walk-in,731-833-6078x4303,
OFF-20231031-MBA2-3993,2023-10-31,Anton,EMP-001,ASUS ROG Monitor 27,9,Displays,Monitors,3,25000,0,18000,Cash,Walk-in,,
OFF-20230722-8Y5G-3994,2023-07-22,Anton,EMP-001,Logitech MX Master 3,8,Accessories,Mice,1,8500,0,5000,Debit Card,Ana Brandt,(514)950-6096x7976,
OFF-20220630-9ZXO-3995,2022-06-30,Jane Doe,EMP-002,Samsung 980 PRO 1TB,1,Components,Storage,1,8000,0,5500,Debit Card,Linda Edwards,869-718-1876x6828,
OFF-20210609-T2FG-3996,2021-06-09,John Smith,EMP-003,Razer BlackWidow,19,Accessories,Keyboards,3,12000,1000,8000,Credit Card,Kyle Figueroa,(578)517-4880x033,
OFF-20220608-V8RB-3997,2022-06-08,Anton,EMP-001,Intel Core i7 13700K,15,Components,CPU,1,35000,0,28000,UPI,James Coleman,(620)910-9810x703,Each down matter someone suggest own social.
OFF-20250409-MAP7-3998,2025-04-09,John Smith,EMP-003,Razer BlackWidow,4,Accessories,Keyboards,1,12000,0,8000,Cash,Fernando Vargas,,
OFF-20210514-P7JV-3999,2021-05-14,Jane Doe,EMP-002,Corsair 32GB RAM,7,Components,RAM,1,9000,1500,6000,Cash,Walk-in,,
OFF-20250614-5EER-4000,2025-06-14,Jane Doe,EMP-002,NZXT H510 Case,7,Components,Cases,2,7000,0,4500,UPI,Priscilla Torres,,
OFF-20250123-9QQN-4001,2025-01-23,Jane Doe,EMP-002,Intel Core i7 13700K,14,Components,CPU,2,35000,1000,28000,Cash,Meghan Scott,,
OFF-20220704-1XP7-4002,2022-07-04,John Smith,EMP-003,RTX 4070 Ti,16,Components,GPU,2,75000,1500,60000,UPI,Amanda Jones,662.779.1247x09765,Ability too partner statement.
OFF-20220417-75XD-4003,2022-04-17,Jane Doe,EMP-002,NZXT H510 Case,17,Components,Cases,2,7000,0,4500,UPI,Dr. Andrew Robertson MD,,Compare live cultural.
OFF-20210513-B2DR-4004,2021-05-13,Anton,EMP-001,Intel Core i7 13700K,9,Components,CPU,3,35000,1000,28000,Debit Card,James Lewis,686-865-6839x9434,
OFF-20250629-2PE2-4005,2025-06-29,Jane Doe,EMP-002,Razer BlackWidow,12,Accessories,Keyboards,2,12000,500,8000,Debit Card,Michael Rogers,,Once discuss least budget week point.
OFF-20230511-FQQI-4006,2023-05-11,Anton,EMP-001,NZXT H510 Case,4,Components,Cases,1,7000,1000,4500,Debit Card,Mark Black,001-752-364-7378x0474,Conference hard return must also method.
OFF-20260213-O1Q7-4007,2026-02-13,Jane Doe,EMP-002,Logitech WebCam C920,2,Accessories,Webcams,1,6000,1500,3500,Cash,Brian Swanson,,
OFF-20250927-YXVG-4008,2025-09-27,John Smith,EMP-003,Razer BlackWidow,14,Accessories,Keyboards,2,12000,0,8000,UPI,Walk-in,673.394.5348,
OFF-20210506-94K7-4009,2021-05-06,Jane Doe,EMP-002,Samsung 980 PRO 1TB,9,Components,Storage,2,8000,1500,5500,Credit Card,Amy Stewart,542.830.5273x85062,Your energy son reflect ago fill.
OFF-20240610-8M26-4010,2024-06-10,Jane Doe,EMP-002,RTX 4070 Ti,20,Components,GPU,2,75000,0,60000,Credit Card,Shane Donaldson,,
OFF-20220514-RCNE-4011,2022-05-14,John Smith,EMP-003,Intel Core i7 13700K,16,Components,CPU,2,35000,500,28000,Cash,Shelia Becker,,
OFF-20260124-6IBI-4012,2026-01-24,John Smith,EMP-003,RTX 4070 Ti,3,Components,GPU,2,75000,0,60000,Credit Card,Walk-in,,
OFF-20220611-SM3O-4013,2022-06-11,John Smith,EMP-003,Corsair 32GB RAM,10,Components,RAM,2,9000,1000,6000,Debit Card,Judith Nelson,001-527-669-0757,
OFF-20220416-CJGI-4014,2022-04-16,John Smith,EMP-003,Logitech WebCam C920,9,Accessories,Webcams,3,6000,500,3500,Debit Card,Deborah Shields,,
OFF-20220713-P7SR-4015,2022-07-13,John Smith,EMP-003,Logitech WebCam C920,14,Accessories,Webcams,3,6000,1500,3500,Debit Card,Anne Allen,,
OFF-20241216-9CNO-4016,2024-12-16,John Smith,EMP-003,Intel Core i7 13700K,1,Components,CPU,1,35000,0,28000,Debit Card,Nicholas Horton,,
OFF-20230205-6EMB-4017,2023-02-05,John Smith,EMP-003,Logitech MX Master 3,17,Accessories,Mice,3,8500,1500,5000,UPI,Larry Flynn,262.825.5857,Bar late put nearly.
OFF-20221012-AJQC-4018,2022-10-12,Anton,EMP-001,Logitech WebCam C920,7,Accessories,Webcams,3,6000,1000,3500,Credit Card,Walk-in,,
OFF-20211107-M42R-4019,2021-11-07,Jane Doe,EMP-002,ASUS ROG Monitor 27,2,Displays,Monitors,3,25000,1000,18000,Cash,Nicholas Weber,,
OFF-20220813-PST0-4020,2022-08-13,John Smith,EMP-003,NZXT H510 Case,1,Components,Cases,3,7000,500,4500,Credit Card,Michael Gray,,Data yes should guess behavior.
OFF-20251108-N5I0-4021,2025-11-08,Jane Doe,EMP-002,RTX 4070 Ti,1,Components,GPU,3,75000,500,60000,Cash,Desiree Carpenter,590-996-8953,
OFF-20250729-EJUG-4022,2025-07-29,John Smith,EMP-003,RTX 4070 Ti,15,Components,GPU,3,75000,1500,60000,Cash,Sara Simmons,,
OFF-20210919-DIM7-4023,2021-09-19,Anton,EMP-001,Gaming PC Build,14,Desktops,Gaming PC,2,85000,0,65000,Debit Card,Walk-in,(501)912-4221x5403,
OFF-20220412-LJC5-4024,2022-04-12,Jane Doe,EMP-002,NZXT H510 Case,5,Components,Cases,3,7000,0,4500,Cash,Walk-in,,
OFF-20220626-NYK3-4025,2022-06-26,Jane Doe,EMP-002,RTX 4070 Ti,12,Components,GPU,1,75000,500,60000,Cash,Jesse Mann,(208)381-1427,Floor paper month public college identify.
OFF-20250121-WUJG-4026,2025-01-21,Anton,EMP-001,Samsung 980 PRO 1TB,13,Components,Storage,2,8000,0,5500,Credit Card,Walk-in,,
OFF-20260106-RBHZ-4027,2026-01-06,John Smith,EMP-003,ASUS ROG Monitor 27,20,Displays,Monitors,3,25000,500,18000,UPI,Walk-in,,
OFF-20260311-M6VL-4028,2026-03-11,Jane Doe,EMP-002,Razer BlackWidow,8,Accessories,Keyboards,2,12000,0,8000,UPI,Brandon Lee,,
OFF-20220530-U9XJ-4029,2022-05-30,John Smith,EMP-003,Razer BlackWidow,11,Accessories,Keyboards,3,12000,1000,8000,Debit Card,Amy Wade,,
OFF-20240810-Z36P-4030,2024-08-10,Anton,EMP-001,NZXT H510 Case,12,Components,Cases,1,7000,1000,4500,UPI,Walk-in,001-587-321-5675x10594,
OFF-20211012-469D-4031,2021-10-12,Anton,EMP-001,Samsung 980 PRO 1TB,10,Components,Storage,3,8000,1500,5500,Debit Card,Kelly Durham,,
OFF-20250223-6N2U-4032,2025-02-23,Anton,EMP-001,Intel Core i7 13700K,16,Components,CPU,1,35000,0,28000,Cash,Walk-in,(511)270-7937x60220,
OFF-20210812-U5SD-4033,2021-08-12,John Smith,EMP-003,Corsair 32GB RAM,11,Components,RAM,2,9000,1500,6000,UPI,Kim Stephens,(589)433-5451x0062,
OFF-20240605-9MWW-4034,2024-06-05,Jane Doe,EMP-002,ASUS ROG Monitor 27,2,Displays,Monitors,1,25000,500,18000,Debit Card,Ashley Gillespie,373-264-2255,
OFF-20250918-198T-4035,2025-09-18,Anton,EMP-001,RTX 4070 Ti,11,Components,GPU,2,75000,0,60000,Credit Card,Julia Barnes,+1-956-761-1522x3917,
OFF-20240623-XFOI-4036,2024-06-23,John Smith,EMP-003,Razer BlackWidow,16,Accessories,Keyboards,2,12000,0,8000,Credit Card,Eugene Mendoza,,
OFF-20221107-E1PC-4037,2022-11-07,Anton,EMP-001,Razer BlackWidow,4,Accessories,Keyboards,2,12000,1000,8000,Credit Card,Steven Sosa,001-329-609-7387x2693,
OFF-20210715-AASY-4038,2021-07-15,Jane Doe,EMP-002,RTX 4070 Ti,12,Components,GPU,2,75000,0,60000,Credit Card,Albert Dickson,(610)835-7502x4303,
OFF-20260126-FHEQ-4039,2026-01-26,Anton,EMP-001,Corsair 32GB RAM,6,Components,RAM,3,9000,1500,6000,Credit Card,Stephen Jackson,,
OFF-20220511-XGV5-4040,2022-05-11,Jane Doe,EMP-002,Intel Core i7 13700K,8,Components,CPU,2,35000,0,28000,Credit Card,Walk-in,,
OFF-20240918-DDZ0-4041,2024-09-18,Anton,EMP-001,Logitech WebCam C920,3,Accessories,Webcams,1,6000,0,3500,Debit Card,Walk-in,,
OFF-20241225-OZPJ-4042,2024-12-25,Anton,EMP-001,RTX 4070 Ti,15,Components,GPU,2,75000,1500,60000,Cash,Meghan Copeland,,
OFF-20230904-U9QG-4043,2023-09-04,Anton,EMP-001,Gaming PC Build,19,Desktops,Gaming PC,1,85000,0,65000,Debit Card,Walk-in,,
OFF-20220401-CDFA-4044,2022-04-01,John Smith,EMP-003,ASUS ROG Monitor 27,4,Displays,Monitors,3,25000,1500,18000,Cash,Kevin Cunningham,(352)801-1227,
OFF-20250723-IIQ8-4045,2025-07-23,John Smith,EMP-003,Intel Core i7 13700K,20,Components,CPU,1,35000,500,28000,Credit Card,Bradley Leonard,6938215335,
OFF-20240910-O6C3-4046,2024-09-10,Anton,EMP-001,Razer BlackWidow,10,Accessories,Keyboards,3,12000,1500,8000,Debit Card,Ronnie Robinson,885.486.3485x94998,
OFF-20211216-GLHT-4047,2021-12-16,John Smith,EMP-003,Samsung 980 PRO 1TB,2,Components,Storage,2,8000,1500,5500,UPI,Michelle Ortiz,,
OFF-20250326-8UKS-4048,2025-03-26,Jane Doe,EMP-002,Logitech WebCam C920,12,Accessories,Webcams,2,6000,0,3500,Cash,Michelle Garcia,,
OFF-20220519-E84A-4049,2022-05-19,Jane Doe,EMP-002,Gaming PC Build,7,Desktops,Gaming PC,3,85000,500,65000,Credit Card,Walk-in,,
OFF-20230101-G5P9-4050,2023-01-01,Jane Doe,EMP-002,NZXT H510 Case,10,Components,Cases,2,7000,1000,4500,UPI,Walk-in,789.920.2856x0885,
OFF-20230531-S6W7-4051,2023-05-31,Anton,EMP-001,Razer BlackWidow,5,Accessories,Keyboards,3,12000,1000,8000,Credit Card,Brittney Ramirez,803.206.7360x252,
OFF-20260112-O5X8-4052,2026-01-12,John Smith,EMP-003,Razer BlackWidow,20,Accessories,Keyboards,3,12000,1000,8000,Cash,Katrina Weaver,7343151395,
OFF-20250722-1TB9-4053,2025-07-22,Jane Doe,EMP-002,ASUS ROG Monitor 27,17,Displays,Monitors,3,25000,1000,18000,Cash,Michelle Nelson,958-890-4354x1676,
OFF-20221030-VWBO-4054,2022-10-30,John Smith,EMP-003,Samsung 980 PRO 1TB,5,Components,Storage,1,8000,500,5500,Cash,Walk-in,+1-991-727-6938x2363,
OFF-20220504-ZLCO-4055,2022-05-04,John Smith,EMP-003,Gaming PC Build,10,Desktops,Gaming PC,3,85000,1000,65000,Cash,Rebecca Jones,,Significant eight party pattern none century market career.
OFF-20230129-KWS8-4056,2023-01-29,Jane Doe,EMP-002,Corsair 32GB RAM,12,Components,RAM,1,9000,500,6000,Cash,Kenneth Young,(705)515-4226,
OFF-20230127-VLG9-4057,2023-01-27,John Smith,EMP-003,RTX 4070 Ti,4,Components,GPU,1,75000,1500,60000,Debit Card,Christopher Murphy,,
OFF-20231114-HF1O-4058,2023-11-14,Jane Doe,EMP-002,Samsung 980 PRO 1TB,2,Components,Storage,1,8000,0,5500,Credit Card,Kevin Lewis,,Tv under year guy join again.
OFF-20230626-1A4E-4059,2023-06-26,Jane Doe,EMP-002,Corsair 32GB RAM,12,Components,RAM,2,9000,1500,6000,Credit Card,Walk-in,9299262493,
OFF-20250422-5JQ3-4060,2025-04-22,John Smith,EMP-003,RTX 4070 Ti,17,Components,GPU,1,75000,1000,60000,Credit Card,Edwin Arnold,001-622-386-1898x0000,
OFF-20210408-RA2A-4061,2021-04-08,John Smith,EMP-003,Razer BlackWidow,3,Accessories,Keyboards,3,12000,500,8000,Cash,Chad Acevedo,,Far management third student news.
OFF-20240611-BKDN-4062,2024-06-11,Anton,EMP-001,Gaming PC Build,20,Desktops,Gaming PC,2,85000,0,65000,Cash,Mallory Wilson,387-694-8934,
OFF-20221104-FBWB-4063,2022-11-04,Jane Doe,EMP-002,RTX 4070 Ti,4,Components,GPU,2,75000,1500,60000,Debit Card,Melissa James,,
OFF-20250804-8GVI-4064,2025-08-04,Anton,EMP-001,Corsair 32GB RAM,8,Components,RAM,1,9000,0,6000,Cash,Cody Jackson,,Mr look federal bag trouble century reveal.
OFF-20210612-ONWD-4065,2021-06-12,Jane Doe,EMP-002,Razer BlackWidow,6,Accessories,Keyboards,3,12000,0,8000,UPI,James Marshall,,
OFF-20250415-40XA-4066,2025-04-15,John Smith,EMP-003,ASUS ROG Monitor 27,20,Displays,Monitors,1,25000,1000,18000,Debit Card,Mr. Joseph Santos,,
OFF-20230527-DA0I-4067,2023-05-27,Jane Doe,EMP-002,Razer BlackWidow,12,Accessories,Keyboards,3,12000,0,8000,Credit Card,Kevin Smith,001-704-364-4016x806,Eight conference must need modern.
OFF-20211027-CNH8-4068,2021-10-27,Anton,EMP-001,Razer BlackWidow,2,Accessories,Keyboards,3,12000,1500,8000,Cash,Walk-in,,
OFF-20240316-AALS-4069,2024-03-16,Anton,EMP-001,Gaming PC Build,13,Desktops,Gaming PC,2,85000,1500,65000,UPI,Walk-in,,Throw center nor nearly.
OFF-20241002-GAVY-4070,2024-10-02,John Smith,EMP-003,ASUS ROG Monitor 27,12,Displays,Monitors,3,25000,1500,18000,Credit Card,Angela Jensen,886.696.4561x501,
OFF-20251101-DZNX-4071,2025-11-01,Anton,EMP-001,RTX 4070 Ti,1,Components,GPU,3,75000,0,60000,UPI,Kyle King,+1-449-702-2564x1088,
OFF-20241019-PT0Z-4072,2024-10-19,Jane Doe,EMP-002,Corsair 32GB RAM,7,Components,RAM,3,9000,0,6000,Cash,Walk-in,,
OFF-20230716-3JDM-4073,2023-07-16,Jane Doe,EMP-002,Logitech MX Master 3,1,Accessories,Mice,1,8500,500,5000,Credit Card,James Wagner,,
OFF-20240604-L37I-4074,2024-06-04,John Smith,EMP-003,Gaming PC Build,1,Desktops,Gaming PC,1,85000,0,65000,Credit Card,Walk-in,+1-830-639-7256x832,
OFF-20250124-Y3WK-4075,2025-01-24,Anton,EMP-001,Razer BlackWidow,3,Accessories,Keyboards,3,12000,1500,8000,Cash,Jennifer Padilla,,
OFF-20220311-7AOK-4076,2022-03-11,Anton,EMP-001,Intel Core i7 13700K,6,Components,CPU,3,35000,500,28000,Credit Card,Kurt Mckinney,,Coach company later anything goal every nature.
OFF-20241215-D364-4077,2024-12-15,Anton,EMP-001,Samsung 980 PRO 1TB,4,Components,Storage,3,8000,0,5500,Credit Card,Walk-in,,
OFF-20250104-UMQ2-4078,2025-01-04,Anton,EMP-001,Samsung 980 PRO 1TB,9,Components,Storage,1,8000,500,5500,Cash,John Montes,2715797850,
OFF-20230827-TK4W-4079,2023-08-27,John Smith,EMP-003,RTX 4070 Ti,11,Components,GPU,1,75000,0,60000,Debit Card,Crystal Green,,
OFF-20211115-LK8X-4080,2021-11-15,Jane Doe,EMP-002,Corsair 32GB RAM,20,Components,RAM,2,9000,500,6000,Debit Card,Melanie Mccarthy,,Bad voice vote main.
OFF-20230908-VDRO-4081,2023-09-08,Anton,EMP-001,Logitech WebCam C920,5,Accessories,Webcams,2,6000,500,3500,UPI,Renee Perez,,
OFF-20250509-6LXZ-4082,2025-05-09,John Smith,EMP-003,Razer BlackWidow,7,Accessories,Keyboards,1,12000,1500,8000,Debit Card,Ryan Cook,8126944687,
OFF-20220111-ZNZK-4083,2022-01-11,John Smith,EMP-003,Gaming PC Build,6,Desktops,Gaming PC,2,85000,0,65000,Cash,Michele Myers,,
OFF-20250724-8GDJ-4084,2025-07-24,Jane Doe,EMP-002,RTX 4070 Ti,16,Components,GPU,2,75000,1000,60000,Credit Card,Albert Hartman,800-806-2760,
OFF-20240517-M2LD-4085,2024-05-17,Anton,EMP-001,Corsair 32GB RAM,10,Components,RAM,2,9000,0,6000,Cash,Taylor Chang,,
OFF-20250507-11S2-4086,2025-05-07,John Smith,EMP-003,Samsung 980 PRO 1TB,12,Components,Storage,3,8000,0,5500,Cash,Walk-in,213-640-8508x5559,
OFF-20260319-C2A4-4087,2026-03-19,John Smith,EMP-003,Razer BlackWidow,9,Accessories,Keyboards,2,12000,0,8000,Credit Card,Brian Bond,,
OFF-20220407-6B12-4088,2022-04-07,Anton,EMP-001,ASUS ROG Monitor 27,12,Displays,Monitors,3,25000,0,18000,Cash,Brandon Ward,,
OFF-20231202-TASP-4089,2023-12-02,Jane Doe,EMP-002,NZXT H510 Case,5,Components,Cases,3,7000,0,4500,UPI,Walk-in,,
OFF-20220727-K3R1-4090,2022-07-27,Jane Doe,EMP-002,NZXT H510 Case,9,Components,Cases,1,7000,500,4500,Cash,Robert Perez,(977)667-0418x73151,
OFF-20210903-YR73-4091,2021-09-03,John Smith,EMP-003,Samsung 980 PRO 1TB,18,Components,Storage,3,8000,0,5500,Debit Card,Walk-in,+1-376-465-8222x69699,
OFF-20240426-C2Z7-4092,2024-04-26,Jane Doe,EMP-002,NZXT H510 Case,17,Components,Cases,3,7000,1000,4500,Cash,Donald Evans,,
OFF-20240430-3OLC-4093,2024-04-30,John Smith,EMP-003,Logitech WebCam C920,8,Accessories,Webcams,1,6000,0,3500,Cash,Emma Bernard,,
OFF-20250811-SFD3-4094,2025-08-11,Jane Doe,EMP-002,Intel Core i7 13700K,4,Components,CPU,3,35000,500,28000,Cash,Walk-in,,
OFF-20251030-EIX2-4095,2025-10-30,Anton,EMP-001,Gaming PC Build,5,Desktops,Gaming PC,1,85000,0,65000,Debit Card,Jenny Fields,272.905.9533,
OFF-20210626-I7VL-4096,2021-06-26,Anton,EMP-001,RTX 4070 Ti,3,Components,GPU,2,75000,0,60000,Cash,Kim Hernandez,,
OFF-20221215-KPFS-4097,2022-12-15,John Smith,EMP-003,ASUS ROG Monitor 27,1,Displays,Monitors,1,25000,500,18000,UPI,Walk-in,,
OFF-20250108-VKPV-4098,2025-01-08,Anton,EMP-001,Razer BlackWidow,14,Accessories,Keyboards,2,12000,500,8000,Cash,Walk-in,,
OFF-20250609-D1KP-4099,2025-06-09,John Smith,EMP-003,Intel Core i7 13700K,10,Components,CPU,2,35000,500,28000,Debit Card,Benjamin Evans,(315)713-0219x21717,
OFF-20210605-N1I1-4100,2021-06-05,Jane Doe,EMP-002,ASUS ROG Monitor 27,17,Displays,Monitors,1,25000,0,18000,Debit Card,Amy Munoz,,
OFF-20240518-IRHY-4101,2024-05-18,John Smith,EMP-003,Razer BlackWidow,19,Accessories,Keyboards,1,12000,500,8000,UPI,Travis Carlson,,
OFF-20220428-CPFO-4102,2022-04-28,Jane Doe,EMP-002,RTX 4070 Ti,17,Components,GPU,3,75000,500,60000,Credit Card,Elizabeth Alexander,,
OFF-20240629-0A1E-4103,2024-06-29,Anton,EMP-001,Logitech WebCam C920,5,Accessories,Webcams,2,6000,0,3500,Cash,Walk-in,,
OFF-20230610-CMAS-4104,2023-06-10,Jane Doe,EMP-002,Logitech MX Master 3,16,Accessories,Mice,1,8500,1500,5000,UPI,Lauren Flores,,
OFF-20260206-QWIV-4105,2026-02-06,John Smith,EMP-003,Gaming PC Build,20,Desktops,Gaming PC,3,85000,0,65000,Credit Card,Mr. David Lewis,,According easy place sea protect fact wide piece.
OFF-20230306-HSGI-4106,2023-03-06,John Smith,EMP-003,Razer BlackWidow,4,Accessories,Keyboards,3,12000,0,8000,Credit Card,Erica Wilson,(405)825-0668x3455,
OFF-20251115-ZE98-4107,2025-11-15,Anton,EMP-001,Logitech WebCam C920,12,Accessories,Webcams,1,6000,0,3500,Debit Card,Walk-in,,
OFF-20211107-Z36K-4108,2021-11-07,John Smith,EMP-003,Samsung 980 PRO 1TB,7,Components,Storage,1,8000,0,5500,Cash,Ellen Hawkins,,
OFF-20240905-RKBH-4109,2024-09-05,Jane Doe,EMP-002,RTX 4070 Ti,10,Components,GPU,2,75000,0,60000,Cash,Caitlin Mcintosh,,
OFF-20231229-R1LE-4110,2023-12-29,John Smith,EMP-003,Corsair 32GB RAM,13,Components,RAM,2,9000,0,6000,UPI,Christina Hernandez,,
OFF-20250804-TVSL-4111,2025-08-04,Anton,EMP-001,Corsair 32GB RAM,6,Components,RAM,1,9000,500,6000,Credit Card,Amanda Davis,393.311.0529,
OFF-20250515-NPHR-4112,2025-05-15,Anton,EMP-001,Intel Core i7 13700K,6,Components,CPU,1,35000,500,28000,Credit Card,Walk-in,854.899.8829,Arm protect American Mr improve among establish.
OFF-20210629-QRUI-4113,2021-06-29,Jane Doe,EMP-002,Samsung 980 PRO 1TB,19,Components,Storage,2,8000,0,5500,UPI,Nicole Oneal,,
OFF-20240704-ZYWF-4114,2024-07-04,John Smith,EMP-003,Logitech WebCam C920,12,Accessories,Webcams,2,6000,1000,3500,Credit Card,Joshua Gardner,,Office color compare pull development remember lead.
OFF-20250818-G7N7-4115,2025-08-18,Jane Doe,EMP-002,Corsair 32GB RAM,16,Components,RAM,1,9000,1000,6000,Debit Card,Mrs. Pamela Pham,(284)866-6716x3762,Only hear indeed.
OFF-20250205-3Q0W-4116,2025-02-05,John Smith,EMP-003,Samsung 980 PRO 1TB,15,Components,Storage,3,8000,1500,5500,Credit Card,Walk-in,,Happy local sing.
OFF-20251117-6E4V-4117,2025-11-17,Jane Doe,EMP-002,Logitech MX Master 3,13,Accessories,Mice,1,8500,0,5000,Debit Card,Walk-in,001-207-481-1281x14565,Million measure threat people surface song experience place.
OFF-20251110-XI1Z-4118,2025-11-10,John Smith,EMP-003,Samsung 980 PRO 1TB,13,Components,Storage,1,8000,1500,5500,Cash,Stephanie West,581.963.6882x17720,
OFF-20241118-5HEF-4119,2024-11-18,Jane Doe,EMP-002,Logitech WebCam C920,8,Accessories,Webcams,1,6000,0,3500,Credit Card,Walk-in,(882)437-5420x6865,Structure finally wind.
OFF-20211219-T2U0-4120,2021-12-19,Anton,EMP-001,NZXT H510 Case,12,Components,Cases,3,7000,0,4500,Credit Card,Walk-in,001-654-953-2090x6310,
OFF-20240429-9CW1-4121,2024-04-29,John Smith,EMP-003,RTX 4070 Ti,11,Components,GPU,3,75000,1000,60000,UPI,Richard Mclaughlin,+1-296-442-1220x4909,
OFF-20240926-6VO3-4122,2024-09-26,Jane Doe,EMP-002,Gaming PC Build,10,Desktops,Gaming PC,3,85000,0,65000,Cash,Walk-in,(506)321-7091,
OFF-20231020-T3JC-4123,2023-10-20,Anton,EMP-001,ASUS ROG Monitor 27,6,Displays,Monitors,3,25000,1000,18000,Cash,Richard Hodge,,
OFF-20241120-10HB-4124,2024-11-20,Anton,EMP-001,ASUS ROG Monitor 27,7,Displays,Monitors,2,25000,1000,18000,UPI,Joseph Perez,,
OFF-20220318-EPXJ-4125,2022-03-18,Jane Doe,EMP-002,Intel Core i7 13700K,9,Components,CPU,2,35000,1500,28000,Debit Card,Morgan Foley,847-572-3241x068,
OFF-20220425-NSEF-4126,2022-04-25,Anton,EMP-001,Gaming PC Build,16,Desktops,Gaming PC,1,85000,0,65000,Cash,Walk-in,(278)576-2284x3369,
OFF-20220306-VUVD-4127,2022-03-06,Jane Doe,EMP-002,Logitech MX Master 3,10,Accessories,Mice,3,8500,0,5000,Cash,Walk-in,435-281-4939,
OFF-20250212-V58Z-4128,2025-02-12,John Smith,EMP-003,Samsung 980 PRO 1TB,2,Components,Storage,2,8000,0,5500,Debit Card,Jose Miller,,
OFF-20210825-QSR2-4129,2021-08-25,Anton,EMP-001,Logitech WebCam C920,9,Accessories,Webcams,2,6000,1000,3500,Cash,Aaron Jackson,344.944.3895x89132,
OFF-20251228-Q2DO-4130,2025-12-28,Anton,EMP-001,Gaming PC Build,8,Desktops,Gaming PC,2,85000,500,65000,UPI,Walk-in,+1-390-340-2566,Current outside race watch behavior take.
OFF-20221213-6CGY-4131,2022-12-13,Anton,EMP-001,Logitech MX Master 3,3,Accessories,Mice,2,8500,0,5000,UPI,Katherine Brown,,
OFF-20240906-G764-4132,2024-09-06,Anton,EMP-001,NZXT H510 Case,18,Components,Cases,3,7000,0,4500,Credit Card,Andrea Pineda,,
OFF-20250101-X0X6-4133,2025-01-01,Jane Doe,EMP-002,Intel Core i7 13700K,4,Components,CPU,1,35000,0,28000,Cash,Walk-in,(538)586-4773x785,None others she.
OFF-20221124-ULXD-4134,2022-11-24,Anton,EMP-001,ASUS ROG Monitor 27,19,Displays,Monitors,2,25000,0,18000,Debit Card,Rodney Peterson,+1-824-273-7474x8334,
OFF-20230825-CGO3-4135,2023-08-25,John Smith,EMP-003,Gaming PC Build,11,Desktops,Gaming PC,1,85000,1000,65000,Cash,Morgan Phelps,,
OFF-20220529-4268-4136,2022-05-29,Jane Doe,EMP-002,NZXT H510 Case,20,Components,Cases,2,7000,0,4500,Cash,Lance Gallagher IV,,
OFF-20240501-YP6K-4137,2024-05-01,John Smith,EMP-003,RTX 4070 Ti,10,Components,GPU,2,75000,500,60000,Credit Card,Carol Bennett,001-880-406-6988,
OFF-20220125-ARV6-4138,2022-01-25,Anton,EMP-001,Corsair 32GB RAM,3,Components,RAM,1,9000,1500,6000,UPI,Walk-in,,Somebody cup music leave area follow out.
OFF-20250602-YPLD-4139,2025-06-02,Anton,EMP-001,Corsair 32GB RAM,3,Components,RAM,3,9000,0,6000,UPI,Patricia Frazier,6507682818,
OFF-20240202-E0UT-4140,2024-02-02,Anton,EMP-001,Logitech MX Master 3,3,Accessories,Mice,3,8500,1500,5000,Credit Card,Heather Flynn,+1-932-951-8121x90196,
OFF-20251116-E0NT-4141,2025-11-16,John Smith,EMP-003,Logitech MX Master 3,3,Accessories,Mice,1,8500,1500,5000,Credit Card,Walk-in,822-587-1700,
OFF-20260207-JMMH-4142,2026-02-07,Jane Doe,EMP-002,Logitech MX Master 3,17,Accessories,Mice,1,8500,0,5000,Credit Card,Susan Simon,,
OFF-20230626-VY5P-4143,2023-06-26,Jane Doe,EMP-002,RTX 4070 Ti,13,Components,GPU,3,75000,0,60000,Credit Card,Eric Hogan,+1-462-611-7918x13157,
OFF-20230218-9N18-4144,2023-02-18,John Smith,EMP-003,ASUS ROG Monitor 27,19,Displays,Monitors,3,25000,1000,18000,Cash,Walk-in,,
OFF-20240211-989S-4145,2024-02-11,John Smith,EMP-003,Razer BlackWidow,7,Accessories,Keyboards,3,12000,0,8000,Cash,Walk-in,7725701900,
OFF-20230927-1TLQ-4146,2023-09-27,Jane Doe,EMP-002,Razer BlackWidow,11,Accessories,Keyboards,3,12000,0,8000,Debit Card,Tony Hardin,788-571-3792,
OFF-20251108-PQY4-4147,2025-11-08,Anton,EMP-001,ASUS ROG Monitor 27,4,Displays,Monitors,1,25000,0,18000,Debit Card,Walk-in,+1-493-579-6552x2544,Data herself have.
OFF-20240720-Q8MI-4148,2024-07-20,Anton,EMP-001,Logitech MX Master 3,5,Accessories,Mice,2,8500,0,5000,Debit Card,Ronald Stewart,,
OFF-20250701-HBER-4149,2025-07-01,Jane Doe,EMP-002,NZXT H510 Case,6,Components,Cases,1,7000,0,4500,UPI,Walk-in,743-289-0215,Order involve paper hair thousand room.
OFF-20240222-MUR4-4150,2024-02-22,John Smith,EMP-003,Samsung 980 PRO 1TB,14,Components,Storage,2,8000,0,5500,UPI,Christopher Lewis,,
OFF-20240314-UOMN-4151,2024-03-14,Anton,EMP-001,Samsung 980 PRO 1TB,2,Components,Storage,3,8000,0,5500,Credit Card,Douglas Moyer,,
OFF-20231129-JCKQ-4152,2023-11-29,John Smith,EMP-003,Gaming PC Build,1,Desktops,Gaming PC,3,85000,1000,65000,Cash,William Hunt,,
OFF-20230116-EVEE-4153,2023-01-16,Anton,EMP-001,Razer BlackWidow,2,Accessories,Keyboards,1,12000,0,8000,Cash,Erin Miller,,
OFF-20230602-NN7F-4154,2023-06-02,Jane Doe,EMP-002,Gaming PC Build,20,Desktops,Gaming PC,2,85000,1000,65000,Cash,Alexandra Garrison,600-880-7548x5736,
OFF-20220422-0ZWF-4155,2022-04-22,Anton,EMP-001,Logitech MX Master 3,11,Accessories,Mice,2,8500,500,5000,UPI,Dale Miller,601.578.3805x746,
OFF-20240528-TM3U-4156,2024-05-28,John Smith,EMP-003,Logitech MX Master 3,18,Accessories,Mice,3,8500,0,5000,Debit Card,Paul Hicks,(600)551-4218x2291,
OFF-20220919-6E3E-4157,2022-09-19,John Smith,EMP-003,Logitech MX Master 3,2,Accessories,Mice,1,8500,500,5000,UPI,Ashley Cannon,,
OFF-20230625-FS2L-4158,2023-06-25,John Smith,EMP-003,ASUS ROG Monitor 27,12,Displays,Monitors,2,25000,0,18000,Debit Card,Kathleen Diaz,,
OFF-20230702-FAEE-4159,2023-07-02,Anton,EMP-001,NZXT H510 Case,19,Components,Cases,3,7000,1000,4500,Debit Card,Walk-in,,Section meet good run line heart.
OFF-20210416-58A9-4160,2021-04-16,Jane Doe,EMP-002,Samsung 980 PRO 1TB,18,Components,Storage,1,8000,0,5500,Credit Card,Cassandra Rivers,,
OFF-20230502-Q7AA-4161,2023-05-02,Anton,EMP-001,Gaming PC Build,13,Desktops,Gaming PC,1,85000,500,65000,UPI,Nicolas Sloan,+1-411-690-9789x3616,Brother benefit push product radio.
OFF-20220606-CQUP-4162,2022-06-06,Jane Doe,EMP-002,Corsair 32GB RAM,5,Components,RAM,2,9000,1000,6000,Debit Card,Sarah Garcia,2948194555,
OFF-20211010-RUYX-4163,2021-10-10,Anton,EMP-001,ASUS ROG Monitor 27,20,Displays,Monitors,1,25000,1500,18000,Cash,Stephanie Thompson,,
OFF-20241228-MP3G-4164,2024-12-28,John Smith,EMP-003,ASUS ROG Monitor 27,20,Displays,Monitors,2,25000,1000,18000,UPI,Kelly Smith,,
OFF-20211021-LPU8-4165,2021-10-21,Jane Doe,EMP-002,Samsung 980 PRO 1TB,2,Components,Storage,3,8000,1000,5500,Credit Card,Walk-in,,
OFF-20230123-2BCB-4166,2023-01-23,Jane Doe,EMP-002,Intel Core i7 13700K,15,Components,CPU,1,35000,1500,28000,Debit Card,Eric Rice,,
OFF-20240901-IVOQ-4167,2024-09-01,John Smith,EMP-003,Razer BlackWidow,14,Accessories,Keyboards,1,12000,1000,8000,UPI,Walk-in,,
OFF-20240629-FFG7-4168,2024-06-29,John Smith,EMP-003,Intel Core i7 13700K,8,Components,CPU,3,35000,0,28000,Cash,Robin Richardson,569-372-0130x264,
OFF-20241205-MBXT-4169,2024-12-05,Jane Doe,EMP-002,Corsair 32GB RAM,7,Components,RAM,3,9000,0,6000,Debit Card,Walk-in,(839)839-1619x924,Article involve young lot its.
OFF-20210519-DUNZ-4170,2021-05-19,Jane Doe,EMP-002,Logitech MX Master 3,3,Accessories,Mice,3,8500,1000,5000,Debit Card,Walk-in,+1-484-876-4344,
OFF-20220824-GAG6-4171,2022-08-24,Jane Doe,EMP-002,Intel Core i7 13700K,7,Components,CPU,2,35000,0,28000,UPI,Walk-in,,
OFF-20250319-XY61-4172,2025-03-19,Jane Doe,EMP-002,ASUS ROG Monitor 27,8,Displays,Monitors,2,25000,0,18000,Credit Card,Walk-in,,
OFF-20231204-JH0V-4173,2023-12-04,John Smith,EMP-003,Intel Core i7 13700K,16,Components,CPU,2,35000,1000,28000,Debit Card,Chelsea Johnson,,
OFF-20260306-1IWC-4174,2026-03-06,Jane Doe,EMP-002,Razer BlackWidow,5,Accessories,Keyboards,1,12000,1000,8000,UPI,Walk-in,,
OFF-20220416-EGKO-4175,2022-04-16,Jane Doe,EMP-002,Logitech MX Master 3,3,Accessories,Mice,3,8500,0,5000,Cash,Walk-in,,
OFF-20260308-10FT-4176,2026-03-08,John Smith,EMP-003,Samsung 980 PRO 1TB,8,Components,Storage,3,8000,1500,5500,Credit Card,Nicole Simmons,,Long foot detail will prepare which.
OFF-20210416-BDIN-4177,2021-04-16,Anton,EMP-001,Logitech WebCam C920,14,Accessories,Webcams,3,6000,1500,3500,Debit Card,Sabrina Harris,(379)795-5433,
OFF-20240120-03EG-4178,2024-01-20,John Smith,EMP-003,NZXT H510 Case,8,Components,Cases,1,7000,1500,4500,UPI,Walk-in,7622360819,
OFF-20230106-7YWV-4179,2023-01-06,Jane Doe,EMP-002,Gaming PC Build,12,Desktops,Gaming PC,2,85000,500,65000,UPI,Elizabeth Wyatt,+1-352-784-1166x315,
OFF-20231221-VMPP-4180,2023-12-21,John Smith,EMP-003,Logitech WebCam C920,14,Accessories,Webcams,1,6000,0,3500,UPI,Walk-in,821-433-2457,
OFF-20210824-1HPA-4181,2021-08-24,Jane Doe,EMP-002,Razer BlackWidow,9,Accessories,Keyboards,1,12000,0,8000,Cash,Renee Doyle,7569626715,
OFF-20250321-D8E8-4182,2025-03-21,John Smith,EMP-003,Razer BlackWidow,20,Accessories,Keyboards,1,12000,1500,8000,Cash,Gregory Rivera,912.348.9087x24562,
OFF-20260327-LG42-4183,2026-03-27,John Smith,EMP-003,ASUS ROG Monitor 27,2,Displays,Monitors,3,25000,0,18000,Credit Card,Walk-in,,
OFF-20221202-NFQM-4184,2022-12-02,Jane Doe,EMP-002,Logitech MX Master 3,9,Accessories,Mice,1,8500,1500,5000,Credit Card,Benjamin Gallegos,,
OFF-20220301-V5VI-4185,2022-03-01,Anton,EMP-001,Samsung 980 PRO 1TB,5,Components,Storage,2,8000,0,5500,Debit Card,Walk-in,,
OFF-20231215-LCMT-4186,2023-12-15,Jane Doe,EMP-002,Corsair 32GB RAM,11,Components,RAM,2,9000,0,6000,Credit Card,John Hayes,+1-633-327-0021x4362,Citizen man suffer charge suffer where person Mrs.
OFF-20231105-AXO5-4187,2023-11-05,John Smith,EMP-003,ASUS ROG Monitor 27,3,Displays,Monitors,1,25000,0,18000,Cash,Walk-in,247-411-9312x094,
OFF-20220401-R8MD-4188,2022-04-01,John Smith,EMP-003,RTX 4070 Ti,6,Components,GPU,1,75000,1000,60000,UPI,John Wade,654.524.0589,Head face everyone dinner break run.
OFF-20230622-BWXK-4189,2023-06-22,Anton,EMP-001,Samsung 980 PRO 1TB,18,Components,Storage,1,8000,0,5500,UPI,Lisa Archer,,
OFF-20210507-SZTP-4190,2021-05-07,Anton,EMP-001,Logitech MX Master 3,3,Accessories,Mice,2,8500,1500,5000,Credit Card,Walter Shaw,229.461.9516,
OFF-20210718-LHS8-4191,2021-07-18,John Smith,EMP-003,RTX 4070 Ti,12,Components,GPU,1,75000,1500,60000,Credit Card,James Peterson,,
OFF-20220919-FB0C-4192,2022-09-19,John Smith,EMP-003,RTX 4070 Ti,3,Components,GPU,2,75000,0,60000,Cash,Walk-in,,
OFF-20250419-4FUR-4193,2025-04-19,John Smith,EMP-003,Samsung 980 PRO 1TB,1,Components,Storage,1,8000,500,5500,Debit Card,Charles Wilson,5128591507,
OFF-20220313-A588-4194,2022-03-13,John Smith,EMP-003,Intel Core i7 13700K,17,Components,CPU,3,35000,0,28000,Cash,Jordan Edwards,,
OFF-20240321-5FWB-4195,2024-03-21,Jane Doe,EMP-002,Razer BlackWidow,8,Accessories,Keyboards,3,12000,0,8000,UPI,Walk-in,737-349-4482x88979,
OFF-20251208-FE9K-4196,2025-12-08,Anton,EMP-001,Razer BlackWidow,14,Accessories,Keyboards,1,12000,500,8000,UPI,Jessica Welch,,
OFF-20220727-I5GD-4197,2022-07-27,Anton,EMP-001,Logitech WebCam C920,3,Accessories,Webcams,3,6000,1500,3500,Credit Card,Stephanie Carr,,Notice church resource evidence.
OFF-20260124-NNLK-4198,2026-01-24,Anton,EMP-001,RTX 4070 Ti,18,Components,GPU,1,75000,1000,60000,Cash,Michelle Conley,559-464-7718x483,
OFF-20250222-8RVN-4199,2025-02-22,John Smith,EMP-003,Logitech WebCam C920,13,Accessories,Webcams,2,6000,1000,3500,Cash,Patricia Dickson,,
OFF-20210426-VF6V-4200,2021-04-26,Anton,EMP-001,Intel Core i7 13700K,2,Components,CPU,1,35000,0,28000,Credit Card,Walk-in,,
OFF-20211107-E0LI-4201,2021-11-07,John Smith,EMP-003,RTX 4070 Ti,12,Components,GPU,1,75000,1000,60000,Debit Card,Walk-in,+1-617-305-4269x4304,Religious idea ability all.
OFF-20250914-FFSQ-4202,2025-09-14,Anton,EMP-001,Logitech MX Master 3,10,Accessories,Mice,3,8500,0,5000,Debit Card,Kristin Nicholson,(450)653-1872,
OFF-20241217-HAOI-4203,2024-12-17,Anton,EMP-001,ASUS ROG Monitor 27,18,Displays,Monitors,2,25000,0,18000,UPI,Jacqueline Diaz,223-690-0486,
OFF-20241027-9TCA-4204,2024-10-27,Jane Doe,EMP-002,Logitech MX Master 3,8,Accessories,Mice,2,8500,500,5000,Cash,Brenda Jacobs,,
OFF-20250227-90Q5-4205,2025-02-27,Jane Doe,EMP-002,Logitech MX Master 3,20,Accessories,Mice,1,8500,1000,5000,Cash,Walk-in,(963)816-0580x74683,
OFF-20250611-VVTO-4206,2025-06-11,Anton,EMP-001,Intel Core i7 13700K,8,Components,CPU,1,35000,0,28000,UPI,Brenda Garcia,001-212-795-7979x74929,
OFF-20240802-CWSO-4207,2024-08-02,Jane Doe,EMP-002,Intel Core i7 13700K,20,Components,CPU,2,35000,1500,28000,UPI,Walk-in,,
OFF-20260101-48ER-4208,2026-01-01,John Smith,EMP-003,Samsung 980 PRO 1TB,8,Components,Storage,3,8000,0,5500,Cash,Tracey Blackburn DVM,,
OFF-20220715-BH11-4209,2022-07-15,Anton,EMP-001,Gaming PC Build,2,Desktops,Gaming PC,1,85000,0,65000,Cash,Jordan Macias,563-873-4607x09628,
OFF-20250507-8FWK-4210,2025-05-07,Jane Doe,EMP-002,ASUS ROG Monitor 27,18,Displays,Monitors,3,25000,1500,18000,Debit Card,Wanda Cooper,+1-726-544-0941x1706,
OFF-20251015-IUXU-4211,2025-10-15,Jane Doe,EMP-002,Razer BlackWidow,7,Accessories,Keyboards,1,12000,1500,8000,Credit Card,David Hudson,805-798-1604,
OFF-20220603-XTKS-4212,2022-06-03,Jane Doe,EMP-002,RTX 4070 Ti,3,Components,GPU,2,75000,0,60000,Credit Card,Danielle Houston,982-310-0530,
OFF-20250310-NJON-4213,2025-03-10,John Smith,EMP-003,ASUS ROG Monitor 27,5,Displays,Monitors,1,25000,500,18000,UPI,Christopher Gibson,001-793-396-9292x140,
OFF-20210708-H9II-4214,2021-07-08,Jane Doe,EMP-002,Razer BlackWidow,13,Accessories,Keyboards,3,12000,0,8000,UPI,Walk-in,+1-431-892-3359x63327,
OFF-20260218-BEVZ-4215,2026-02-18,Anton,EMP-001,Logitech MX Master 3,1,Accessories,Mice,3,8500,0,5000,UPI,Vanessa Cooper DDS,(477)744-9317x00923,
OFF-20240122-PHFU-4216,2024-01-22,John Smith,EMP-003,Intel Core i7 13700K,4,Components,CPU,1,35000,500,28000,Debit Card,Walk-in,656-920-9900x83093,
OFF-20210724-2HD4-4217,2021-07-24,John Smith,EMP-003,NZXT H510 Case,18,Components,Cases,2,7000,500,4500,Debit Card,Walk-in,001-220-289-2785x214,
OFF-20240922-WILQ-4218,2024-09-22,Anton,EMP-001,RTX 4070 Ti,12,Components,GPU,1,75000,500,60000,Credit Card,John Lee,001-549-311-4849x6864,Consider Democrat bed foreign great.
OFF-20250119-PX7H-4219,2025-01-19,John Smith,EMP-003,Razer BlackWidow,16,Accessories,Keyboards,1,12000,0,8000,Credit Card,John Diaz,,
OFF-20251005-LFKP-4220,2025-10-05,Jane Doe,EMP-002,Intel Core i7 13700K,10,Components,CPU,3,35000,500,28000,Debit Card,Walk-in,(208)356-4801x659,
OFF-20240408-74E0-4221,2024-04-08,John Smith,EMP-003,RTX 4070 Ti,13,Components,GPU,3,75000,1000,60000,UPI,Walk-in,936-949-0467,
OFF-20251231-BARH-4222,2025-12-31,Jane Doe,EMP-002,RTX 4070 Ti,8,Components,GPU,1,75000,0,60000,Debit Card,Megan Rodgers,,
OFF-20211225-77XS-4223,2021-12-25,Anton,EMP-001,Razer BlackWidow,15,Accessories,Keyboards,3,12000,1000,8000,Debit Card,Stephanie Johnson,,
OFF-20220608-R882-4224,2022-06-08,Anton,EMP-001,Razer BlackWidow,14,Accessories,Keyboards,1,12000,0,8000,Credit Card,Walk-in,,
OFF-20250114-9F6E-4225,2025-01-14,Jane Doe,EMP-002,Corsair 32GB RAM,20,Components,RAM,1,9000,0,6000,UPI,Julie Wells MD,,
OFF-20210821-6VDQ-4226,2021-08-21,Jane Doe,EMP-002,Intel Core i7 13700K,3,Components,CPU,2,35000,0,28000,Credit Card,Sandy Turner,934-691-6067,
OFF-20240218-LP5Z-4227,2024-02-18,Anton,EMP-001,Razer BlackWidow,5,Accessories,Keyboards,1,12000,1500,8000,Cash,Kristen Anthony,,
OFF-20260212-QSK3-4228,2026-02-12,Jane Doe,EMP-002,Logitech MX Master 3,1,Accessories,Mice,2,8500,1000,5000,Cash,Randy Harrison,402.211.5627x135,
OFF-20220211-3853-4229,2022-02-11,Anton,EMP-001,Logitech MX Master 3,11,Accessories,Mice,1,8500,0,5000,UPI,Joseph Nguyen,,
OFF-20220912-XQ8M-4230,2022-09-12,Jane Doe,EMP-002,Razer BlackWidow,9,Accessories,Keyboards,3,12000,500,8000,Debit Card,Walk-in,,Word personal sea air rich individual pattern.
OFF-20240720-8RTV-4231,2024-07-20,John Smith,EMP-003,Razer BlackWidow,9,Accessories,Keyboards,1,12000,0,8000,Debit Card,Steven Webb,,
OFF-20220830-P1DH-4232,2022-08-30,Jane Doe,EMP-002,Logitech MX Master 3,18,Accessories,Mice,2,8500,500,5000,UPI,Walk-in,6768562523,
OFF-20240320-QD6L-4233,2024-03-20,Jane Doe,EMP-002,RTX 4070 Ti,4,Components,GPU,3,75000,0,60000,Debit Card,Walk-in,491-511-2983,
OFF-20240318-DIZQ-4234,2024-03-18,Anton,EMP-001,NZXT H510 Case,2,Components,Cases,1,7000,500,4500,UPI,Christopher Collins,001-816-965-2322x5352,
OFF-20240415-7TZF-4235,2024-04-15,Anton,EMP-001,Samsung 980 PRO 1TB,18,Components,Storage,3,8000,500,5500,Debit Card,Walk-in,001-280-973-5340x45788,
OFF-20210914-918Q-4236,2021-09-14,John Smith,EMP-003,ASUS ROG Monitor 27,16,Displays,Monitors,2,25000,0,18000,Cash,Clayton English,,Control draw activity so bar crime.
OFF-20231123-BU8X-4237,2023-11-23,Anton,EMP-001,RTX 4070 Ti,7,Components,GPU,3,75000,500,60000,Credit Card,Crystal Nichols,257-734-3453,Young second save change left idea.
OFF-20220411-7LIY-4238,2022-04-11,Jane Doe,EMP-002,Gaming PC Build,17,Desktops,Gaming PC,2,85000,1500,65000,UPI,Nancy Castillo,,Force father surface one hear four church list.
OFF-20240528-V1VR-4239,2024-05-28,John Smith,EMP-003,Corsair 32GB RAM,4,Components,RAM,2,9000,1500,6000,Credit Card,Christopher Moon,(521)705-1712,
OFF-20231028-HUZV-4240,2023-10-28,John Smith,EMP-003,Razer BlackWidow,3,Accessories,Keyboards,2,12000,0,8000,Debit Card,Walk-in,(685)693-3092,
OFF-20241009-094G-4241,2024-10-09,Anton,EMP-001,RTX 4070 Ti,5,Components,GPU,1,75000,0,60000,UPI,Tara Warner,,
OFF-20231205-1RYX-4242,2023-12-05,Anton,EMP-001,NZXT H510 Case,4,Components,Cases,3,7000,0,4500,Cash,Walk-in,,
OFF-20220607-VP5O-4243,2022-06-07,John Smith,EMP-003,Logitech WebCam C920,5,Accessories,Webcams,2,6000,0,3500,Credit Card,Regina Novak,,
OFF-20240310-4IU3-4244,2024-03-10,John Smith,EMP-003,Razer BlackWidow,19,Accessories,Keyboards,3,12000,0,8000,Credit Card,Susan Rivers,503.708.2654,
OFF-20250827-O2IE-4245,2025-08-27,John Smith,EMP-003,Logitech MX Master 3,10,Accessories,Mice,1,8500,0,5000,UPI,Andrew Lopez,,
OFF-20220407-P4VI-4246,2022-04-07,Jane Doe,EMP-002,Intel Core i7 13700K,17,Components,CPU,3,35000,0,28000,Cash,Walk-in,,
OFF-20250805-5CSX-4247,2025-08-05,John Smith,EMP-003,Samsung 980 PRO 1TB,3,Components,Storage,1,8000,1000,5500,Cash,Walk-in,643-374-5642x6179,He investment little stay person charge goal.
OFF-20260312-7BCR-4248,2026-03-12,Anton,EMP-001,Intel Core i7 13700K,10,Components,CPU,1,35000,500,28000,Cash,Walk-in,,Later hold TV character song suddenly very.
OFF-20250208-CC87-4249,2025-02-08,Jane Doe,EMP-002,Logitech WebCam C920,6,Accessories,Webcams,1,6000,0,3500,Cash,Walk-in,001-869-344-3594,
OFF-20231230-2SVG-4250,2023-12-30,John Smith,EMP-003,ASUS ROG Monitor 27,9,Displays,Monitors,1,25000,500,18000,Credit Card,Kathleen Mcguire,425.915.7833,
OFF-20210714-U9E5-4251,2021-07-14,Jane Doe,EMP-002,Gaming PC Build,20,Desktops,Gaming PC,1,85000,0,65000,UPI,Walk-in,(787)362-6376x3363,Good him film general environment.
OFF-20241207-0REH-4252,2024-12-07,Jane Doe,EMP-002,Gaming PC Build,4,Desktops,Gaming PC,2,85000,1000,65000,Debit Card,Allison Rodriguez,,
OFF-20250725-FLEP-4253,2025-07-25,Jane Doe,EMP-002,Samsung 980 PRO 1TB,5,Components,Storage,3,8000,0,5500,UPI,Joseph Fuller,,
OFF-20230407-LADP-4254,2023-04-07,Anton,EMP-001,ASUS ROG Monitor 27,1,Displays,Monitors,1,25000,1000,18000,Credit Card,Shane Phillips,001-676-755-2239x7343,
OFF-20240518-ES89-4255,2024-05-18,John Smith,EMP-003,Gaming PC Build,17,Desktops,Gaming PC,2,85000,0,65000,Cash,Jon Briggs,2955801909,Themselves team me during economy child radio.
OFF-20250901-IJC9-4256,2025-09-01,Anton,EMP-001,Logitech WebCam C920,20,Accessories,Webcams,2,6000,500,3500,Cash,Michael Edwards,,
OFF-20250921-WBXD-4257,2025-09-21,John Smith,EMP-003,NZXT H510 Case,7,Components,Cases,3,7000,0,4500,Credit Card,John Harrison,+1-514-873-6150x30400,
OFF-20240206-4RXY-4258,2024-02-06,Anton,EMP-001,Razer BlackWidow,10,Accessories,Keyboards,2,12000,0,8000,Debit Card,Walk-in,656-255-8138x121,
OFF-20211024-V6EM-4259,2021-10-24,Jane Doe,EMP-002,Logitech MX Master 3,20,Accessories,Mice,2,8500,500,5000,Credit Card,Nathan Roberts,,
OFF-20241010-2V75-4260,2024-10-10,Anton,EMP-001,Intel Core i7 13700K,16,Components,CPU,1,35000,0,28000,Debit Card,Bryan Walker,(215)269-3737,
OFF-20240522-FHH4-4261,2024-05-22,Anton,EMP-001,ASUS ROG Monitor 27,9,Displays,Monitors,3,25000,0,18000,Cash,Teresa Madden,,
OFF-20251210-WMYJ-4262,2025-12-10,Jane Doe,EMP-002,Razer BlackWidow,11,Accessories,Keyboards,3,12000,0,8000,Credit Card,Willie Williams,2062153616,
OFF-20210924-9MDK-4263,2021-09-24,John Smith,EMP-003,Intel Core i7 13700K,1,Components,CPU,2,35000,0,28000,UPI,Lindsey Peterson,238.406.8474x19480,
OFF-20220120-5Q5E-4264,2022-01-20,Anton,EMP-001,Samsung 980 PRO 1TB,10,Components,Storage,1,8000,1000,5500,Debit Card,Margaret Smith,,Activity turn fill board check decide.
OFF-20260224-8BDQ-4265,2026-02-24,Jane Doe,EMP-002,Intel Core i7 13700K,12,Components,CPU,1,35000,1000,28000,Cash,Walk-in,,
OFF-20250414-KQEV-4266,2025-04-14,John Smith,EMP-003,Gaming PC Build,4,Desktops,Gaming PC,3,85000,1500,65000,Debit Card,Walk-in,,
OFF-20260227-8NTY-4267,2026-02-27,Anton,EMP-001,ASUS ROG Monitor 27,3,Displays,Monitors,2,25000,0,18000,UPI,Sarah Moody MD,,
OFF-20230722-0KEL-4268,2023-07-22,Anton,EMP-001,Intel Core i7 13700K,16,Components,CPU,1,35000,0,28000,Debit Card,Robert Holt,,
OFF-20240903-3LRG-4269,2024-09-03,Anton,EMP-001,ASUS ROG Monitor 27,17,Displays,Monitors,1,25000,0,18000,Credit Card,Ashley White,,
OFF-20260120-1XVL-4270,2026-01-20,John Smith,EMP-003,Logitech WebCam C920,6,Accessories,Webcams,1,6000,0,3500,Credit Card,Jacob Perez,670-874-0629x86025,Other lead health his continue.
OFF-20241124-W3W6-4271,2024-11-24,John Smith,EMP-003,Logitech MX Master 3,17,Accessories,Mice,1,8500,0,5000,Cash,Walk-in,+1-333-527-1649,
OFF-20260214-4TFD-4272,2026-02-14,John Smith,EMP-003,ASUS ROG Monitor 27,6,Displays,Monitors,1,25000,1500,18000,Cash,Barbara Martin,,
OFF-20251225-2E9S-4273,2025-12-25,Anton,EMP-001,Logitech WebCam C920,10,Accessories,Webcams,2,6000,500,3500,UPI,Erika Richardson,,
OFF-20221006-XTIX-4274,2022-10-06,Anton,EMP-001,ASUS ROG Monitor 27,2,Displays,Monitors,2,25000,500,18000,UPI,William Brooks,,
OFF-20211030-5O7N-4275,2021-10-30,Jane Doe,EMP-002,NZXT H510 Case,16,Components,Cases,3,7000,500,4500,Debit Card,William Villegas,+1-436-300-8606,Yes feel call among reflect.
OFF-20231207-B1UE-4276,2023-12-07,Anton,EMP-001,Corsair 32GB RAM,17,Components,RAM,3,9000,1500,6000,Credit Card,Walk-in,,
OFF-20241114-WJ5B-4277,2024-11-14,John Smith,EMP-003,Samsung 980 PRO 1TB,20,Components,Storage,1,8000,1000,5500,Debit Card,Walk-in,240.555.1531x5249,Model thank sit up member industry me.
OFF-20240730-M4SB-4278,2024-07-30,John Smith,EMP-003,ASUS ROG Monitor 27,18,Displays,Monitors,1,25000,1000,18000,Cash,Matthew Marquez,,
OFF-20250318-UIPH-4279,2025-03-18,Anton,EMP-001,Samsung 980 PRO 1TB,9,Components,Storage,1,8000,0,5500,Cash,Cathy Hall,,
OFF-20210520-IDYR-4280,2021-05-20,John Smith,EMP-003,RTX 4070 Ti,14,Components,GPU,1,75000,0,60000,Cash,Walk-in,,
OFF-20250917-23AB-4281,2025-09-17,John Smith,EMP-003,Samsung 980 PRO 1TB,19,Components,Storage,1,8000,0,5500,UPI,Thomas Lopez,,Fine fish vote more successful than four.
OFF-20230917-K9ID-4282,2023-09-17,Jane Doe,EMP-002,Logitech MX Master 3,14,Accessories,Mice,2,8500,0,5000,Debit Card,John Hicks,,
OFF-20211115-UDS4-4283,2021-11-15,Jane Doe,EMP-002,Intel Core i7 13700K,13,Components,CPU,2,35000,500,28000,Debit Card,Samuel Wilson,4716177070,
OFF-20241013-PYN4-4284,2024-10-13,John Smith,EMP-003,Logitech WebCam C920,1,Accessories,Webcams,2,6000,0,3500,Credit Card,Kelli Jackson,,
OFF-20230626-FKGB-4285,2023-06-26,Jane Doe,EMP-002,Gaming PC Build,15,Desktops,Gaming PC,1,85000,0,65000,Cash,Laura Johnson,,
OFF-20220705-6VZR-4286,2022-07-05,Jane Doe,EMP-002,Corsair 32GB RAM,4,Components,RAM,3,9000,1000,6000,Credit Card,Mary Hill,+1-862-538-4446x263,
OFF-20241010-ROFX-4287,2024-10-10,Anton,EMP-001,Gaming PC Build,14,Desktops,Gaming PC,2,85000,0,65000,UPI,Beth Price,(792)576-4784,
OFF-20250810-T6VL-4288,2025-08-10,John Smith,EMP-003,RTX 4070 Ti,2,Components,GPU,1,75000,0,60000,Cash,Kevin Smith,,American decide west century score maintain heavy.
OFF-20221218-MI96-4289,2022-12-18,Jane Doe,EMP-002,RTX 4070 Ti,16,Components,GPU,2,75000,1500,60000,Debit Card,Victoria Pollard,325-700-9657x414,
OFF-20241004-U4P2-4290,2024-10-04,Anton,EMP-001,Corsair 32GB RAM,12,Components,RAM,1,9000,0,6000,UPI,Mr. Kenneth Warner,001-864-341-5173,Price project life case never later off.
OFF-20210512-9VQ3-4291,2021-05-12,Jane Doe,EMP-002,Logitech WebCam C920,14,Accessories,Webcams,3,6000,500,3500,Cash,Rebecca Franco,652-399-7561x02038,
OFF-20250330-DL9A-4292,2025-03-30,Jane Doe,EMP-002,Gaming PC Build,10,Desktops,Gaming PC,3,85000,1500,65000,Debit Card,Walk-in,,
OFF-20230520-CIF4-4293,2023-05-20,John Smith,EMP-003,NZXT H510 Case,15,Components,Cases,2,7000,0,4500,Cash,Jonathan Morris,411.341.3300x840,
OFF-20250502-VLN4-4294,2025-05-02,John Smith,EMP-003,ASUS ROG Monitor 27,8,Displays,Monitors,3,25000,1500,18000,Cash,Walk-in,,Short serious result own find office age.
OFF-20230122-RPYT-4295,2023-01-22,Jane Doe,EMP-002,Gaming PC Build,11,Desktops,Gaming PC,2,85000,0,65000,Cash,Jose Mccoy,260.532.3232,
OFF-20220129-5ZM4-4296,2022-01-29,Jane Doe,EMP-002,Corsair 32GB RAM,1,Components,RAM,3,9000,0,6000,Cash,Theresa Johnson,,
OFF-20240808-8ETU-4297,2024-08-08,John Smith,EMP-003,Logitech MX Master 3,9,Accessories,Mice,2,8500,1500,5000,UPI,Collin Roberts,,
OFF-20251226-E6UL-4298,2025-12-26,John Smith,EMP-003,Corsair 32GB RAM,12,Components,RAM,2,9000,0,6000,Credit Card,Walk-in,,
OFF-20230507-1O68-4299,2023-05-07,Anton,EMP-001,NZXT H510 Case,4,Components,Cases,1,7000,0,4500,Debit Card,Scott Gutierrez,001-923-347-4481,
OFF-20240424-DMAJ-4300,2024-04-24,Jane Doe,EMP-002,Logitech WebCam C920,19,Accessories,Webcams,1,6000,0,3500,Credit Card,Walk-in,001-531-854-7235x6873,
OFF-20230724-SQEG-4301,2023-07-24,Anton,EMP-001,NZXT H510 Case,11,Components,Cases,3,7000,1000,4500,UPI,Walk-in,,Bag bring collection today future.
OFF-20250324-4UFL-4302,2025-03-24,Anton,EMP-001,Intel Core i7 13700K,2,Components,CPU,1,35000,500,28000,Debit Card,Walk-in,,Science indicate relate start cup.
OFF-20251201-7AEL-4303,2025-12-01,John Smith,EMP-003,Gaming PC Build,16,Desktops,Gaming PC,3,85000,1500,65000,Debit Card,Mark Stevens,+1-434-274-6736x346,
OFF-20250728-5BSX-4304,2025-07-28,Jane Doe,EMP-002,Logitech WebCam C920,16,Accessories,Webcams,3,6000,0,3500,Credit Card,Becky Newton,361-656-3808x65105,South sing size member chance much kitchen.
OFF-20230223-T69H-4305,2023-02-23,John Smith,EMP-003,Logitech MX Master 3,14,Accessories,Mice,3,8500,1500,5000,UPI,Warren Ramirez,,
OFF-20211220-Q7L5-4306,2021-12-20,Jane Doe,EMP-002,Intel Core i7 13700K,2,Components,CPU,1,35000,1000,28000,Credit Card,James Hernandez,,
OFF-20211015-B4FU-4307,2021-10-15,Anton,EMP-001,ASUS ROG Monitor 27,4,Displays,Monitors,2,25000,0,18000,Cash,Robert Williams,,
OFF-20250410-B15O-4308,2025-04-10,Anton,EMP-001,Samsung 980 PRO 1TB,6,Components,Storage,3,8000,0,5500,Credit Card,Ashley Hernandez,,
OFF-20241124-6V9S-4309,2024-11-24,Jane Doe,EMP-002,Samsung 980 PRO 1TB,4,Components,Storage,2,8000,500,5500,Cash,Richard Hill,446-405-9140x11550,
OFF-20240713-4XLQ-4310,2024-07-13,John Smith,EMP-003,Gaming PC Build,1,Desktops,Gaming PC,3,85000,500,65000,Cash,Walk-in,+1-428-608-9146x7304,
OFF-20220709-W7RR-4311,2022-07-09,John Smith,EMP-003,NZXT H510 Case,5,Components,Cases,2,7000,0,4500,Cash,Alan Perez,,
OFF-20231020-DH42-4312,2023-10-20,John Smith,EMP-003,RTX 4070 Ti,16,Components,GPU,2,75000,0,60000,Debit Card,Madison Marshall,001-451-204-1993x4895,Case from short laugh.
OFF-20250727-2VUL-4313,2025-07-27,Jane Doe,EMP-002,Razer BlackWidow,13,Accessories,Keyboards,3,12000,500,8000,Cash,Walk-in,539-950-9989x1128,Type summer former not.
OFF-20220428-QB3E-4314,2022-04-28,Jane Doe,EMP-002,RTX 4070 Ti,9,Components,GPU,3,75000,1000,60000,UPI,Joshua Miller,,
OFF-20220911-1A14-4315,2022-09-11,Anton,EMP-001,Razer BlackWidow,12,Accessories,Keyboards,1,12000,1500,8000,Cash,Samuel Lindsey,,
OFF-20230506-32LD-4316,2023-05-06,John Smith,EMP-003,ASUS ROG Monitor 27,15,Displays,Monitors,1,25000,1500,18000,Debit Card,Walk-in,,Could coach senior himself interest information.
OFF-20220328-IKXO-4317,2022-03-28,Anton,EMP-001,Razer BlackWidow,8,Accessories,Keyboards,2,12000,1000,8000,UPI,Victor Mclaughlin,,Mrs public center.
OFF-20250106-JPW5-4318,2025-01-06,Jane Doe,EMP-002,Intel Core i7 13700K,14,Components,CPU,1,35000,0,28000,UPI,Claudia Williams,,
OFF-20230823-BNUE-4319,2023-08-23,Jane Doe,EMP-002,Corsair 32GB RAM,3,Components,RAM,1,9000,0,6000,Debit Card,Elizabeth Green,,
OFF-20251220-E7E7-4320,2025-12-20,John Smith,EMP-003,NZXT H510 Case,11,Components,Cases,1,7000,0,4500,Credit Card,Walk-in,284-882-5759x7076,
OFF-20220713-YFK0-4321,2022-07-13,Anton,EMP-001,Gaming PC Build,8,Desktops,Gaming PC,2,85000,0,65000,Debit Card,Joshua May,9409022068,
OFF-20250419-T4C9-4322,2025-04-19,John Smith,EMP-003,NZXT H510 Case,17,Components,Cases,2,7000,0,4500,UPI,John Adams,526-710-1861x20942,
OFF-20241115-8WHL-4323,2024-11-15,John Smith,EMP-003,Logitech WebCam C920,18,Accessories,Webcams,2,6000,0,3500,Cash,Ashley Taylor,,
OFF-20230215-FBVV-4324,2023-02-15,John Smith,EMP-003,NZXT H510 Case,17,Components,Cases,3,7000,500,4500,UPI,Belinda James,(429)511-2387,
OFF-20211016-O8PY-4325,2021-10-16,Anton,EMP-001,Samsung 980 PRO 1TB,1,Components,Storage,2,8000,500,5500,Cash,Joshua Rhodes,+1-595-525-4779x825,Finish hit believe.
OFF-20220925-YFRO-4326,2022-09-25,Jane Doe,EMP-002,Razer BlackWidow,8,Accessories,Keyboards,2,12000,0,8000,UPI,Beverly Sanchez,001-731-255-3373x359,Recently mean Mrs help sing.
OFF-20220603-QYYG-4327,2022-06-03,John Smith,EMP-003,Samsung 980 PRO 1TB,16,Components,Storage,2,8000,1500,5500,UPI,Arthur Bennett,,
OFF-20220528-PCP5-4328,2022-05-28,Anton,EMP-001,NZXT H510 Case,4,Components,Cases,2,7000,0,4500,UPI,Walk-in,(314)419-0814x5824,
OFF-20210926-AFQ7-4329,2021-09-26,Anton,EMP-001,Intel Core i7 13700K,3,Components,CPU,1,35000,0,28000,UPI,Crystal Schmidt,001-867-879-7156x3817,
OFF-20220212-XBWG-4330,2022-02-12,John Smith,EMP-003,Logitech WebCam C920,2,Accessories,Webcams,1,6000,1000,3500,Cash,Walk-in,,
OFF-20210909-FZYN-4331,2021-09-09,Anton,EMP-001,Gaming PC Build,2,Desktops,Gaming PC,1,85000,1500,65000,UPI,Walk-in,,
OFF-20231101-M90O-4332,2023-11-01,Jane Doe,EMP-002,ASUS ROG Monitor 27,8,Displays,Monitors,1,25000,1000,18000,UPI,Veronica King,,
OFF-20210517-CXSA-4333,2021-05-17,John Smith,EMP-003,Corsair 32GB RAM,19,Components,RAM,3,9000,500,6000,Debit Card,Amber Morales,,
OFF-20240223-9ITS-4334,2024-02-23,John Smith,EMP-003,Gaming PC Build,13,Desktops,Gaming PC,2,85000,500,65000,Cash,Walk-in,452-497-5734x122,
OFF-20230629-FW90-4335,2023-06-29,Anton,EMP-001,RTX 4070 Ti,1,Components,GPU,1,75000,1000,60000,Debit Card,Mike Castro,,
OFF-20250624-PT26-4336,2025-06-24,John Smith,EMP-003,Logitech MX Master 3,12,Accessories,Mice,3,8500,0,5000,UPI,Amy Stephens,271-904-1339x734,Pattern door network tell memory performance.
OFF-20210912-SYB7-4337,2021-09-12,John Smith,EMP-003,NZXT H510 Case,3,Components,Cases,3,7000,500,4500,Credit Card,Katrina Smith,925-453-1390,
OFF-20251001-5OTK-4338,2025-10-01,Anton,EMP-001,ASUS ROG Monitor 27,7,Displays,Monitors,3,25000,1500,18000,UPI,Allen Nielsen,636.298.7289,
OFF-20260115-LNHO-4339,2026-01-15,Jane Doe,EMP-002,Logitech MX Master 3,16,Accessories,Mice,1,8500,0,5000,Debit Card,Walk-in,(513)435-8477x42519,
OFF-20251115-TK6H-4340,2025-11-15,John Smith,EMP-003,Razer BlackWidow,1,Accessories,Keyboards,1,12000,0,8000,UPI,Walk-in,,
OFF-20220804-Y8PQ-4341,2022-08-04,Jane Doe,EMP-002,NZXT H510 Case,16,Components,Cases,3,7000,500,4500,Cash,Kenneth Mccall,,Early election exactly.
OFF-20240709-MD7Z-4342,2024-07-09,Jane Doe,EMP-002,Samsung 980 PRO 1TB,11,Components,Storage,2,8000,0,5500,Credit Card,Walk-in,,
OFF-20240326-9NEY-4343,2024-03-26,John Smith,EMP-003,ASUS ROG Monitor 27,7,Displays,Monitors,3,25000,0,18000,Credit Card,Gabriel Chapman,,
OFF-20230501-UDIP-4344,2023-05-01,Jane Doe,EMP-002,NZXT H510 Case,18,Components,Cases,3,7000,0,4500,UPI,Dr. Jessica Stokes,914-394-4020x432,
OFF-20231124-FBFV-4345,2023-11-24,John Smith,EMP-003,Logitech MX Master 3,18,Accessories,Mice,2,8500,500,5000,Credit Card,Brett Williams,,
OFF-20211101-HRKO-4346,2021-11-01,Anton,EMP-001,Corsair 32GB RAM,16,Components,RAM,3,9000,1500,6000,Debit Card,Walk-in,,
OFF-20240511-8EMX-4347,2024-05-11,Jane Doe,EMP-002,ASUS ROG Monitor 27,14,Displays,Monitors,1,25000,1000,18000,Debit Card,Walk-in,(612)977-6305x65719,
OFF-20240530-JW53-4348,2024-05-30,Anton,EMP-001,Intel Core i7 13700K,19,Components,CPU,1,35000,0,28000,Credit Card,Edward Gonzalez,+1-521-822-2147x559,
OFF-20210619-24N9-4349,2021-06-19,John Smith,EMP-003,Samsung 980 PRO 1TB,7,Components,Storage,3,8000,0,5500,Credit Card,Jordan Harrison,,
OFF-20260308-9YHR-4350,2026-03-08,Anton,EMP-001,Intel Core i7 13700K,16,Components,CPU,2,35000,0,28000,UPI,Walk-in,(236)467-1581x72160,Great evening wear partner image military.
OFF-20250828-GXYB-4351,2025-08-28,Anton,EMP-001,Logitech WebCam C920,4,Accessories,Webcams,2,6000,0,3500,UPI,Walk-in,,
OFF-20250607-VTL8-4352,2025-06-07,John Smith,EMP-003,NZXT H510 Case,1,Components,Cases,2,7000,0,4500,Cash,Tammy Kelley,639.388.1055x73128,
OFF-20220901-8JYI-4353,2022-09-01,Jane Doe,EMP-002,ASUS ROG Monitor 27,4,Displays,Monitors,1,25000,1500,18000,Debit Card,Walk-in,,
OFF-20260327-5K1S-4354,2026-03-27,Jane Doe,EMP-002,NZXT H510 Case,20,Components,Cases,1,7000,1500,4500,Cash,William Campbell,,
OFF-20220508-BLPO-4355,2022-05-08,Jane Doe,EMP-002,NZXT H510 Case,2,Components,Cases,3,7000,1500,4500,Credit Card,Terry King,,
OFF-20220619-ZX6U-4356,2022-06-19,Jane Doe,EMP-002,Corsair 32GB RAM,8,Components,RAM,2,9000,1000,6000,UPI,Colin Hall,,
OFF-20220830-NFX6-4357,2022-08-30,John Smith,EMP-003,Samsung 980 PRO 1TB,12,Components,Storage,2,8000,500,5500,Cash,Jessica Martin,,
OFF-20210919-K44Z-4358,2021-09-19,John Smith,EMP-003,NZXT H510 Case,14,Components,Cases,1,7000,0,4500,Credit Card,Brittany Wiley,001-698-744-4353,Your beat still.
OFF-20240710-3WFW-4359,2024-07-10,Anton,EMP-001,ASUS ROG Monitor 27,1,Displays,Monitors,3,25000,1000,18000,Debit Card,Walk-in,+1-878-934-4543x20522,
OFF-20241228-X06U-4360,2024-12-28,John Smith,EMP-003,Logitech MX Master 3,18,Accessories,Mice,1,8500,1500,5000,Debit Card,Samuel May,,
OFF-20220322-1O3S-4361,2022-03-22,John Smith,EMP-003,Intel Core i7 13700K,1,Components,CPU,1,35000,500,28000,Debit Card,Walk-in,+1-827-697-4995x00649,Within single five season own important special.
OFF-20220525-HE87-4362,2022-05-25,Jane Doe,EMP-002,NZXT H510 Case,3,Components,Cases,1,7000,0,4500,Cash,Walk-in,,
OFF-20241219-GE9L-4363,2024-12-19,Anton,EMP-001,Razer BlackWidow,5,Accessories,Keyboards,1,12000,0,8000,Credit Card,Walk-in,,
OFF-20240420-VHOG-4364,2024-04-20,Anton,EMP-001,Gaming PC Build,4,Desktops,Gaming PC,1,85000,0,65000,Debit Card,Jose Patel,001-439-325-4633x6036,
OFF-20210418-L1T0-4365,2021-04-18,John Smith,EMP-003,Logitech MX Master 3,17,Accessories,Mice,2,8500,500,5000,UPI,Walk-in,(435)418-1441x18621,
OFF-20211022-UGQX-4366,2021-10-22,Anton,EMP-001,Logitech MX Master 3,9,Accessories,Mice,1,8500,0,5000,Debit Card,Tracy Mason,(877)848-4786x3611,
OFF-20250708-4NWE-4367,2025-07-08,Anton,EMP-001,Logitech WebCam C920,10,Accessories,Webcams,2,6000,0,3500,UPI,Ricky Finley,+1-496-890-6649x392,
OFF-20220529-BX8D-4368,2022-05-29,Anton,EMP-001,Logitech MX Master 3,19,Accessories,Mice,2,8500,0,5000,Debit Card,Lori Stevens,,
OFF-20220324-TFNL-4369,2022-03-24,Anton,EMP-001,Samsung 980 PRO 1TB,7,Components,Storage,2,8000,0,5500,UPI,Calvin Schwartz,702-429-5453,
OFF-20220507-P0MF-4370,2022-05-07,John Smith,EMP-003,Logitech MX Master 3,18,Accessories,Mice,2,8500,0,5000,Cash,Robert Ayala,+1-908-943-8697x209,
OFF-20231004-3XB1-4371,2023-10-04,John Smith,EMP-003,NZXT H510 Case,16,Components,Cases,1,7000,1500,4500,Cash,Angela Cameron,,
OFF-20221112-VUBU-4372,2022-11-12,Anton,EMP-001,Intel Core i7 13700K,5,Components,CPU,2,35000,0,28000,Debit Card,Evan Schneider,890-224-1672x13540,
OFF-20250220-97GT-4373,2025-02-20,John Smith,EMP-003,RTX 4070 Ti,20,Components,GPU,2,75000,0,60000,Credit Card,Howard Henderson,,
OFF-20260401-665L-4374,2026-04-01,John Smith,EMP-003,Logitech MX Master 3,12,Accessories,Mice,2,8500,0,5000,UPI,Walk-in,,
OFF-20230301-IGUT-4375,2023-03-01,Anton,EMP-001,Logitech MX Master 3,6,Accessories,Mice,3,8500,0,5000,Credit Card,Walk-in,(896)521-8992,
OFF-20231220-BSG3-4376,2023-12-20,John Smith,EMP-003,Logitech WebCam C920,16,Accessories,Webcams,3,6000,0,3500,Cash,Nathaniel Ward,001-551-964-0729,
OFF-20251027-3DX1-4377,2025-10-27,John Smith,EMP-003,RTX 4070 Ti,20,Components,GPU,2,75000,0,60000,Credit Card,Rachel Thomas,,
OFF-20211012-3YHB-4378,2021-10-12,Jane Doe,EMP-002,Corsair 32GB RAM,16,Components,RAM,3,9000,500,6000,Credit Card,Michael Roth,,
OFF-20230618-BGFT-4379,2023-06-18,Anton,EMP-001,Samsung 980 PRO 1TB,4,Components,Storage,1,8000,500,5500,UPI,Timothy Reid,,
OFF-20250131-8VWO-4380,2025-01-31,John Smith,EMP-003,Gaming PC Build,2,Desktops,Gaming PC,1,85000,500,65000,UPI,Jessica Cohen,,
OFF-20250901-O14P-4381,2025-09-01,Anton,EMP-001,Intel Core i7 13700K,19,Components,CPU,2,35000,0,28000,UPI,Katherine Colon,926-644-3373x6459,
OFF-20210414-ZPAL-4382,2021-04-14,Jane Doe,EMP-002,Logitech MX Master 3,1,Accessories,Mice,1,8500,0,5000,Credit Card,Samantha Blanchard,505.935.5034x562,
OFF-20220124-MMEA-4383,2022-01-24,John Smith,EMP-003,Intel Core i7 13700K,17,Components,CPU,1,35000,0,28000,UPI,Abigail Singleton,259-525-1244x3932,
OFF-20220226-QSWL-4384,2022-02-26,Jane Doe,EMP-002,NZXT H510 Case,19,Components,Cases,2,7000,0,4500,Debit Card,Walk-in,,Worker size experience thus.
OFF-20220616-3LSL-4385,2022-06-16,Anton,EMP-001,Razer BlackWidow,1,Accessories,Keyboards,2,12000,0,8000,Credit Card,Walk-in,,
OFF-20231121-DR1T-4386,2023-11-21,John Smith,EMP-003,Intel Core i7 13700K,17,Components,CPU,2,35000,0,28000,Credit Card,Walk-in,001-803-320-3637x78034,Return reveal likely community charge ok have.
OFF-20220927-4839-4387,2022-09-27,John Smith,EMP-003,ASUS ROG Monitor 27,6,Displays,Monitors,1,25000,0,18000,UPI,Gina Luna,,
OFF-20220916-SBKR-4388,2022-09-16,Jane Doe,EMP-002,ASUS ROG Monitor 27,10,Displays,Monitors,3,25000,1500,18000,Credit Card,Nathan Casey,(705)335-6026x3559,Onto team real.
OFF-20230825-S1ES-4389,2023-08-25,Anton,EMP-001,Logitech MX Master 3,13,Accessories,Mice,2,8500,0,5000,UPI,Robert King,,Kind father name leader claim yard traditional.
OFF-20221125-5I7S-4390,2022-11-25,Jane Doe,EMP-002,Gaming PC Build,19,Desktops,Gaming PC,2,85000,0,65000,UPI,Mary Nguyen,(842)370-2369x42158,
OFF-20240423-4HNH-4391,2024-04-23,Jane Doe,EMP-002,Logitech MX Master 3,11,Accessories,Mice,1,8500,500,5000,UPI,Jaclyn Morgan DVM,583.862.5088,Tree require national itself film many.
OFF-20220312-VR3S-4392,2022-03-12,John Smith,EMP-003,NZXT H510 Case,18,Components,Cases,3,7000,1500,4500,Debit Card,William Jackson,,
OFF-20260302-AF99-4393,2026-03-02,Anton,EMP-001,Gaming PC Build,11,Desktops,Gaming PC,1,85000,0,65000,Debit Card,Walk-in,(759)333-1439,
OFF-20260113-4YF3-4394,2026-01-13,John Smith,EMP-003,Razer BlackWidow,12,Accessories,Keyboards,1,12000,0,8000,UPI,Aaron Taylor,,
OFF-20220108-0MS3-4395,2022-01-08,Jane Doe,EMP-002,Logitech WebCam C920,20,Accessories,Webcams,1,6000,0,3500,Credit Card,Andrew Gill,746-455-9407x3048,
OFF-20220421-MUCP-4396,2022-04-21,Jane Doe,EMP-002,Razer BlackWidow,2,Accessories,Keyboards,3,12000,0,8000,Cash,Walk-in,,
OFF-20250918-ECIF-4397,2025-09-18,Anton,EMP-001,Corsair 32GB RAM,2,Components,RAM,2,9000,0,6000,Cash,Walk-in,748.887.8679,
OFF-20250403-YK68-4398,2025-04-03,Anton,EMP-001,Logitech WebCam C920,20,Accessories,Webcams,2,6000,500,3500,Credit Card,Jennifer Mata,886.206.6349x4544,
OFF-20251110-BTRR-4399,2025-11-10,Anton,EMP-001,ASUS ROG Monitor 27,3,Displays,Monitors,1,25000,1000,18000,Debit Card,Jacqueline Williams,545.981.4380x827,Management least stand cut smile.
OFF-20230423-P3XO-4400,2023-04-23,John Smith,EMP-003,Gaming PC Build,9,Desktops,Gaming PC,1,85000,0,65000,UPI,Chelsea Osborn,,
OFF-20260311-4PX8-4401,2026-03-11,Jane Doe,EMP-002,RTX 4070 Ti,13,Components,GPU,2,75000,0,60000,UPI,Olivia Little,,Pay produce share capital court.
OFF-20230505-4UFM-4402,2023-05-05,Jane Doe,EMP-002,ASUS ROG Monitor 27,16,Displays,Monitors,3,25000,1000,18000,Debit Card,Pamela Gray,,
OFF-20230112-Z6CN-4403,2023-01-12,Jane Doe,EMP-002,Corsair 32GB RAM,1,Components,RAM,3,9000,500,6000,Debit Card,Colleen Good,(997)694-2777x7750,
OFF-20220113-JRWD-4404,2022-01-13,Jane Doe,EMP-002,Corsair 32GB RAM,17,Components,RAM,1,9000,0,6000,UPI,Walk-in,+1-260-794-0353x82695,
OFF-20210811-XN6H-4405,2021-08-11,John Smith,EMP-003,ASUS ROG Monitor 27,15,Displays,Monitors,3,25000,500,18000,Debit Card,Troy Lopez,(945)379-7764,
OFF-20250203-ZT4I-4406,2025-02-03,Jane Doe,EMP-002,Gaming PC Build,12,Desktops,Gaming PC,2,85000,0,65000,Cash,Theresa Hampton,,
OFF-20240721-ZGUZ-4407,2024-07-21,Jane Doe,EMP-002,Corsair 32GB RAM,3,Components,RAM,3,9000,0,6000,Debit Card,Robin Donovan,9455759479,
OFF-20250226-J8FH-4408,2025-02-26,John Smith,EMP-003,Gaming PC Build,8,Desktops,Gaming PC,3,85000,0,65000,UPI,Lisa Willis,(540)489-1487,
OFF-20211112-XWK1-4409,2021-11-12,Jane Doe,EMP-002,Corsair 32GB RAM,5,Components,RAM,1,9000,1500,6000,Debit Card,Susan Hall,,
OFF-20220909-ZPND-4410,2022-09-09,Jane Doe,EMP-002,NZXT H510 Case,4,Components,Cases,1,7000,1000,4500,Debit Card,Luis Conrad,,
OFF-20240611-P0GS-4411,2024-06-11,Jane Doe,EMP-002,NZXT H510 Case,9,Components,Cases,2,7000,500,4500,UPI,Walk-in,001-871-838-3128,
OFF-20211023-8VBS-4412,2021-10-23,John Smith,EMP-003,ASUS ROG Monitor 27,5,Displays,Monitors,3,25000,0,18000,Cash,Mario Young,(518)520-1068,
OFF-20230213-GEUF-4413,2023-02-13,Jane Doe,EMP-002,NZXT H510 Case,17,Components,Cases,3,7000,500,4500,Credit Card,Walk-in,,
OFF-20230117-J9HM-4414,2023-01-17,Anton,EMP-001,Intel Core i7 13700K,14,Components,CPU,1,35000,500,28000,Credit Card,Heather Miller,001-393-832-7637,
OFF-20230303-P4S6-4415,2023-03-03,John Smith,EMP-003,Intel Core i7 13700K,1,Components,CPU,2,35000,1500,28000,Debit Card,Walk-in,001-470-387-3283x21649,General wide teacher particular brother.
OFF-20210528-LEAD-4416,2021-05-28,Anton,EMP-001,Gaming PC Build,20,Desktops,Gaming PC,2,85000,1000,65000,Debit Card,Michael Jordan,+1-964-857-5077x9647,Check cost everything sign.
OFF-20240822-9BXC-4417,2024-08-22,Jane Doe,EMP-002,Razer BlackWidow,15,Accessories,Keyboards,3,12000,0,8000,Debit Card,Richard Beasley,+1-585-713-3427x6360,
OFF-20221216-G9G6-4418,2022-12-16,John Smith,EMP-003,NZXT H510 Case,15,Components,Cases,2,7000,1500,4500,Cash,Nicholas Curtis,,
OFF-20250429-YLO2-4419,2025-04-29,Jane Doe,EMP-002,Razer BlackWidow,10,Accessories,Keyboards,1,12000,500,8000,Debit Card,Kimberly Little,3528568515,
OFF-20240322-OD4K-4420,2024-03-22,Jane Doe,EMP-002,Logitech WebCam C920,16,Accessories,Webcams,3,6000,0,3500,Cash,Walk-in,,
OFF-20230218-CM9H-4421,2023-02-18,John Smith,EMP-003,Gaming PC Build,5,Desktops,Gaming PC,3,85000,1500,65000,Credit Card,Walk-in,,
OFF-20230514-NG9B-4422,2023-05-14,Jane Doe,EMP-002,Logitech WebCam C920,2,Accessories,Webcams,2,6000,1000,3500,Cash,Derek Howard,(409)629-8785,
OFF-20220512-XZ3R-4423,2022-05-12,John Smith,EMP-003,NZXT H510 Case,17,Components,Cases,2,7000,500,4500,UPI,Destiny Franklin,769.360.3069x47726,Fact hear early brother.
OFF-20231126-NOWI-4424,2023-11-26,Jane Doe,EMP-002,Logitech MX Master 3,17,Accessories,Mice,1,8500,0,5000,Debit Card,Gordon Meyer,299-471-0372,
OFF-20220526-TUZR-4425,2022-05-26,John Smith,EMP-003,NZXT H510 Case,13,Components,Cases,2,7000,0,4500,Cash,Brandi Taylor,598.430.8065,Chance sound every tell mind school standard.
OFF-20220331-ZT2X-4426,2022-03-31,Anton,EMP-001,Logitech MX Master 3,20,Accessories,Mice,3,8500,500,5000,Credit Card,Donald Brown,(681)940-8640,
OFF-20220807-C8ZP-4427,2022-08-07,John Smith,EMP-003,Razer BlackWidow,8,Accessories,Keyboards,2,12000,1500,8000,Credit Card,Whitney Dorsey,001-922-586-1153x53651,
OFF-20230607-1P6T-4428,2023-06-07,Jane Doe,EMP-002,Intel Core i7 13700K,19,Components,CPU,1,35000,1000,28000,Credit Card,Emily Williams,718.763.4840x04860,
OFF-20240707-W389-4429,2024-07-07,John Smith,EMP-003,Logitech MX Master 3,6,Accessories,Mice,2,8500,0,5000,Debit Card,Crystal Carpenter,001-871-843-7927x25942,
OFF-20241129-ZZSE-4430,2024-11-29,Anton,EMP-001,ASUS ROG Monitor 27,19,Displays,Monitors,2,25000,500,18000,UPI,Christopher Oneal,,
OFF-20210804-Z73S-4431,2021-08-04,Jane Doe,EMP-002,Logitech MX Master 3,20,Accessories,Mice,2,8500,0,5000,Cash,Walk-in,,
OFF-20240505-EQKC-4432,2024-05-05,Anton,EMP-001,Razer BlackWidow,2,Accessories,Keyboards,1,12000,0,8000,Debit Card,Walk-in,+1-784-948-7825x613,
OFF-20260108-406O-4433,2026-01-08,Jane Doe,EMP-002,NZXT H510 Case,2,Components,Cases,2,7000,1000,4500,Cash,Michelle Howard,(705)859-9078x4912,Race strong newspaper cut alone than minute.
OFF-20240218-PC28-4434,2024-02-18,Anton,EMP-001,RTX 4070 Ti,15,Components,GPU,2,75000,1500,60000,Credit Card,John Brown,,Anyone radio country life from why.
OFF-20210801-CP8Y-4435,2021-08-01,Jane Doe,EMP-002,Gaming PC Build,11,Desktops,Gaming PC,1,85000,0,65000,Cash,Timothy Santos,001-971-383-6239x03628,
OFF-20211109-BKCO-4436,2021-11-09,Anton,EMP-001,Samsung 980 PRO 1TB,5,Components,Storage,1,8000,1000,5500,UPI,Anthony Duncan,(664)929-2676x4821,Manager its step continue chance.
OFF-20240225-THQA-4437,2024-02-25,John Smith,EMP-003,RTX 4070 Ti,20,Components,GPU,2,75000,0,60000,Credit Card,Andrew Bautista,,
OFF-20230518-HBTY-4438,2023-05-18,John Smith,EMP-003,RTX 4070 Ti,15,Components,GPU,3,75000,1500,60000,Debit Card,Rita Weaver,,
OFF-20241112-BS53-4439,2024-11-12,Anton,EMP-001,NZXT H510 Case,11,Components,Cases,3,7000,1000,4500,UPI,Renee Bradley,001-857-563-8522x7945,
OFF-20240321-YLV8-4440,2024-03-21,Jane Doe,EMP-002,NZXT H510 Case,19,Components,Cases,1,7000,1500,4500,Cash,Anthony Camacho,,
OFF-20210930-LYJK-4441,2021-09-30,Jane Doe,EMP-002,Razer BlackWidow,14,Accessories,Keyboards,3,12000,1000,8000,Debit Card,Jesse Sanchez,(666)893-2705x2067,
OFF-20251214-6ZDH-4442,2025-12-14,John Smith,EMP-003,Samsung 980 PRO 1TB,4,Components,Storage,3,8000,0,5500,Credit Card,Brandy Cannon,+1-810-719-0015x42311,
OFF-20220411-BLBW-4443,2022-04-11,Jane Doe,EMP-002,Samsung 980 PRO 1TB,18,Components,Storage,2,8000,1000,5500,Debit Card,Patrick Odonnell,831-434-0244,
OFF-20220410-6VMQ-4444,2022-04-10,Jane Doe,EMP-002,Logitech MX Master 3,3,Accessories,Mice,3,8500,500,5000,UPI,Daniel Evans,,
OFF-20220722-A8P4-4445,2022-07-22,Jane Doe,EMP-002,Logitech WebCam C920,17,Accessories,Webcams,1,6000,0,3500,Cash,Michelle Mclaughlin,,
OFF-20231005-L2J6-4446,2023-10-05,Jane Doe,EMP-002,Samsung 980 PRO 1TB,12,Components,Storage,1,8000,1500,5500,Cash,Walk-in,,
OFF-20260224-6JPS-4447,2026-02-24,Jane Doe,EMP-002,ASUS ROG Monitor 27,12,Displays,Monitors,1,25000,1500,18000,Debit Card,John Mcdaniel,(749)317-4499,
OFF-20240220-EPF0-4448,2024-02-20,Anton,EMP-001,Logitech WebCam C920,10,Accessories,Webcams,3,6000,1000,3500,Debit Card,Walk-in,639-621-2068x809,
OFF-20211115-S8DU-4449,2021-11-15,Jane Doe,EMP-002,Gaming PC Build,16,Desktops,Gaming PC,1,85000,1000,65000,UPI,Walk-in,+1-945-373-1025,
OFF-20210704-ER4B-4450,2021-07-04,Anton,EMP-001,Logitech MX Master 3,8,Accessories,Mice,3,8500,0,5000,Cash,Jay Smith,(769)263-7146x8157,
OFF-20250103-IBH6-4451,2025-01-03,Anton,EMP-001,Logitech MX Master 3,19,Accessories,Mice,1,8500,500,5000,Debit Card,Walk-in,959-647-8782x190,Argue across tonight own pick best.
OFF-20251103-RO4T-4452,2025-11-03,John Smith,EMP-003,RTX 4070 Ti,6,Components,GPU,3,75000,1000,60000,UPI,Brandon Smith,001-201-978-6626x43634,
OFF-20240730-NSEO-4453,2024-07-30,Jane Doe,EMP-002,Gaming PC Build,4,Desktops,Gaming PC,2,85000,0,65000,Debit Card,Diane Navarro,473-385-8306,
OFF-20220907-FMA2-4454,2022-09-07,Jane Doe,EMP-002,Intel Core i7 13700K,6,Components,CPU,1,35000,1000,28000,Credit Card,Mark Sanders,,Sure media during production central.
OFF-20230827-ZZRH-4455,2023-08-27,Jane Doe,EMP-002,Samsung 980 PRO 1TB,3,Components,Storage,2,8000,1500,5500,Credit Card,Lauren Massey,001-424-982-0114x093,
OFF-20241001-3WUM-4456,2024-10-01,John Smith,EMP-003,Logitech WebCam C920,15,Accessories,Webcams,1,6000,0,3500,Cash,David Salas,,
OFF-20210423-ZLND-4457,2021-04-23,Anton,EMP-001,Samsung 980 PRO 1TB,19,Components,Storage,1,8000,0,5500,Cash,Walk-in,,Perform manager probably itself society ground.
OFF-20210908-IC9W-4458,2021-09-08,Anton,EMP-001,Samsung 980 PRO 1TB,2,Components,Storage,1,8000,1500,5500,Credit Card,Eileen Martinez,001-648-631-8785,
OFF-20230715-2C1T-4459,2023-07-15,John Smith,EMP-003,RTX 4070 Ti,13,Components,GPU,3,75000,500,60000,Debit Card,Christopher Benson,,Its seat specific sign list behavior structure important.
OFF-20230922-U8DE-4460,2023-09-22,Jane Doe,EMP-002,Samsung 980 PRO 1TB,1,Components,Storage,2,8000,0,5500,Debit Card,Brett Freeman,,
OFF-20210609-B69R-4461,2021-06-09,Jane Doe,EMP-002,Samsung 980 PRO 1TB,15,Components,Storage,1,8000,1500,5500,Credit Card,Wesley Estrada,,
OFF-20220524-H8ZN-4462,2022-05-24,Jane Doe,EMP-002,RTX 4070 Ti,18,Components,GPU,2,75000,0,60000,Cash,Christopher Shepard,930-266-1819x7209,
OFF-20220425-OY8V-4463,2022-04-25,John Smith,EMP-003,Corsair 32GB RAM,1,Components,RAM,2,9000,0,6000,Cash,Donald Harris,,
OFF-20220629-P1XN-4464,2022-06-29,John Smith,EMP-003,NZXT H510 Case,18,Components,Cases,1,7000,1000,4500,Cash,Walk-in,+1-729-895-5240x415,Black admit fall radio officer involve.
OFF-20240219-9BF4-4465,2024-02-19,Jane Doe,EMP-002,Samsung 980 PRO 1TB,18,Components,Storage,2,8000,500,5500,Credit Card,Walk-in,356-992-7510x21850,
OFF-20260331-F5CF-4466,2026-03-31,Anton,EMP-001,RTX 4070 Ti,12,Components,GPU,3,75000,1000,60000,UPI,Jennifer Gentry,,
OFF-20220923-FF95-4467,2022-09-23,John Smith,EMP-003,Samsung 980 PRO 1TB,6,Components,Storage,1,8000,0,5500,Credit Card,Walk-in,,
OFF-20221222-2SYL-4468,2022-12-22,John Smith,EMP-003,Samsung 980 PRO 1TB,13,Components,Storage,3,8000,500,5500,Credit Card,Miguel Wyatt,,
OFF-20250115-4U2Y-4469,2025-01-15,Anton,EMP-001,NZXT H510 Case,10,Components,Cases,3,7000,0,4500,Debit Card,Walk-in,+1-537-543-4723x9920,
OFF-20211027-EHLW-4470,2021-10-27,John Smith,EMP-003,ASUS ROG Monitor 27,5,Displays,Monitors,1,25000,1000,18000,Debit Card,Jared Mueller,,Sure read song suffer.
OFF-20230303-3A5A-4471,2023-03-03,John Smith,EMP-003,RTX 4070 Ti,12,Components,GPU,1,75000,500,60000,Debit Card,Walk-in,,
OFF-20231121-AVCZ-4472,2023-11-21,Jane Doe,EMP-002,Corsair 32GB RAM,15,Components,RAM,3,9000,0,6000,Credit Card,Matthew Lewis,,
OFF-20220522-8NXV-4473,2022-05-22,Anton,EMP-001,Logitech MX Master 3,18,Accessories,Mice,1,8500,0,5000,Cash,Stephen Garcia,,
OFF-20260327-KFE1-4474,2026-03-27,Anton,EMP-001,Logitech MX Master 3,13,Accessories,Mice,3,8500,0,5000,Debit Card,Robert Lynch,582-768-2149x9575,Mouth few follow technology turn Democrat.
OFF-20231207-G1X5-4475,2023-12-07,Jane Doe,EMP-002,Logitech WebCam C920,3,Accessories,Webcams,3,6000,1500,3500,Credit Card,Walk-in,001-844-528-8348x1195,
OFF-20230105-9V3J-4476,2023-01-05,Anton,EMP-001,RTX 4070 Ti,6,Components,GPU,1,75000,1500,60000,Credit Card,Matthew Weaver,+1-255-417-2979x694,
OFF-20250108-WXUE-4477,2025-01-08,Jane Doe,EMP-002,NZXT H510 Case,5,Components,Cases,1,7000,0,4500,Credit Card,Julie Carrillo,433.529.1037x7478,
OFF-20220305-ABR5-4478,2022-03-05,Anton,EMP-001,Corsair 32GB RAM,6,Components,RAM,3,9000,1000,6000,UPI,Walk-in,(607)905-8649x81681,
OFF-20210708-T8S6-4479,2021-07-08,Jane Doe,EMP-002,Intel Core i7 13700K,5,Components,CPU,2,35000,1000,28000,Cash,Walk-in,331.638.9708,
OFF-20241202-7AXK-4480,2024-12-02,John Smith,EMP-003,Logitech WebCam C920,1,Accessories,Webcams,2,6000,0,3500,UPI,Brian Thornton,(744)522-0628,
OFF-20240104-PJNR-4481,2024-01-04,Jane Doe,EMP-002,Logitech WebCam C920,19,Accessories,Webcams,2,6000,0,3500,UPI,Amanda Gray,339.203.2158,
OFF-20260220-61D0-4482,2026-02-20,Anton,EMP-001,RTX 4070 Ti,20,Components,GPU,2,75000,0,60000,UPI,Allison Smith,,
OFF-20230620-76KL-4483,2023-06-20,John Smith,EMP-003,Corsair 32GB RAM,18,Components,RAM,3,9000,1000,6000,Cash,Randy Fowler,,
OFF-20230309-7JPE-4484,2023-03-09,Jane Doe,EMP-002,NZXT H510 Case,15,Components,Cases,1,7000,500,4500,Cash,Catherine Roberson,,
OFF-20241006-WZDY-4485,2024-10-06,John Smith,EMP-003,RTX 4070 Ti,20,Components,GPU,3,75000,500,60000,Credit Card,Rebecca Moore,,
OFF-20220610-L3J2-4486,2022-06-10,John Smith,EMP-003,Razer BlackWidow,20,Accessories,Keyboards,2,12000,0,8000,Cash,Walk-in,(831)467-5049,Watch material contain these important someone suffer.
OFF-20240119-7EFW-4487,2024-01-19,John Smith,EMP-003,Gaming PC Build,14,Desktops,Gaming PC,1,85000,0,65000,Credit Card,Marvin Thompson,862.564.0616,
OFF-20230711-MM6S-4488,2023-07-11,John Smith,EMP-003,ASUS ROG Monitor 27,18,Displays,Monitors,2,25000,0,18000,UPI,Kelly Branch,695.393.9162x45451,Whether hospital star good mother space growth.
OFF-20230109-U04B-4489,2023-01-09,Jane Doe,EMP-002,Samsung 980 PRO 1TB,8,Components,Storage,1,8000,500,5500,Cash,Walk-in,(964)435-5890x6323,
OFF-20250830-WM74-4490,2025-08-30,Anton,EMP-001,Gaming PC Build,20,Desktops,Gaming PC,1,85000,500,65000,Credit Card,Jane Perez,,
OFF-20210411-46JH-4491,2021-04-11,John Smith,EMP-003,Corsair 32GB RAM,7,Components,RAM,2,9000,0,6000,Debit Card,James Tate,6925351487,
OFF-20220512-KDR2-4492,2022-05-12,Anton,EMP-001,Corsair 32GB RAM,11,Components,RAM,3,9000,1000,6000,UPI,Walk-in,,
OFF-20211229-T7NH-4493,2021-12-29,Jane Doe,EMP-002,Intel Core i7 13700K,5,Components,CPU,1,35000,1500,28000,Cash,Kenneth Schultz,,Visit material return drop rest drug.
OFF-20240220-GON0-4494,2024-02-20,John Smith,EMP-003,Corsair 32GB RAM,4,Components,RAM,3,9000,0,6000,Credit Card,Matthew Gomez,759.436.3963,
OFF-20220118-92FY-4495,2022-01-18,Anton,EMP-001,Intel Core i7 13700K,11,Components,CPU,2,35000,0,28000,Credit Card,Walk-in,,
OFF-20210407-VMFZ-4496,2021-04-07,Jane Doe,EMP-002,ASUS ROG Monitor 27,18,Displays,Monitors,3,25000,500,18000,Debit Card,Walk-in,001-396-532-8054x33676,Usually share call newspaper region box staff.
OFF-20210806-K78O-4497,2021-08-06,John Smith,EMP-003,ASUS ROG Monitor 27,5,Displays,Monitors,3,25000,1500,18000,Credit Card,Danielle Murphy,(413)732-3283x223,Expert speech use down run.
OFF-20240619-N5IF-4498,2024-06-19,Anton,EMP-001,Samsung 980 PRO 1TB,8,Components,Storage,1,8000,1500,5500,Debit Card,Megan Harris,,
OFF-20211214-PMZR-4499,2021-12-14,John Smith,EMP-003,Logitech WebCam C920,12,Accessories,Webcams,3,6000,0,3500,Cash,Walk-in,326-552-9919,
OFF-20220704-VEOQ-4500,2022-07-04,Jane Doe,EMP-002,Razer BlackWidow,10,Accessories,Keyboards,2,12000,0,8000,Debit Card,Colton Bishop,(929)247-2646,Tough car popular tonight bring score history.
OFF-20220519-R7PL-4501,2022-05-19,John Smith,EMP-003,Gaming PC Build,16,Desktops,Gaming PC,1,85000,1000,65000,Credit Card,Walk-in,,
OFF-20250213-0G6H-4502,2025-02-13,Anton,EMP-001,Logitech WebCam C920,15,Accessories,Webcams,1,6000,0,3500,Credit Card,Walk-in,,
OFF-20220226-33XR-4503,2022-02-26,Jane Doe,EMP-002,Razer BlackWidow,9,Accessories,Keyboards,3,12000,500,8000,UPI,Olivia King,,
OFF-20250521-8W0H-4504,2025-05-21,Jane Doe,EMP-002,Razer BlackWidow,20,Accessories,Keyboards,2,12000,0,8000,Debit Card,Walk-in,+1-659-325-9608x850,
OFF-20210709-ZW59-4505,2021-07-09,Anton,EMP-001,Intel Core i7 13700K,2,Components,CPU,3,35000,1500,28000,Credit Card,Walk-in,327.239.0118x70160,
OFF-20260227-9AG8-4506,2026-02-27,Jane Doe,EMP-002,Logitech WebCam C920,1,Accessories,Webcams,1,6000,500,3500,Credit Card,Walk-in,670.819.7065,
OFF-20220325-8YUI-4507,2022-03-25,Jane Doe,EMP-002,Logitech MX Master 3,15,Accessories,Mice,3,8500,0,5000,Debit Card,Walk-in,,
OFF-20220807-4R7W-4508,2022-08-07,Jane Doe,EMP-002,Logitech WebCam C920,13,Accessories,Webcams,3,6000,1500,3500,UPI,Walk-in,988.679.8397,Cell never same ever put job.
OFF-20240419-7QLX-4509,2024-04-19,Anton,EMP-001,ASUS ROG Monitor 27,3,Displays,Monitors,2,25000,0,18000,Credit Card,Christopher Avila,,
OFF-20220922-LCKT-4510,2022-09-22,John Smith,EMP-003,Intel Core i7 13700K,9,Components,CPU,3,35000,1500,28000,Credit Card,Walk-in,8875154998,
OFF-20250101-KGB1-4511,2025-01-01,Anton,EMP-001,ASUS ROG Monitor 27,19,Displays,Monitors,1,25000,500,18000,Cash,Jennifer Gomez,,
OFF-20231001-SV8M-4512,2023-10-01,John Smith,EMP-003,Gaming PC Build,8,Desktops,Gaming PC,3,85000,0,65000,Credit Card,John Wiley,,
OFF-20220114-M0WT-4513,2022-01-14,Jane Doe,EMP-002,Logitech WebCam C920,5,Accessories,Webcams,1,6000,0,3500,UPI,Walk-in,,
OFF-20250318-ZAY1-4514,2025-03-18,Anton,EMP-001,Corsair 32GB RAM,16,Components,RAM,2,9000,0,6000,Debit Card,Isabel Mcfarland,001-633-275-7420,
OFF-20250901-6ODT-4515,2025-09-01,Anton,EMP-001,Logitech WebCam C920,11,Accessories,Webcams,1,6000,0,3500,UPI,Roberta Brown,,Truth with bad.
OFF-20240903-HLSI-4516,2024-09-03,Anton,EMP-001,RTX 4070 Ti,10,Components,GPU,1,75000,0,60000,UPI,Mary Neal,,
OFF-20220924-4LDH-4517,2022-09-24,Anton,EMP-001,Razer BlackWidow,17,Accessories,Keyboards,1,12000,500,8000,Debit Card,Jessica Price,289-344-1133x248,
OFF-20250225-9B9O-4518,2025-02-25,Jane Doe,EMP-002,Logitech WebCam C920,6,Accessories,Webcams,1,6000,500,3500,Debit Card,Walk-in,(474)875-5343,
OFF-20250411-A69F-4519,2025-04-11,Anton,EMP-001,NZXT H510 Case,5,Components,Cases,3,7000,0,4500,Credit Card,Walk-in,485-948-8250,
OFF-20220528-BJCG-4520,2022-05-28,John Smith,EMP-003,Logitech MX Master 3,12,Accessories,Mice,2,8500,1000,5000,Credit Card,Kelsey Walker,,
OFF-20250522-2YKA-4521,2025-05-22,John Smith,EMP-003,Gaming PC Build,11,Desktops,Gaming PC,3,85000,0,65000,Credit Card,Megan Becker,,
OFF-20230214-WHVP-4522,2023-02-14,John Smith,EMP-003,Gaming PC Build,19,Desktops,Gaming PC,1,85000,1000,65000,Debit Card,Mrs. Sherry Hernandez,516.462.6608x5310,Part industry plant federal.
OFF-20220903-RGD3-4523,2022-09-03,Jane Doe,EMP-002,ASUS ROG Monitor 27,11,Displays,Monitors,3,25000,1500,18000,Credit Card,Cody Jennings,(383)635-2035,Protect Democrat knowledge give structure simply hand.
OFF-20240417-YOUB-4524,2024-04-17,Anton,EMP-001,NZXT H510 Case,13,Components,Cases,3,7000,0,4500,Cash,Walk-in,9195264454,
OFF-20231228-BC6Y-4525,2023-12-28,John Smith,EMP-003,Razer BlackWidow,17,Accessories,Keyboards,3,12000,0,8000,UPI,Kevin Velazquez,+1-503-801-0030x2558,
OFF-20240119-BX4K-4526,2024-01-19,John Smith,EMP-003,Corsair 32GB RAM,8,Components,RAM,2,9000,500,6000,UPI,Maria Levine,733.226.3936x91788,
OFF-20210613-FCFD-4527,2021-06-13,Jane Doe,EMP-002,Razer BlackWidow,10,Accessories,Keyboards,2,12000,1500,8000,UPI,Walk-in,,
OFF-20230509-MMX1-4528,2023-05-09,Anton,EMP-001,Samsung 980 PRO 1TB,11,Components,Storage,2,8000,0,5500,Credit Card,Walk-in,,
OFF-20230925-N9VV-4529,2023-09-25,Anton,EMP-001,Corsair 32GB RAM,8,Components,RAM,3,9000,0,6000,Debit Card,Barbara Green,001-304-357-0786,
OFF-20240922-GN9T-4530,2024-09-22,Jane Doe,EMP-002,ASUS ROG Monitor 27,1,Displays,Monitors,1,25000,0,18000,UPI,Jillian Lynch,+1-919-800-2436x995,
OFF-20221103-DBXC-4531,2022-11-03,Anton,EMP-001,Logitech WebCam C920,16,Accessories,Webcams,1,6000,0,3500,Debit Card,Christopher Andersen,2699882920,
OFF-20260228-5MZC-4532,2026-02-28,Anton,EMP-001,Gaming PC Build,10,Desktops,Gaming PC,2,85000,1000,65000,UPI,Duane Mcgee,(678)247-7170x027,
OFF-20230814-D3PR-4533,2023-08-14,Jane Doe,EMP-002,Samsung 980 PRO 1TB,4,Components,Storage,2,8000,0,5500,Credit Card,Charles Collins,539-840-9741,Also than popular detail.
OFF-20210925-KQFO-4534,2021-09-25,John Smith,EMP-003,ASUS ROG Monitor 27,6,Displays,Monitors,1,25000,0,18000,UPI,Samantha Sanders,,
OFF-20250107-W9Q1-4535,2025-01-07,Jane Doe,EMP-002,Razer BlackWidow,12,Accessories,Keyboards,3,12000,1000,8000,Credit Card,Sandra Kennedy,001-295-588-9146,
OFF-20250220-7Y7I-4536,2025-02-20,John Smith,EMP-003,NZXT H510 Case,13,Components,Cases,1,7000,1000,4500,Credit Card,Walk-in,,
OFF-20251203-2IQX-4537,2025-12-03,Jane Doe,EMP-002,Logitech MX Master 3,19,Accessories,Mice,3,8500,1000,5000,UPI,Christine Le,001-457-938-7151x6914,
OFF-20240730-P759-4538,2024-07-30,John Smith,EMP-003,NZXT H510 Case,3,Components,Cases,1,7000,0,4500,Credit Card,Walk-in,+1-681-849-8875x0173,
OFF-20211113-XXSP-4539,2021-11-13,Anton,EMP-001,ASUS ROG Monitor 27,1,Displays,Monitors,2,25000,0,18000,Cash,Diana Foster,(622)412-8002x29395,
OFF-20220417-Q473-4540,2022-04-17,Jane Doe,EMP-002,Samsung 980 PRO 1TB,11,Components,Storage,2,8000,500,5500,Debit Card,Laura Faulkner,(808)657-0816x75079,
OFF-20221227-WEQN-4541,2022-12-27,John Smith,EMP-003,Logitech MX Master 3,16,Accessories,Mice,3,8500,500,5000,Credit Card,Jeffrey Graham,516.701.4878,
OFF-20210604-C3AK-4542,2021-06-04,Jane Doe,EMP-002,Razer BlackWidow,5,Accessories,Keyboards,1,12000,0,8000,Cash,Connie Brown,,
OFF-20260328-J9II-4543,2026-03-28,Anton,EMP-001,Corsair 32GB RAM,4,Components,RAM,3,9000,0,6000,Debit Card,Jesus Adams,,Customer great Congress movement think data rest.
OFF-20220428-3AD1-4544,2022-04-28,Anton,EMP-001,RTX 4070 Ti,6,Components,GPU,3,75000,1500,60000,UPI,Stephen Richards,,
OFF-20250219-SAFL-4545,2025-02-19,Anton,EMP-001,ASUS ROG Monitor 27,5,Displays,Monitors,3,25000,0,18000,Credit Card,Tamara Walker,+1-224-949-2648x30128,Result arrive cultural Mr deep.
OFF-20220106-X36Z-4546,2022-01-06,Anton,EMP-001,Logitech MX Master 3,12,Accessories,Mice,3,8500,500,5000,Credit Card,Walk-in,954.768.8503,
OFF-20241205-P6IU-4547,2024-12-05,Jane Doe,EMP-002,Intel Core i7 13700K,17,Components,CPU,2,35000,0,28000,Credit Card,Amber Gonzalez,(827)947-2064,
OFF-20210809-L6OJ-4548,2021-08-09,Anton,EMP-001,RTX 4070 Ti,8,Components,GPU,3,75000,0,60000,Credit Card,Sharon Conner,(264)916-3979x3343,
OFF-20250719-J8IV-4549,2025-07-19,Anton,EMP-001,Corsair 32GB RAM,14,Components,RAM,1,9000,0,6000,Cash,Rebecca Clark,,
OFF-20220324-TFHE-4550,2022-03-24,Anton,EMP-001,ASUS ROG Monitor 27,14,Displays,Monitors,3,25000,0,18000,Cash,Walk-in,979-631-6922x288,
OFF-20220310-1XW0-4551,2022-03-10,Jane Doe,EMP-002,Razer BlackWidow,14,Accessories,Keyboards,3,12000,0,8000,Cash,Tiffany Richardson,844.360.0709x08396,
OFF-20251018-H2CI-4552,2025-10-18,Jane Doe,EMP-002,Razer BlackWidow,16,Accessories,Keyboards,1,12000,0,8000,UPI,Walk-in,+1-730-321-7298x1600,
OFF-20211208-NXYA-4553,2021-12-08,Jane Doe,EMP-002,RTX 4070 Ti,3,Components,GPU,3,75000,1000,60000,Debit Card,Walk-in,+1-794-932-8058x90865,
OFF-20230201-W9DC-4554,2023-02-01,Jane Doe,EMP-002,RTX 4070 Ti,2,Components,GPU,3,75000,500,60000,Credit Card,Richard Mata,380-678-2687x544,
OFF-20250824-DFQ7-4555,2025-08-24,Jane Doe,EMP-002,Gaming PC Build,19,Desktops,Gaming PC,1,85000,500,65000,Credit Card,Patricia Torres,,
OFF-20221015-BW1S-4556,2022-10-15,John Smith,EMP-003,Gaming PC Build,6,Desktops,Gaming PC,1,85000,0,65000,Credit Card,Walk-in,(974)739-6110,
OFF-20220722-JJND-4557,2022-07-22,John Smith,EMP-003,Logitech WebCam C920,17,Accessories,Webcams,2,6000,0,3500,Cash,Richard Jones,,
OFF-20230803-7GV2-4558,2023-08-03,Anton,EMP-001,Gaming PC Build,18,Desktops,Gaming PC,1,85000,1000,65000,UPI,Walk-in,,Table drug sit ask it age whose.
OFF-20240302-7327-4559,2024-03-02,Jane Doe,EMP-002,Gaming PC Build,5,Desktops,Gaming PC,1,85000,0,65000,UPI,John Vasquez,,
OFF-20230804-YUC4-4560,2023-08-04,John Smith,EMP-003,NZXT H510 Case,12,Components,Cases,3,7000,0,4500,Debit Card,Walk-in,,Education actually debate game free nature.
OFF-20230222-X8RC-4561,2023-02-22,Jane Doe,EMP-002,Logitech WebCam C920,1,Accessories,Webcams,2,6000,0,3500,UPI,Caitlyn Juarez,490.894.3146,
OFF-20221022-YIG4-4562,2022-10-22,Jane Doe,EMP-002,Intel Core i7 13700K,5,Components,CPU,3,35000,1000,28000,Debit Card,William White,+1-305-713-6236x448,
OFF-20220102-YIV2-4563,2022-01-02,Anton,EMP-001,Corsair 32GB RAM,13,Components,RAM,2,9000,0,6000,Debit Card,Jonathan Mcdonald,504-403-0777,
OFF-20231208-93U1-4564,2023-12-08,John Smith,EMP-003,Logitech MX Master 3,14,Accessories,Mice,3,8500,0,5000,Debit Card,Catherine Johnson,,
OFF-20220924-3D7W-4565,2022-09-24,Jane Doe,EMP-002,Corsair 32GB RAM,15,Components,RAM,1,9000,0,6000,Cash,Mr. Benjamin Barton,,
OFF-20220614-ZE73-4566,2022-06-14,John Smith,EMP-003,Intel Core i7 13700K,20,Components,CPU,1,35000,0,28000,Cash,Walk-in,,Answer star staff simply per purpose actually order.
OFF-20250620-F5RP-4567,2025-06-20,John Smith,EMP-003,RTX 4070 Ti,7,Components,GPU,1,75000,0,60000,Debit Card,Joseph Green,,
OFF-20211007-VV6Y-4568,2021-10-07,John Smith,EMP-003,Razer BlackWidow,11,Accessories,Keyboards,3,12000,0,8000,UPI,Mitchell Harrington,,
OFF-20250309-YBYI-4569,2025-03-09,Jane Doe,EMP-002,Samsung 980 PRO 1TB,19,Components,Storage,1,8000,500,5500,Credit Card,Michael Walker,,
OFF-20250402-PG64-4570,2025-04-02,Anton,EMP-001,Intel Core i7 13700K,19,Components,CPU,2,35000,0,28000,Cash,Amanda Wright,+1-781-248-4912,
OFF-20220917-6VGV-4571,2022-09-17,Anton,EMP-001,RTX 4070 Ti,5,Components,GPU,2,75000,1000,60000,Credit Card,Ryan Castro,,
OFF-20250209-FE0J-4572,2025-02-09,Jane Doe,EMP-002,Logitech WebCam C920,9,Accessories,Webcams,1,6000,0,3500,Cash,Jose Thompson,604.719.8853x1889,
OFF-20210923-3H1K-4573,2021-09-23,Anton,EMP-001,Intel Core i7 13700K,2,Components,CPU,2,35000,0,28000,UPI,Walk-in,819.940.6575x66082,
OFF-20241031-UVYU-4574,2024-10-31,Jane Doe,EMP-002,Corsair 32GB RAM,6,Components,RAM,1,9000,500,6000,UPI,Sara Hurst,258.765.8247x072,
OFF-20220704-VNEX-4575,2022-07-04,Anton,EMP-001,ASUS ROG Monitor 27,11,Displays,Monitors,1,25000,0,18000,Debit Card,Walk-in,,
OFF-20210501-FRRO-4576,2021-05-01,Anton,EMP-001,Gaming PC Build,6,Desktops,Gaming PC,2,85000,0,65000,Cash,Carl Carr,+1-620-661-1029x428,
OFF-20240910-G9AR-4577,2024-09-10,Jane Doe,EMP-002,RTX 4070 Ti,19,Components,GPU,1,75000,0,60000,Credit Card,Walk-in,,
OFF-20220401-O9TI-4578,2022-04-01,John Smith,EMP-003,NZXT H510 Case,18,Components,Cases,2,7000,1500,4500,Debit Card,Walk-in,,
OFF-20230601-53VX-4579,2023-06-01,Anton,EMP-001,Intel Core i7 13700K,6,Components,CPU,1,35000,0,28000,Cash,Christopher Cervantes,,
OFF-20250707-2JWR-4580,2025-07-07,Jane Doe,EMP-002,Logitech MX Master 3,6,Accessories,Mice,3,8500,1500,5000,UPI,Dennis Freeman,001-511-801-0660x0794,Recent between deep item class work miss box.
OFF-20211115-6I56-4581,2021-11-15,John Smith,EMP-003,Corsair 32GB RAM,20,Components,RAM,2,9000,1500,6000,Credit Card,Thomas Smith,001-548-701-0798x674,
OFF-20240219-P76L-4582,2024-02-19,Anton,EMP-001,Razer BlackWidow,12,Accessories,Keyboards,3,12000,0,8000,Credit Card,Crystal Ewing,(401)316-8651,Home amount maintain quite phone.
OFF-20240522-ZS94-4583,2024-05-22,Jane Doe,EMP-002,Samsung 980 PRO 1TB,18,Components,Storage,3,8000,0,5500,Credit Card,William Bush,,
OFF-20251006-GSYX-4584,2025-10-06,John Smith,EMP-003,NZXT H510 Case,1,Components,Cases,2,7000,0,4500,Cash,Micheal Carter,001-438-925-6184x17230,
OFF-20211209-NZH6-4585,2021-12-09,John Smith,EMP-003,Samsung 980 PRO 1TB,4,Components,Storage,2,8000,0,5500,Debit Card,Danielle Gomez,001-864-284-2621,Child join increase American site traditional.
OFF-20250516-FXFL-4586,2025-05-16,John Smith,EMP-003,Samsung 980 PRO 1TB,2,Components,Storage,1,8000,500,5500,Cash,David Mays,,
OFF-20210814-TDF7-4587,2021-08-14,Anton,EMP-001,ASUS ROG Monitor 27,14,Displays,Monitors,1,25000,1500,18000,Cash,Robert Foster,(371)754-3512x29502,
OFF-20240118-Y1DE-4588,2024-01-18,Jane Doe,EMP-002,Corsair 32GB RAM,8,Components,RAM,2,9000,0,6000,Debit Card,Rebecca Rangel,(910)905-1996,
OFF-20221008-9ZB3-4589,2022-10-08,Anton,EMP-001,Corsair 32GB RAM,13,Components,RAM,2,9000,1000,6000,Cash,Walk-in,(699)393-9509,Happen determine bank relationship arm consumer painting.
OFF-20220111-GEY8-4590,2022-01-11,John Smith,EMP-003,Razer BlackWidow,15,Accessories,Keyboards,1,12000,1000,8000,Credit Card,Leslie Turner,+1-209-391-0846x96439,
OFF-20220327-V0AO-4591,2022-03-27,Anton,EMP-001,Razer BlackWidow,7,Accessories,Keyboards,3,12000,0,8000,Credit Card,Meghan Ramirez,823-796-2702x0652,
OFF-20241221-1RWC-4592,2024-12-21,John Smith,EMP-003,NZXT H510 Case,7,Components,Cases,1,7000,1000,4500,Cash,Walk-in,,Every sea still now bill.
OFF-20250126-3YIQ-4593,2025-01-26,Jane Doe,EMP-002,RTX 4070 Ti,18,Components,GPU,1,75000,1500,60000,Debit Card,William Palmer,,
OFF-20220705-1WHP-4594,2022-07-05,Jane Doe,EMP-002,Razer BlackWidow,4,Accessories,Keyboards,2,12000,1500,8000,Debit Card,Walk-in,,
OFF-20220501-D2RY-4595,2022-05-01,John Smith,EMP-003,Intel Core i7 13700K,11,Components,CPU,2,35000,0,28000,UPI,Bruce Kramer,,
OFF-20221204-XHQE-4596,2022-12-04,Jane Doe,EMP-002,RTX 4070 Ti,14,Components,GPU,3,75000,0,60000,Cash,Walk-in,,
OFF-20241109-EX3L-4597,2024-11-09,Anton,EMP-001,ASUS ROG Monitor 27,9,Displays,Monitors,1,25000,0,18000,Credit Card,Walk-in,,
OFF-20231005-NRWU-4598,2023-10-05,John Smith,EMP-003,Gaming PC Build,12,Desktops,Gaming PC,2,85000,0,65000,UPI,Walk-in,,
OFF-20250402-TW5E-4599,2025-04-02,Jane Doe,EMP-002,Logitech WebCam C920,6,Accessories,Webcams,1,6000,1000,3500,Credit Card,Michael Gonzalez,,
OFF-20251209-MVP3-4600,2025-12-09,John Smith,EMP-003,Gaming PC Build,19,Desktops,Gaming PC,1,85000,0,65000,UPI,James Rojas,+1-793-230-0597x333,
OFF-20210929-8NZQ-4601,2021-09-29,Jane Doe,EMP-002,Logitech MX Master 3,4,Accessories,Mice,1,8500,1500,5000,Cash,Walk-in,,
OFF-20211009-0ENZ-4602,2021-10-09,Anton,EMP-001,ASUS ROG Monitor 27,20,Displays,Monitors,2,25000,0,18000,Cash,Willie Hobbs,,
OFF-20220705-DL9Q-4603,2022-07-05,John Smith,EMP-003,Gaming PC Build,14,Desktops,Gaming PC,2,85000,0,65000,Credit Card,Walk-in,+1-254-394-2422x2651,
OFF-20231120-ZBGU-4604,2023-11-20,Jane Doe,EMP-002,Intel Core i7 13700K,16,Components,CPU,2,35000,0,28000,Credit Card,Stacey Wilkerson,,
OFF-20250811-VKH1-4605,2025-08-11,John Smith,EMP-003,Samsung 980 PRO 1TB,14,Components,Storage,1,8000,0,5500,Debit Card,Jose Baird,001-684-339-4426x869,
OFF-20230211-XR1N-4606,2023-02-11,Anton,EMP-001,Razer BlackWidow,1,Accessories,Keyboards,1,12000,0,8000,Credit Card,Elijah Adams,,
OFF-20251209-8MOX-4607,2025-12-09,Anton,EMP-001,Gaming PC Build,5,Desktops,Gaming PC,3,85000,0,65000,Credit Card,Sharon Jackson,,
OFF-20240415-X2IU-4608,2024-04-15,Jane Doe,EMP-002,Gaming PC Build,5,Desktops,Gaming PC,2,85000,500,65000,Debit Card,Cassandra Duran,001-896-586-9497x971,Exist executive before check reduce.
OFF-20250908-O622-4609,2025-09-08,Anton,EMP-001,ASUS ROG Monitor 27,10,Displays,Monitors,3,25000,0,18000,Credit Card,Debra Padilla,,
OFF-20240727-YRNX-4610,2024-07-27,Anton,EMP-001,Samsung 980 PRO 1TB,15,Components,Storage,3,8000,1500,5500,UPI,Richard Horton,+1-276-665-2138,Short recently summer cut score focus vote.
OFF-20231116-L94H-4611,2023-11-16,Anton,EMP-001,ASUS ROG Monitor 27,1,Displays,Monitors,2,25000,0,18000,Debit Card,Michael Pollard,5454941864,
OFF-20210907-30C3-4612,2021-09-07,Jane Doe,EMP-002,Samsung 980 PRO 1TB,5,Components,Storage,2,8000,0,5500,Debit Card,Michael Lee,,
OFF-20210812-XIW9-4613,2021-08-12,Anton,EMP-001,Razer BlackWidow,19,Accessories,Keyboards,2,12000,500,8000,UPI,Walk-in,(325)794-5471x41859,
OFF-20220525-CBCS-4614,2022-05-25,Anton,EMP-001,RTX 4070 Ti,5,Components,GPU,3,75000,1500,60000,Debit Card,Walk-in,5277116223,Walk know learn back life.
OFF-20221121-6K0E-4615,2022-11-21,Jane Doe,EMP-002,NZXT H510 Case,20,Components,Cases,3,7000,500,4500,Cash,James Tran,,
OFF-20230303-6R4X-4616,2023-03-03,Anton,EMP-001,Corsair 32GB RAM,15,Components,RAM,3,9000,1000,6000,UPI,Kevin Ray,001-441-414-9654x196,
OFF-20220714-0YSM-4617,2022-07-14,John Smith,EMP-003,Gaming PC Build,17,Desktops,Gaming PC,1,85000,1500,65000,Credit Card,Mark Mendez,+1-995-636-4464x9602,Court building laugh party artist community.
OFF-20240723-2GAA-4618,2024-07-23,Jane Doe,EMP-002,Logitech WebCam C920,9,Accessories,Webcams,3,6000,0,3500,Credit Card,Elizabeth Smith,,
OFF-20250808-DMAY-4619,2025-08-08,Jane Doe,EMP-002,Gaming PC Build,8,Desktops,Gaming PC,3,85000,0,65000,Cash,Katie Sloan,746-542-3673,Significant firm song evening wait.
OFF-20240716-XJV8-4620,2024-07-16,John Smith,EMP-003,RTX 4070 Ti,20,Components,GPU,2,75000,0,60000,Credit Card,Johnny Whitehead,,
OFF-20220102-B03A-4621,2022-01-02,Jane Doe,EMP-002,Gaming PC Build,13,Desktops,Gaming PC,2,85000,0,65000,Credit Card,Hunter Williams,,
OFF-20220716-4AQ6-4622,2022-07-16,Jane Doe,EMP-002,NZXT H510 Case,17,Components,Cases,2,7000,0,4500,Cash,Walk-in,001-958-345-9391x783,
OFF-20210407-1M2T-4623,2021-04-07,John Smith,EMP-003,Logitech MX Master 3,20,Accessories,Mice,3,8500,1000,5000,Debit Card,Meghan Jones,,
OFF-20250607-X5UO-4624,2025-06-07,John Smith,EMP-003,Razer BlackWidow,15,Accessories,Keyboards,2,12000,0,8000,Debit Card,Karen Fox,,
OFF-20210424-XBES-4625,2021-04-24,John Smith,EMP-003,Logitech MX Master 3,12,Accessories,Mice,2,8500,1000,5000,UPI,Michael Taylor DDS,,Per make teach those.
OFF-20240402-N7RF-4626,2024-04-02,John Smith,EMP-003,Corsair 32GB RAM,11,Components,RAM,3,9000,0,6000,Credit Card,Rebecca Cabrera,,Pick opportunity in when.
OFF-20211222-D6Q0-4627,2021-12-22,Jane Doe,EMP-002,Intel Core i7 13700K,14,Components,CPU,2,35000,0,28000,Debit Card,David Gardner,4779596271,Action stuff make north he color.
OFF-20211019-Z4LY-4628,2021-10-19,Jane Doe,EMP-002,NZXT H510 Case,3,Components,Cases,1,7000,500,4500,Cash,Lisa Stuart,001-813-912-3506x1112,
OFF-20241011-EOC2-4629,2024-10-11,Anton,EMP-001,Corsair 32GB RAM,19,Components,RAM,2,9000,0,6000,Debit Card,Teresa Taylor,,
OFF-20230920-FP03-4630,2023-09-20,Jane Doe,EMP-002,Logitech MX Master 3,12,Accessories,Mice,2,8500,0,5000,Credit Card,Walk-in,+1-964-589-8459x6842,Always billion mouth child free forward business.
OFF-20211120-ZJCA-4631,2021-11-20,Anton,EMP-001,NZXT H510 Case,1,Components,Cases,2,7000,0,4500,UPI,Walk-in,+1-852-513-3254,
OFF-20211201-64S9-4632,2021-12-01,Jane Doe,EMP-002,Intel Core i7 13700K,15,Components,CPU,2,35000,0,28000,Cash,Robert Kim,001-428-964-5447x629,
OFF-20250131-E7GP-4633,2025-01-31,John Smith,EMP-003,Razer BlackWidow,4,Accessories,Keyboards,2,12000,0,8000,Debit Card,Helen Cameron,(288)972-1572x35755,Vote remain score high.
OFF-20211025-6MXO-4634,2021-10-25,Anton,EMP-001,Razer BlackWidow,5,Accessories,Keyboards,3,12000,0,8000,Cash,Ronald Lopez,,
OFF-20230102-3VAG-4635,2023-01-02,John Smith,EMP-003,Corsair 32GB RAM,11,Components,RAM,2,9000,0,6000,Credit Card,Alison Gonzalez,,
OFF-20251009-K6SY-4636,2025-10-09,Jane Doe,EMP-002,Logitech MX Master 3,16,Accessories,Mice,2,8500,1000,5000,Debit Card,Erica Strong,,
OFF-20241018-H0OA-4637,2024-10-18,John Smith,EMP-003,Logitech WebCam C920,19,Accessories,Webcams,3,6000,500,3500,Cash,Walk-in,5262283801,Commercial fact strong central idea.
OFF-20210830-M7VH-4638,2021-08-30,Anton,EMP-001,Logitech MX Master 3,3,Accessories,Mice,1,8500,0,5000,Credit Card,Walk-in,,
OFF-20231114-8P7C-4639,2023-11-14,Anton,EMP-001,NZXT H510 Case,11,Components,Cases,2,7000,0,4500,Credit Card,Jay Henson,509-353-0578,
OFF-20210808-OEWZ-4640,2021-08-08,Anton,EMP-001,ASUS ROG Monitor 27,19,Displays,Monitors,2,25000,1500,18000,Credit Card,Joanne Kennedy,270.577.5080x138,
OFF-20230927-3ZTU-4641,2023-09-27,Jane Doe,EMP-002,Logitech WebCam C920,11,Accessories,Webcams,1,6000,500,3500,Cash,Sharon Burns,9408634781,
OFF-20251229-CPRU-4642,2025-12-29,Anton,EMP-001,Samsung 980 PRO 1TB,14,Components,Storage,3,8000,1500,5500,Credit Card,David Baker,607.851.8086x93330,
OFF-20221018-1HTR-4643,2022-10-18,John Smith,EMP-003,ASUS ROG Monitor 27,2,Displays,Monitors,1,25000,500,18000,Debit Card,Walk-in,,
OFF-20250504-VS1J-4644,2025-05-04,Jane Doe,EMP-002,Corsair 32GB RAM,8,Components,RAM,1,9000,1500,6000,Cash,Ashley Rodriguez,561-284-4940,
OFF-20230831-V5QO-4645,2023-08-31,John Smith,EMP-003,RTX 4070 Ti,14,Components,GPU,1,75000,0,60000,Debit Card,Bobby Arnold,660.315.7741,
OFF-20240323-NNC1-4646,2024-03-23,Anton,EMP-001,Logitech WebCam C920,10,Accessories,Webcams,2,6000,1000,3500,Credit Card,Corey Santos,,
OFF-20220906-9M01-4647,2022-09-06,John Smith,EMP-003,ASUS ROG Monitor 27,19,Displays,Monitors,3,25000,500,18000,Debit Card,Walk-in,220-546-7834x2175,
OFF-20230324-N0E8-4648,2023-03-24,John Smith,EMP-003,Corsair 32GB RAM,11,Components,RAM,1,9000,1500,6000,Debit Card,Walk-in,714.305.3439x70649,
OFF-20221218-CQDT-4649,2022-12-18,Anton,EMP-001,Corsair 32GB RAM,2,Components,RAM,3,9000,1500,6000,Cash,Debbie Hansen,,
OFF-20210411-N3KA-4650,2021-04-11,Anton,EMP-001,Razer BlackWidow,8,Accessories,Keyboards,3,12000,0,8000,UPI,Hailey Harrison,,
OFF-20241007-MUK2-4651,2024-10-07,Jane Doe,EMP-002,Intel Core i7 13700K,5,Components,CPU,2,35000,500,28000,UPI,Vickie Ortega,(863)834-7947,
OFF-20250416-7KQ7-4652,2025-04-16,John Smith,EMP-003,Intel Core i7 13700K,8,Components,CPU,1,35000,0,28000,UPI,Theresa West,001-967-414-5682x3933,
OFF-20210909-C2X1-4653,2021-09-09,Anton,EMP-001,Intel Core i7 13700K,13,Components,CPU,3,35000,500,28000,UPI,Walk-in,,
OFF-20210410-MRB0-4654,2021-04-10,John Smith,EMP-003,Razer BlackWidow,12,Accessories,Keyboards,3,12000,1500,8000,Debit Card,Walk-in,,Trial near senior.
OFF-20230409-ZI9A-4655,2023-04-09,Anton,EMP-001,RTX 4070 Ti,9,Components,GPU,3,75000,1000,60000,Cash,Sarah Baker,241-986-6631x62264,Community affect create PM education computer.
OFF-20250107-BEEF-4656,2025-01-07,Anton,EMP-001,Razer BlackWidow,15,Accessories,Keyboards,1,12000,1000,8000,Cash,Walk-in,,
OFF-20211031-3BSG-4657,2021-10-31,John Smith,EMP-003,Razer BlackWidow,4,Accessories,Keyboards,2,12000,0,8000,Debit Card,Stephen Duncan,814.223.5114,Picture stand later cup maintain sport address.
OFF-20241206-FETS-4658,2024-12-06,John Smith,EMP-003,Razer BlackWidow,19,Accessories,Keyboards,1,12000,0,8000,Cash,Kara Harris,001-223-322-9714x847,
OFF-20210927-G79S-4659,2021-09-27,Jane Doe,EMP-002,Logitech MX Master 3,17,Accessories,Mice,3,8500,500,5000,UPI,Jennifer Moore MD,743-249-9679x65636,
OFF-20230210-62WM-4660,2023-02-10,Jane Doe,EMP-002,RTX 4070 Ti,11,Components,GPU,2,75000,500,60000,Cash,Kayla Guzman,,
OFF-20250508-VXEE-4661,2025-05-08,John Smith,EMP-003,RTX 4070 Ti,11,Components,GPU,3,75000,1000,60000,Cash,Walk-in,,
OFF-20240427-UI62-4662,2024-04-27,Jane Doe,EMP-002,Corsair 32GB RAM,12,Components,RAM,3,9000,500,6000,Debit Card,Caitlin Arroyo,001-526-260-2745x973,Main staff allow center will actually less.
OFF-20210504-01P6-4663,2021-05-04,Jane Doe,EMP-002,Logitech WebCam C920,4,Accessories,Webcams,1,6000,0,3500,Credit Card,John Ali,,
OFF-20220715-4USA-4664,2022-07-15,Anton,EMP-001,Gaming PC Build,14,Desktops,Gaming PC,3,85000,1000,65000,Cash,Felicia Gomez,,
OFF-20241214-CHHU-4665,2024-12-14,John Smith,EMP-003,Gaming PC Build,5,Desktops,Gaming PC,3,85000,0,65000,Debit Card,Deanna Harris,430.942.3311,
OFF-20240707-42RC-4666,2024-07-07,John Smith,EMP-003,Gaming PC Build,20,Desktops,Gaming PC,1,85000,1000,65000,Credit Card,Rick Johnson,769.709.4412x31061,
OFF-20250221-ROTS-4667,2025-02-21,Anton,EMP-001,Samsung 980 PRO 1TB,1,Components,Storage,1,8000,0,5500,UPI,Lisa Singh,,
OFF-20220122-POIV-4668,2022-01-22,Jane Doe,EMP-002,Intel Core i7 13700K,5,Components,CPU,1,35000,1500,28000,Debit Card,Walk-in,,
OFF-20250716-UKIF-4669,2025-07-16,Jane Doe,EMP-002,RTX 4070 Ti,18,Components,GPU,3,75000,1000,60000,Credit Card,Nicholas Padilla,,
OFF-20221112-R024-4670,2022-11-12,John Smith,EMP-003,RTX 4070 Ti,8,Components,GPU,2,75000,500,60000,Credit Card,Catherine Sherman,001-450-848-5502x85436,
OFF-20251013-17KQ-4671,2025-10-13,Jane Doe,EMP-002,Razer BlackWidow,15,Accessories,Keyboards,2,12000,0,8000,Debit Card,Walk-in,,Ask modern size citizen of force together.
OFF-20250629-3JCE-4672,2025-06-29,Anton,EMP-001,NZXT H510 Case,4,Components,Cases,1,7000,500,4500,Debit Card,Patrick Lee,,
OFF-20220206-JEU0-4673,2022-02-06,Anton,EMP-001,Logitech WebCam C920,14,Accessories,Webcams,3,6000,1500,3500,Credit Card,Walk-in,001-671-357-0940x21476,
OFF-20260316-Q8B0-4674,2026-03-16,John Smith,EMP-003,Gaming PC Build,3,Desktops,Gaming PC,2,85000,500,65000,UPI,Walk-in,,
OFF-20250510-33DT-4675,2025-05-10,John Smith,EMP-003,NZXT H510 Case,19,Components,Cases,3,7000,0,4500,Debit Card,Walk-in,001-866-892-6973x184,
OFF-20210613-AU15-4676,2021-06-13,Anton,EMP-001,Samsung 980 PRO 1TB,13,Components,Storage,2,8000,0,5500,Debit Card,Laurie Harrison,,
OFF-20250915-6OBU-4677,2025-09-15,Jane Doe,EMP-002,Logitech MX Master 3,15,Accessories,Mice,2,8500,0,5000,UPI,Daniel Stevens,,
OFF-20221111-2OEP-4678,2022-11-11,Anton,EMP-001,Razer BlackWidow,10,Accessories,Keyboards,3,12000,1000,8000,Cash,David Pruitt,,
OFF-20221210-HVNR-4679,2022-12-10,John Smith,EMP-003,Logitech MX Master 3,18,Accessories,Mice,1,8500,0,5000,UPI,Michael Sanchez,(369)898-8566x7037,
OFF-20241102-04BL-4680,2024-11-02,Jane Doe,EMP-002,Gaming PC Build,13,Desktops,Gaming PC,2,85000,0,65000,Debit Card,Elizabeth Brown,,
OFF-20230415-47EV-4681,2023-04-15,John Smith,EMP-003,Logitech WebCam C920,4,Accessories,Webcams,1,6000,0,3500,Cash,Walk-in,638.277.4567,
OFF-20250628-O8A2-4682,2025-06-28,Anton,EMP-001,Intel Core i7 13700K,10,Components,CPU,1,35000,0,28000,Credit Card,Walk-in,,
OFF-20231214-2B20-4683,2023-12-14,Anton,EMP-001,Samsung 980 PRO 1TB,19,Components,Storage,3,8000,500,5500,Cash,Stephanie Torres,,
OFF-20251231-8E3P-4684,2025-12-31,Anton,EMP-001,Gaming PC Build,17,Desktops,Gaming PC,1,85000,500,65000,Credit Card,Charles Dean,,
OFF-20210526-8OJ1-4685,2021-05-26,Anton,EMP-001,Logitech MX Master 3,6,Accessories,Mice,3,8500,1500,5000,Debit Card,Walk-in,462.480.6115x987,
OFF-20251031-0TES-4686,2025-10-31,John Smith,EMP-003,RTX 4070 Ti,11,Components,GPU,3,75000,1500,60000,Cash,Bryan Mcdowell,(965)696-5021x9572,Bad kitchen night likely find often.
OFF-20250509-6IG2-4687,2025-05-09,John Smith,EMP-003,ASUS ROG Monitor 27,12,Displays,Monitors,2,25000,0,18000,Cash,Tyler Andrade,,
OFF-20260313-DKN2-4688,2026-03-13,Jane Doe,EMP-002,Razer BlackWidow,1,Accessories,Keyboards,3,12000,0,8000,Cash,Christine Anderson,,
OFF-20221107-Y84M-4689,2022-11-07,John Smith,EMP-003,Corsair 32GB RAM,13,Components,RAM,3,9000,1000,6000,UPI,Greg Jensen,,Various customer plant miss will himself sometimes piece.
OFF-20251105-ROTL-4690,2025-11-05,Jane Doe,EMP-002,Corsair 32GB RAM,10,Components,RAM,3,9000,1500,6000,Credit Card,Amy Bender,(643)455-8124,
OFF-20240816-FANB-4691,2024-08-16,Jane Doe,EMP-002,NZXT H510 Case,3,Components,Cases,1,7000,0,4500,Debit Card,Glenn Li,779-997-5216x3620,Appear church read.
OFF-20220314-VILK-4692,2022-03-14,Anton,EMP-001,NZXT H510 Case,18,Components,Cases,3,7000,0,4500,Credit Card,Douglas Ellis,,
OFF-20241117-0LVC-4693,2024-11-17,Anton,EMP-001,Logitech WebCam C920,4,Accessories,Webcams,1,6000,0,3500,Debit Card,Nicholas White,804.618.4453,
OFF-20250508-983G-4694,2025-05-08,Anton,EMP-001,Razer BlackWidow,3,Accessories,Keyboards,1,12000,0,8000,Cash,Jeremy Barker,+1-723-791-2259,Year film couple feeling subject who.
OFF-20250513-8L6C-4695,2025-05-13,Anton,EMP-001,Razer BlackWidow,13,Accessories,Keyboards,2,12000,1000,8000,Cash,Mary Cruz,+1-962-256-7914x014,
OFF-20241113-KXTE-4696,2024-11-13,John Smith,EMP-003,NZXT H510 Case,10,Components,Cases,3,7000,500,4500,Debit Card,James Jennings,,
OFF-20250920-J23L-4697,2025-09-20,Anton,EMP-001,ASUS ROG Monitor 27,8,Displays,Monitors,2,25000,0,18000,Cash,Scott Burgess DDS,964-242-0287,List stuff good arm identify.
OFF-20240313-CTNF-4698,2024-03-13,Jane Doe,EMP-002,Corsair 32GB RAM,1,Components,RAM,1,9000,1000,6000,Cash,Paul Anderson,,
OFF-20250818-PS12-4699,2025-08-18,Anton,EMP-001,Razer BlackWidow,16,Accessories,Keyboards,3,12000,1500,8000,UPI,Billy Johnson,318-858-8195x349,
OFF-20230216-GC8M-4700,2023-02-16,Anton,EMP-001,Intel Core i7 13700K,10,Components,CPU,2,35000,500,28000,Cash,Walk-in,577.772.5134x108,
OFF-20220620-3JMR-4701,2022-06-20,John Smith,EMP-003,Logitech WebCam C920,9,Accessories,Webcams,2,6000,0,3500,Debit Card,Anna Young,,
OFF-20230521-JOPP-4702,2023-05-21,Jane Doe,EMP-002,Gaming PC Build,15,Desktops,Gaming PC,3,85000,500,65000,Debit Card,Charles Morales,,Account art section.
OFF-20210729-9HGX-4703,2021-07-29,John Smith,EMP-003,Logitech WebCam C920,11,Accessories,Webcams,2,6000,500,3500,UPI,James Young,,Remember ten they despite former fire dog.
OFF-20230209-8AHA-4704,2023-02-09,Anton,EMP-001,Logitech WebCam C920,20,Accessories,Webcams,1,6000,1500,3500,Cash,Walk-in,,
OFF-20230405-VUMX-4705,2023-04-05,Anton,EMP-001,Intel Core i7 13700K,2,Components,CPU,1,35000,500,28000,Debit Card,Walk-in,,
OFF-20240814-U3A2-4706,2024-08-14,Anton,EMP-001,Corsair 32GB RAM,14,Components,RAM,3,9000,0,6000,Credit Card,Walk-in,785.936.0745x49218,
OFF-20240901-E3PU-4707,2024-09-01,John Smith,EMP-003,Razer BlackWidow,19,Accessories,Keyboards,2,12000,0,8000,UPI,Sarah Johnson,+1-973-361-8988x65218,Social stuff continue song with development fish.
OFF-20240401-VCCR-4708,2024-04-01,Jane Doe,EMP-002,Intel Core i7 13700K,4,Components,CPU,3,35000,0,28000,Debit Card,James Cummings,347.899.8211x8639,
OFF-20250314-APXN-4709,2025-03-14,Jane Doe,EMP-002,Corsair 32GB RAM,6,Components,RAM,3,9000,1000,6000,Debit Card,Dr. Stephen Long,,
OFF-20250219-7DQU-4710,2025-02-19,Anton,EMP-001,Logitech WebCam C920,5,Accessories,Webcams,1,6000,1500,3500,UPI,Walk-in,+1-264-722-9994x9013,
OFF-20241223-HR5H-4711,2024-12-23,Jane Doe,EMP-002,Gaming PC Build,3,Desktops,Gaming PC,1,85000,0,65000,Debit Card,Walk-in,,
OFF-20250426-E2O6-4712,2025-04-26,Anton,EMP-001,Intel Core i7 13700K,1,Components,CPU,1,35000,1000,28000,UPI,Christina Scott,,
OFF-20211003-BEFV-4713,2021-10-03,Jane Doe,EMP-002,Logitech MX Master 3,14,Accessories,Mice,1,8500,0,5000,Debit Card,Juan Garrett,934.970.1199x703,
OFF-20240209-GWCF-4714,2024-02-09,John Smith,EMP-003,Gaming PC Build,5,Desktops,Gaming PC,1,85000,1000,65000,Credit Card,Sara Fowler,,
OFF-20231105-3W3L-4715,2023-11-05,Anton,EMP-001,Gaming PC Build,7,Desktops,Gaming PC,2,85000,0,65000,Credit Card,Samuel Holloway,+1-956-349-2975x35754,
OFF-20210922-ORHS-4716,2021-09-22,John Smith,EMP-003,Gaming PC Build,11,Desktops,Gaming PC,2,85000,500,65000,Credit Card,Anthony Wise,346.789.0936x4273,
OFF-20230116-70JB-4717,2023-01-16,Jane Doe,EMP-002,Intel Core i7 13700K,18,Components,CPU,3,35000,0,28000,Debit Card,Walk-in,829.220.0355x24658,
OFF-20220817-9VWX-4718,2022-08-17,Jane Doe,EMP-002,Logitech WebCam C920,3,Accessories,Webcams,1,6000,0,3500,UPI,Walk-in,,
OFF-20240711-MPSK-4719,2024-07-11,John Smith,EMP-003,Logitech WebCam C920,8,Accessories,Webcams,3,6000,0,3500,Debit Card,Nicole Carter,764.407.2597x01169,Always agent form report none notice usually education.
OFF-20240213-MADR-4720,2024-02-13,Jane Doe,EMP-002,Samsung 980 PRO 1TB,20,Components,Storage,3,8000,0,5500,Debit Card,Sean Nguyen,591-591-5034x7050,
OFF-20210929-1ZDP-4721,2021-09-29,John Smith,EMP-003,Corsair 32GB RAM,4,Components,RAM,1,9000,0,6000,Debit Card,Paul Mckinney,001-736-773-9660,
OFF-20250225-XPLH-4722,2025-02-25,Anton,EMP-001,Corsair 32GB RAM,11,Components,RAM,3,9000,0,6000,Credit Card,Heidi Martinez,,
OFF-20210911-HZHG-4723,2021-09-11,Jane Doe,EMP-002,NZXT H510 Case,1,Components,Cases,1,7000,0,4500,Cash,Allison Hines,,
OFF-20220301-KYGV-4724,2022-03-01,Anton,EMP-001,ASUS ROG Monitor 27,1,Displays,Monitors,1,25000,1000,18000,Cash,Walk-in,+1-272-912-7015,
OFF-20260101-QFSV-4725,2026-01-01,Jane Doe,EMP-002,NZXT H510 Case,3,Components,Cases,3,7000,0,4500,Cash,Walk-in,7559001059,
OFF-20220813-4EQ2-4726,2022-08-13,Jane Doe,EMP-002,Corsair 32GB RAM,18,Components,RAM,3,9000,500,6000,Debit Card,Tiffany Thompson,717.926.0711x5749,
OFF-20240227-V04I-4727,2024-02-27,John Smith,EMP-003,Corsair 32GB RAM,8,Components,RAM,1,9000,500,6000,Credit Card,Megan Dixon,001-336-274-2776x732,Least center unit so various respond.
OFF-20210824-E1M6-4728,2021-08-24,Jane Doe,EMP-002,Razer BlackWidow,7,Accessories,Keyboards,3,12000,0,8000,Debit Card,Walk-in,,Itself address believe not.
OFF-20240209-0M67-4729,2024-02-09,John Smith,EMP-003,NZXT H510 Case,8,Components,Cases,2,7000,500,4500,Debit Card,Kyle Bell,+1-728-875-7442x709,
OFF-20210529-ZV5F-4730,2021-05-29,Anton,EMP-001,Corsair 32GB RAM,15,Components,RAM,1,9000,1000,6000,Credit Card,Walk-in,,Region room suggest structure sign mother force.
OFF-20230113-CRQV-4731,2023-01-13,Jane Doe,EMP-002,Razer BlackWidow,14,Accessories,Keyboards,1,12000,500,8000,Debit Card,Jasmine Morse,328.375.9596x739,
OFF-20221214-0MBZ-4732,2022-12-14,John Smith,EMP-003,NZXT H510 Case,14,Components,Cases,3,7000,0,4500,UPI,Walk-in,2864917929,All Congress alone behavior him common bit society.
OFF-20241010-OCR9-4733,2024-10-10,Jane Doe,EMP-002,Gaming PC Build,9,Desktops,Gaming PC,3,85000,0,65000,UPI,Javier Bennett,,
OFF-20230407-IW29-4734,2023-04-07,Jane Doe,EMP-002,Razer BlackWidow,7,Accessories,Keyboards,3,12000,0,8000,Cash,Walk-in,,
OFF-20260306-64D0-4735,2026-03-06,Jane Doe,EMP-002,Logitech MX Master 3,16,Accessories,Mice,2,8500,0,5000,UPI,Jennifer Thompson,+1-328-375-3693x20098,
OFF-20221121-NSEV-4736,2022-11-21,John Smith,EMP-003,Logitech WebCam C920,10,Accessories,Webcams,1,6000,1500,3500,Debit Card,Bruce Coleman,+1-211-747-4470x3083,
OFF-20220103-728D-4737,2022-01-03,Anton,EMP-001,NZXT H510 Case,15,Components,Cases,2,7000,0,4500,Debit Card,Brittany Stewart,(805)657-4530x039,
OFF-20250905-DT9V-4738,2025-09-05,Anton,EMP-001,RTX 4070 Ti,9,Components,GPU,3,75000,500,60000,Cash,Jennifer Swanson,(752)264-5362x176,
OFF-20240102-E3CA-4739,2024-01-02,Anton,EMP-001,Samsung 980 PRO 1TB,5,Components,Storage,2,8000,0,5500,Cash,Jason Hall,,
OFF-20230913-MTVZ-4740,2023-09-13,Anton,EMP-001,Gaming PC Build,17,Desktops,Gaming PC,2,85000,500,65000,Debit Card,Walk-in,,
OFF-20230614-47W1-4741,2023-06-14,Anton,EMP-001,ASUS ROG Monitor 27,5,Displays,Monitors,1,25000,1000,18000,UPI,Cassandra Collins,001-339-968-5969x421,
OFF-20230628-5YKS-4742,2023-06-28,John Smith,EMP-003,Samsung 980 PRO 1TB,10,Components,Storage,1,8000,500,5500,Credit Card,Kevin Mills,791-352-9506,
OFF-20250522-XYX2-4743,2025-05-22,Jane Doe,EMP-002,ASUS ROG Monitor 27,17,Displays,Monitors,2,25000,0,18000,Credit Card,Benjamin Watkins,,
OFF-20230405-JJKA-4744,2023-04-05,John Smith,EMP-003,Corsair 32GB RAM,17,Components,RAM,1,9000,1000,6000,Credit Card,Melinda Jackson,001-776-628-0371,Strategy size shake recently.
OFF-20230907-RA18-4745,2023-09-07,Anton,EMP-001,Logitech WebCam C920,11,Accessories,Webcams,3,6000,500,3500,Credit Card,Jessica Pope,,
OFF-20221231-NFQG-4746,2022-12-31,Jane Doe,EMP-002,Razer BlackWidow,17,Accessories,Keyboards,1,12000,500,8000,Cash,Matthew Young,981-926-7926,West effort along.
OFF-20240820-J8ET-4747,2024-08-20,Anton,EMP-001,Razer BlackWidow,11,Accessories,Keyboards,3,12000,0,8000,Debit Card,Walk-in,+1-261-945-1788x145,
OFF-20250908-9MLI-4748,2025-09-08,Anton,EMP-001,Gaming PC Build,7,Desktops,Gaming PC,3,85000,1000,65000,Debit Card,William Horne,,
OFF-20250317-1QEA-4749,2025-03-17,John Smith,EMP-003,Logitech WebCam C920,15,Accessories,Webcams,2,6000,1500,3500,UPI,Kristi Perkins,001-652-450-4658x041,
OFF-20230601-SEER-4750,2023-06-01,Anton,EMP-001,Intel Core i7 13700K,18,Components,CPU,3,35000,0,28000,Cash,Emily Martin,,Hear small environmental western left.
OFF-20251001-JWHD-4751,2025-10-01,Anton,EMP-001,Gaming PC Build,18,Desktops,Gaming PC,2,85000,1500,65000,Credit Card,Sandra Rojas,,Treat born political product hard guy paper that.
OFF-20210916-OTLN-4752,2021-09-16,Jane Doe,EMP-002,Corsair 32GB RAM,13,Components,RAM,1,9000,0,6000,Debit Card,Walk-in,892.876.6130x1222,
OFF-20250102-CZR9-4753,2025-01-02,Jane Doe,EMP-002,ASUS ROG Monitor 27,6,Displays,Monitors,1,25000,500,18000,Debit Card,Alyssa Gutierrez,858.202.5940x495,
OFF-20250525-BHXW-4754,2025-05-25,Jane Doe,EMP-002,Intel Core i7 13700K,8,Components,CPU,3,35000,500,28000,Credit Card,Walk-in,(518)595-1311,Fill think campaign rise chair third design.
OFF-20230926-6JHX-4755,2023-09-26,John Smith,EMP-003,Intel Core i7 13700K,4,Components,CPU,3,35000,1500,28000,UPI,Christopher Wheeler,785-834-3395,
OFF-20220121-HG9N-4756,2022-01-21,Jane Doe,EMP-002,Corsair 32GB RAM,1,Components,RAM,3,9000,1500,6000,Debit Card,Walk-in,,Million provide organization none civil give.
OFF-20241125-4MHI-4757,2024-11-25,Jane Doe,EMP-002,Razer BlackWidow,10,Accessories,Keyboards,2,12000,500,8000,Cash,Molly Mata,800-307-5515x12824,
OFF-20230530-MF8C-4758,2023-05-30,John Smith,EMP-003,Intel Core i7 13700K,5,Components,CPU,1,35000,1000,28000,Debit Card,Jacob Hogan,651-683-1472,
OFF-20240919-DYDB-4759,2024-09-19,John Smith,EMP-003,Samsung 980 PRO 1TB,7,Components,Storage,3,8000,0,5500,Cash,Tiffany Clements,,
OFF-20210622-0W8S-4760,2021-06-22,Jane Doe,EMP-002,Corsair 32GB RAM,7,Components,RAM,1,9000,0,6000,Cash,Walk-in,217.605.7809,
OFF-20220802-DUB3-4761,2022-08-02,Anton,EMP-001,Logitech WebCam C920,20,Accessories,Webcams,3,6000,0,3500,Cash,Walk-in,,
OFF-20220330-U0KI-4762,2022-03-30,John Smith,EMP-003,Logitech MX Master 3,2,Accessories,Mice,2,8500,0,5000,Credit Card,Gary Patterson,(288)403-6721x7387,
OFF-20250511-GBWZ-4763,2025-05-11,John Smith,EMP-003,Corsair 32GB RAM,8,Components,RAM,1,9000,1500,6000,Credit Card,Connor Valdez,,
OFF-20210908-XZRH-4764,2021-09-08,John Smith,EMP-003,Intel Core i7 13700K,17,Components,CPU,1,35000,1500,28000,UPI,Walk-in,+1-671-897-5542x921,
OFF-20211224-DXLI-4765,2021-12-24,John Smith,EMP-003,Logitech MX Master 3,20,Accessories,Mice,2,8500,0,5000,Debit Card,Brett Collins,(850)680-4670x354,
OFF-20240923-BDOM-4766,2024-09-23,Anton,EMP-001,Logitech MX Master 3,18,Accessories,Mice,1,8500,0,5000,Credit Card,Deborah Buck,,
OFF-20220628-6XO5-4767,2022-06-28,John Smith,EMP-003,Logitech WebCam C920,14,Accessories,Webcams,3,6000,1000,3500,Cash,Thomas Smith,,
OFF-20251024-BYLC-4768,2025-10-24,Anton,EMP-001,Logitech MX Master 3,20,Accessories,Mice,2,8500,500,5000,Credit Card,William Mueller,,
OFF-20211026-F4HO-4769,2021-10-26,John Smith,EMP-003,Razer BlackWidow,14,Accessories,Keyboards,3,12000,0,8000,Cash,Heather Howell,288.963.8026x916,
OFF-20230307-P3AN-4770,2023-03-07,Jane Doe,EMP-002,NZXT H510 Case,7,Components,Cases,3,7000,1000,4500,Cash,Michelle Bullock,001-817-914-6379x859,
OFF-20240223-WHHK-4771,2024-02-23,John Smith,EMP-003,RTX 4070 Ti,3,Components,GPU,1,75000,0,60000,UPI,Walk-in,826.654.6501x35592,
OFF-20240102-YEZC-4772,2024-01-02,Anton,EMP-001,Logitech WebCam C920,8,Accessories,Webcams,1,6000,0,3500,Cash,Jeffery Wagner,,
OFF-20250206-X1QJ-4773,2025-02-06,Jane Doe,EMP-002,Razer BlackWidow,4,Accessories,Keyboards,2,12000,0,8000,Cash,Robert Williams,,Cost require prove head fall.
OFF-20230806-XHSH-4774,2023-08-06,Anton,EMP-001,RTX 4070 Ti,4,Components,GPU,1,75000,1000,60000,Credit Card,Walk-in,,Build whose career notice they rock finally.
OFF-20240407-KVS7-4775,2024-04-07,Jane Doe,EMP-002,Corsair 32GB RAM,5,Components,RAM,3,9000,0,6000,Cash,Robert Myers,,
OFF-20250225-63M2-4776,2025-02-25,John Smith,EMP-003,NZXT H510 Case,11,Components,Cases,2,7000,1000,4500,Credit Card,Walk-in,915.455.0617,
OFF-20210630-73I7-4777,2021-06-30,Anton,EMP-001,Logitech MX Master 3,18,Accessories,Mice,3,8500,1500,5000,UPI,James Bradford,+1-402-773-7926x117,
OFF-20241020-NCP6-4778,2024-10-20,John Smith,EMP-003,NZXT H510 Case,18,Components,Cases,2,7000,0,4500,Credit Card,Christopher Shelton,,
OFF-20240715-9IR6-4779,2024-07-15,Anton,EMP-001,Logitech MX Master 3,6,Accessories,Mice,2,8500,500,5000,Credit Card,Larry Salazar,,
OFF-20210712-ND40-4780,2021-07-12,John Smith,EMP-003,Intel Core i7 13700K,9,Components,CPU,3,35000,0,28000,Credit Card,Cheryl Rodriguez,855.965.7901,Fund major clearly stage live board.
OFF-20230524-S33J-4781,2023-05-24,Anton,EMP-001,Logitech WebCam C920,18,Accessories,Webcams,3,6000,0,3500,Credit Card,Toni Gross,,
OFF-20221222-SYL4-4782,2022-12-22,Jane Doe,EMP-002,Samsung 980 PRO 1TB,3,Components,Storage,1,8000,1500,5500,Cash,Nicholas Simmons,(908)537-8866x25943,
OFF-20250625-TSIN-4783,2025-06-25,Anton,EMP-001,Logitech WebCam C920,13,Accessories,Webcams,1,6000,0,3500,UPI,Walk-in,,
OFF-20250424-GHZM-4784,2025-04-24,John Smith,EMP-003,ASUS ROG Monitor 27,18,Displays,Monitors,2,25000,1500,18000,Cash,Sara Rowe,,
OFF-20210609-QMLN-4785,2021-06-09,Anton,EMP-001,RTX 4070 Ti,12,Components,GPU,3,75000,500,60000,Credit Card,Walk-in,+1-845-651-1302x198,
OFF-20250418-CQLA-4786,2025-04-18,Jane Doe,EMP-002,RTX 4070 Ti,5,Components,GPU,2,75000,0,60000,Cash,Elizabeth Young,001-529-875-0353,
OFF-20251203-YWM0-4787,2025-12-03,Jane Doe,EMP-002,Logitech MX Master 3,1,Accessories,Mice,3,8500,1500,5000,Credit Card,Sarah Galloway,001-913-933-5853x1030,
OFF-20260103-HHC4-4788,2026-01-03,John Smith,EMP-003,Logitech MX Master 3,17,Accessories,Mice,2,8500,0,5000,Cash,Walk-in,853-869-5481x578,
OFF-20250911-1IYG-4789,2025-09-11,John Smith,EMP-003,Samsung 980 PRO 1TB,11,Components,Storage,3,8000,1000,5500,Credit Card,Cody Morgan,,
OFF-20241211-HIV6-4790,2024-12-11,Jane Doe,EMP-002,Razer BlackWidow,13,Accessories,Keyboards,3,12000,1000,8000,Cash,Jeremy Johnson,001-952-881-0166x0451,
OFF-20230720-4I6U-4791,2023-07-20,Anton,EMP-001,Samsung 980 PRO 1TB,20,Components,Storage,1,8000,0,5500,UPI,Colton Hull,001-624-951-0513x992,
OFF-20220926-CVH3-4792,2022-09-26,John Smith,EMP-003,Corsair 32GB RAM,4,Components,RAM,1,9000,0,6000,Cash,William Martinez,,
OFF-20220222-HM2P-4793,2022-02-22,John Smith,EMP-003,RTX 4070 Ti,3,Components,GPU,1,75000,1000,60000,Credit Card,Walk-in,,
OFF-20251124-Z4FV-4794,2025-11-24,Anton,EMP-001,Logitech WebCam C920,16,Accessories,Webcams,3,6000,0,3500,UPI,Barbara Holt,354-210-7340x64213,
OFF-20250225-K02U-4795,2025-02-25,Anton,EMP-001,RTX 4070 Ti,15,Components,GPU,1,75000,0,60000,Cash,Jamie Howard,,
OFF-20210707-ERWX-4796,2021-07-07,Anton,EMP-001,RTX 4070 Ti,18,Components,GPU,1,75000,1500,60000,Debit Card,James Ross,,
OFF-20240425-141Z-4797,2024-04-25,John Smith,EMP-003,Intel Core i7 13700K,5,Components,CPU,1,35000,1000,28000,Cash,Mary Briggs,(514)623-4596x728,
OFF-20240106-0ZT5-4798,2024-01-06,Jane Doe,EMP-002,NZXT H510 Case,4,Components,Cases,3,7000,1500,4500,Debit Card,Allison Burton,429-661-2416,
OFF-20230217-WZMY-4799,2023-02-17,Jane Doe,EMP-002,Razer BlackWidow,17,Accessories,Keyboards,2,12000,500,8000,Debit Card,Karen Austin,,
OFF-20241026-DEOA-4800,2024-10-26,John Smith,EMP-003,Corsair 32GB RAM,13,Components,RAM,3,9000,500,6000,UPI,Walk-in,,
OFF-20211010-M74T-4801,2021-10-10,Jane Doe,EMP-002,Razer BlackWidow,20,Accessories,Keyboards,3,12000,1500,8000,Debit Card,Jeffrey Sexton,459.827.2367x59843,
OFF-20241218-SKTB-4802,2024-12-18,Jane Doe,EMP-002,Corsair 32GB RAM,4,Components,RAM,1,9000,0,6000,Credit Card,Kevin Gordon,,
OFF-20241206-R65H-4803,2024-12-06,John Smith,EMP-003,Intel Core i7 13700K,18,Components,CPU,2,35000,500,28000,Credit Card,Walk-in,,
OFF-20220225-05M8-4804,2022-02-25,John Smith,EMP-003,NZXT H510 Case,7,Components,Cases,1,7000,0,4500,UPI,Richard White,,
OFF-20220609-4LO7-4805,2022-06-09,Jane Doe,EMP-002,Logitech MX Master 3,11,Accessories,Mice,1,8500,0,5000,Cash,Walk-in,,
OFF-20231110-E081-4806,2023-11-10,Anton,EMP-001,Razer BlackWidow,14,Accessories,Keyboards,2,12000,0,8000,Cash,Walk-in,,
OFF-20220305-1W5I-4807,2022-03-05,Jane Doe,EMP-002,NZXT H510 Case,13,Components,Cases,2,7000,0,4500,UPI,Erica Cooper,942.590.7765x819,
OFF-20251029-U36F-4808,2025-10-29,Jane Doe,EMP-002,Razer BlackWidow,5,Accessories,Keyboards,2,12000,0,8000,UPI,Jason Johnson,+1-876-716-8345x73574,
OFF-20250501-1M94-4809,2025-05-01,Anton,EMP-001,Samsung 980 PRO 1TB,1,Components,Storage,3,8000,500,5500,Debit Card,Heather Harrell,,
OFF-20250416-MY7Y-4810,2025-04-16,Jane Doe,EMP-002,NZXT H510 Case,12,Components,Cases,2,7000,1500,4500,UPI,Walk-in,,
OFF-20210530-JOD8-4811,2021-05-30,John Smith,EMP-003,RTX 4070 Ti,17,Components,GPU,1,75000,500,60000,Credit Card,Walk-in,(289)377-3889,Not game test adult.
OFF-20240612-CNHS-4812,2024-06-12,Anton,EMP-001,NZXT H510 Case,7,Components,Cases,1,7000,1500,4500,Debit Card,Walk-in,,
OFF-20250824-UU3M-4813,2025-08-24,John Smith,EMP-003,Razer BlackWidow,12,Accessories,Keyboards,3,12000,1500,8000,Credit Card,Walk-in,,
OFF-20220113-NF41-4814,2022-01-13,Jane Doe,EMP-002,RTX 4070 Ti,13,Components,GPU,1,75000,1500,60000,Debit Card,Karen Robles,,
OFF-20250119-Y3YZ-4815,2025-01-19,Anton,EMP-001,RTX 4070 Ti,16,Components,GPU,3,75000,1000,60000,UPI,Stephanie Ayala,,
OFF-20240404-WZOL-4816,2024-04-04,Jane Doe,EMP-002,Logitech WebCam C920,7,Accessories,Webcams,3,6000,1500,3500,Debit Card,Johnny Crawford,(462)929-1194x60249,
OFF-20210829-TGFW-4817,2021-08-29,John Smith,EMP-003,Intel Core i7 13700K,11,Components,CPU,3,35000,0,28000,Debit Card,Walk-in,,
OFF-20230521-COYM-4818,2023-05-21,Anton,EMP-001,NZXT H510 Case,12,Components,Cases,2,7000,0,4500,Credit Card,Walk-in,,Yard lawyer first from.
OFF-20240312-D5ZU-4819,2024-03-12,Anton,EMP-001,NZXT H510 Case,13,Components,Cases,3,7000,1500,4500,UPI,Michael Williams,,
OFF-20241101-YIKA-4820,2024-11-01,John Smith,EMP-003,Razer BlackWidow,17,Accessories,Keyboards,3,12000,0,8000,Cash,Joseph Miller,,
OFF-20241002-YM1Q-4821,2024-10-02,Jane Doe,EMP-002,ASUS ROG Monitor 27,4,Displays,Monitors,1,25000,0,18000,Debit Card,Cynthia Ford,258.758.5294,
OFF-20230610-9Z1C-4822,2023-06-10,Jane Doe,EMP-002,ASUS ROG Monitor 27,19,Displays,Monitors,1,25000,0,18000,Debit Card,Keith Martinez,,
OFF-20220625-Q0PX-4823,2022-06-25,Jane Doe,EMP-002,RTX 4070 Ti,15,Components,GPU,3,75000,0,60000,UPI,Heather Shelton,553-386-6828x4338,
OFF-20240201-T938-4824,2024-02-01,Anton,EMP-001,Gaming PC Build,9,Desktops,Gaming PC,2,85000,0,65000,Debit Card,Kathy Cain,(567)216-8356,Organization until cause.
OFF-20221126-FNN7-4825,2022-11-26,John Smith,EMP-003,Samsung 980 PRO 1TB,2,Components,Storage,1,8000,500,5500,Credit Card,Aaron Smith,,
OFF-20260316-QUJH-4826,2026-03-16,Anton,EMP-001,Corsair 32GB RAM,20,Components,RAM,2,9000,1000,6000,UPI,Walk-in,+1-299-356-2041x27856,
OFF-20260312-P7D2-4827,2026-03-12,Jane Doe,EMP-002,Gaming PC Build,7,Desktops,Gaming PC,1,85000,0,65000,UPI,Joshua Blanchard,(630)625-4957x1756,
OFF-20241228-QM5F-4828,2024-12-28,Anton,EMP-001,Gaming PC Build,17,Desktops,Gaming PC,1,85000,500,65000,Debit Card,Walk-in,(570)329-8261,
OFF-20250704-SETL-4829,2025-07-04,John Smith,EMP-003,RTX 4070 Ti,15,Components,GPU,2,75000,0,60000,UPI,Mark Myers,,
OFF-20211111-RAGY-4830,2021-11-11,Jane Doe,EMP-002,RTX 4070 Ti,8,Components,GPU,3,75000,1000,60000,Debit Card,Lauren Phillips,9146477699,Type thank for despite themselves Democrat air.
OFF-20251022-HMX9-4831,2025-10-22,John Smith,EMP-003,Corsair 32GB RAM,19,Components,RAM,2,9000,1500,6000,Debit Card,Jerry Daniels,(298)996-5959,Point vote city would month day.
OFF-20240506-T6S5-4832,2024-05-06,Anton,EMP-001,ASUS ROG Monitor 27,20,Displays,Monitors,1,25000,1500,18000,Debit Card,Mary Martin,982-209-6235x136,Class doctor adult.
OFF-20250903-DI18-4833,2025-09-03,John Smith,EMP-003,Intel Core i7 13700K,20,Components,CPU,3,35000,500,28000,UPI,Andrew Christensen,931-653-1039x63508,
OFF-20250514-QKYE-4834,2025-05-14,Anton,EMP-001,Razer BlackWidow,18,Accessories,Keyboards,3,12000,0,8000,UPI,Melissa Mitchell,943-449-3364x09828,
OFF-20240905-DXW4-4835,2024-09-05,John Smith,EMP-003,Logitech WebCam C920,9,Accessories,Webcams,3,6000,0,3500,UPI,Walk-in,,
OFF-20241024-8XMX-4836,2024-10-24,Anton,EMP-001,Logitech WebCam C920,2,Accessories,Webcams,3,6000,1500,3500,Debit Card,Jennifer Mcfarland,,
OFF-20231026-U8XL-4837,2023-10-26,John Smith,EMP-003,NZXT H510 Case,4,Components,Cases,2,7000,0,4500,UPI,Walk-in,(510)885-5194x3227,
OFF-20240619-S62N-4838,2024-06-19,John Smith,EMP-003,Razer BlackWidow,17,Accessories,Keyboards,1,12000,0,8000,Credit Card,Harold Williams,,
OFF-20220417-JB9T-4839,2022-04-17,John Smith,EMP-003,NZXT H510 Case,16,Components,Cases,1,7000,0,4500,UPI,Sherry Thompson,,
OFF-20210416-HTQ5-4840,2021-04-16,John Smith,EMP-003,Logitech WebCam C920,8,Accessories,Webcams,1,6000,1500,3500,Debit Card,Jessica Mejia,(688)536-1908x647,
OFF-20220922-8HTW-4841,2022-09-22,John Smith,EMP-003,ASUS ROG Monitor 27,19,Displays,Monitors,2,25000,500,18000,Debit Card,Kathleen Hickman,(474)261-1539,
OFF-20240124-UVN7-4842,2024-01-24,Anton,EMP-001,Razer BlackWidow,15,Accessories,Keyboards,2,12000,0,8000,UPI,Walk-in,665-942-4837,
OFF-20250427-4KSG-4843,2025-04-27,John Smith,EMP-003,Gaming PC Build,18,Desktops,Gaming PC,2,85000,1500,65000,Credit Card,Dominique Miller,+1-672-284-2156x3496,
OFF-20240708-AL0E-4844,2024-07-08,Jane Doe,EMP-002,Logitech WebCam C920,6,Accessories,Webcams,3,6000,1000,3500,UPI,Walk-in,,Memory away fight interview.
OFF-20211120-UOTU-4845,2021-11-20,John Smith,EMP-003,Logitech WebCam C920,5,Accessories,Webcams,3,6000,1000,3500,Credit Card,Walk-in,,
OFF-20230816-9C68-4846,2023-08-16,Jane Doe,EMP-002,NZXT H510 Case,1,Components,Cases,2,7000,1500,4500,UPI,Walk-in,,
OFF-20220505-G4AR-4847,2022-05-05,Anton,EMP-001,NZXT H510 Case,20,Components,Cases,2,7000,0,4500,Credit Card,Tammy Smith,254.897.1360,
OFF-20250520-CKSS-4848,2025-05-20,Jane Doe,EMP-002,ASUS ROG Monitor 27,20,Displays,Monitors,1,25000,0,18000,Credit Card,Mr. Rodney Fletcher,,
OFF-20220807-HWHG-4849,2022-08-07,John Smith,EMP-003,Razer BlackWidow,6,Accessories,Keyboards,3,12000,500,8000,Credit Card,John Taylor,,
OFF-20230330-KUSQ-4850,2023-03-30,Anton,EMP-001,Samsung 980 PRO 1TB,13,Components,Storage,2,8000,0,5500,Cash,Emily Smith,,
OFF-20250210-IBY9-4851,2025-02-10,Jane Doe,EMP-002,Intel Core i7 13700K,8,Components,CPU,2,35000,0,28000,Debit Card,Richard Rangel,728.570.8894x803,Grow country woman able sort power.
OFF-20210817-8VUI-4852,2021-08-17,Jane Doe,EMP-002,NZXT H510 Case,2,Components,Cases,3,7000,1000,4500,UPI,Walk-in,,
OFF-20250928-1QLN-4853,2025-09-28,Anton,EMP-001,RTX 4070 Ti,11,Components,GPU,3,75000,0,60000,Credit Card,Cheryl Shepherd,933-258-5482,
OFF-20230421-0OK4-4854,2023-04-21,Jane Doe,EMP-002,RTX 4070 Ti,19,Components,GPU,2,75000,500,60000,Cash,Mallory Clark,001-774-918-3887x581,Woman market each later.
OFF-20240329-7CSV-4855,2024-03-29,Jane Doe,EMP-002,ASUS ROG Monitor 27,14,Displays,Monitors,2,25000,1500,18000,Debit Card,Joshua Williams,,Nation market mission owner memory door add voice.
OFF-20231109-XP9H-4856,2023-11-09,John Smith,EMP-003,Razer BlackWidow,15,Accessories,Keyboards,1,12000,0,8000,UPI,Jake Obrien,643.360.7039,
OFF-20251125-S5UQ-4857,2025-11-25,John Smith,EMP-003,Logitech MX Master 3,11,Accessories,Mice,2,8500,1500,5000,Cash,Walk-in,900-635-3146x146,
OFF-20241019-9PP6-4858,2024-10-19,Jane Doe,EMP-002,NZXT H510 Case,13,Components,Cases,3,7000,1500,4500,UPI,John Gregory,+1-592-742-3961x5735,Thing thing rock plan forward.
OFF-20230906-3F1L-4859,2023-09-06,Jane Doe,EMP-002,ASUS ROG Monitor 27,7,Displays,Monitors,1,25000,1000,18000,Cash,Sarah Ramos,(552)374-7809x332,Bed although age call trade.
OFF-20230716-1HDU-4860,2023-07-16,Anton,EMP-001,NZXT H510 Case,6,Components,Cases,2,7000,0,4500,Credit Card,Walk-in,,Actually provide artist position crime interest.
OFF-20210615-E1P9-4861,2021-06-15,John Smith,EMP-003,NZXT H510 Case,6,Components,Cases,1,7000,1000,4500,Cash,Walk-in,839.854.3884,Term specific account.
OFF-20230525-D67J-4862,2023-05-25,John Smith,EMP-003,Intel Core i7 13700K,14,Components,CPU,1,35000,500,28000,Debit Card,Walk-in,(814)361-7030x5433,Whose responsibility between show decide seven entire how.
OFF-20250807-278Z-4863,2025-08-07,Anton,EMP-001,Samsung 980 PRO 1TB,13,Components,Storage,2,8000,0,5500,Debit Card,Elizabeth Jacobs,001-580-846-4418,
OFF-20220619-5TVW-4864,2022-06-19,John Smith,EMP-003,Razer BlackWidow,18,Accessories,Keyboards,2,12000,500,8000,Credit Card,Diana Lopez,282.767.2689,
OFF-20231212-I6WN-4865,2023-12-12,Jane Doe,EMP-002,RTX 4070 Ti,11,Components,GPU,1,75000,1000,60000,UPI,Kristin Lee,,
OFF-20260112-QHWX-4866,2026-01-12,Anton,EMP-001,Razer BlackWidow,17,Accessories,Keyboards,2,12000,0,8000,Credit Card,Ariana Thompson,+1-229-817-9728x694,Want situation foreign those a.
OFF-20220622-EEXA-4867,2022-06-22,Jane Doe,EMP-002,RTX 4070 Ti,3,Components,GPU,1,75000,500,60000,Debit Card,Deborah Parks,,
OFF-20250912-KD6X-4868,2025-09-12,Anton,EMP-001,ASUS ROG Monitor 27,18,Displays,Monitors,1,25000,0,18000,Credit Card,Susan Huang,(440)520-8951,
OFF-20210620-SOPE-4869,2021-06-20,Jane Doe,EMP-002,Razer BlackWidow,5,Accessories,Keyboards,3,12000,500,8000,Cash,Walk-in,,
OFF-20211101-GEP8-4870,2021-11-01,John Smith,EMP-003,RTX 4070 Ti,15,Components,GPU,2,75000,0,60000,UPI,Susan Campbell,,
OFF-20240815-R6UE-4871,2024-08-15,Anton,EMP-001,Logitech MX Master 3,4,Accessories,Mice,2,8500,1500,5000,UPI,Johnny Scott,,
OFF-20230212-UM59-4872,2023-02-12,John Smith,EMP-003,Gaming PC Build,19,Desktops,Gaming PC,3,85000,500,65000,Credit Card,Rebecca Nguyen,,
OFF-20250210-7A6D-4873,2025-02-10,John Smith,EMP-003,Logitech MX Master 3,12,Accessories,Mice,2,8500,0,5000,UPI,Jerry Carroll,001-243-990-3148x0069,
OFF-20230205-APEJ-4874,2023-02-05,Jane Doe,EMP-002,RTX 4070 Ti,7,Components,GPU,3,75000,0,60000,Credit Card,Ronald Johnson,349-640-1727x695,About style line stay as about happy.
OFF-20230127-8LAR-4875,2023-01-27,Anton,EMP-001,Corsair 32GB RAM,18,Components,RAM,3,9000,1500,6000,Debit Card,Walk-in,,
OFF-20251115-FTYD-4876,2025-11-15,Jane Doe,EMP-002,Samsung 980 PRO 1TB,2,Components,Storage,1,8000,0,5500,Cash,Walk-in,299-599-8342,
OFF-20240410-2LJM-4877,2024-04-10,Anton,EMP-001,Logitech WebCam C920,7,Accessories,Webcams,3,6000,500,3500,Credit Card,Taylor Reid,,Could ball act moment necessary skill blue.
OFF-20240224-D4KP-4878,2024-02-24,Jane Doe,EMP-002,Logitech MX Master 3,15,Accessories,Mice,1,8500,0,5000,Cash,Desiree Foster,,
OFF-20250121-KWP7-4879,2025-01-21,Anton,EMP-001,Corsair 32GB RAM,5,Components,RAM,2,9000,0,6000,Debit Card,Jeffery Morrison,001-758-234-6476x664,
OFF-20250905-BGF0-4880,2025-09-05,John Smith,EMP-003,RTX 4070 Ti,18,Components,GPU,1,75000,0,60000,Credit Card,Robert Smith,(495)815-1761,
OFF-20230225-CF8F-4881,2023-02-25,John Smith,EMP-003,RTX 4070 Ti,15,Components,GPU,1,75000,0,60000,UPI,Walk-in,001-301-798-3221x982,Experience especially similar toward response newspaper really.
OFF-20220823-4PM8-4882,2022-08-23,Anton,EMP-001,Logitech WebCam C920,19,Accessories,Webcams,1,6000,0,3500,Debit Card,Walk-in,,
OFF-20230305-8LID-4883,2023-03-05,Jane Doe,EMP-002,Razer BlackWidow,11,Accessories,Keyboards,3,12000,0,8000,Credit Card,Taylor Martinez,262-847-4238x6222,
OFF-20230326-J0HZ-4884,2023-03-26,John Smith,EMP-003,RTX 4070 Ti,19,Components,GPU,1,75000,0,60000,Credit Card,Joseph Maxwell,3048931369,Soon magazine really mission strong book prevent some.
OFF-20240817-RDVY-4885,2024-08-17,Anton,EMP-001,Gaming PC Build,13,Desktops,Gaming PC,3,85000,0,65000,Debit Card,Alexander Miller,,
OFF-20230826-AOMG-4886,2023-08-26,John Smith,EMP-003,Gaming PC Build,6,Desktops,Gaming PC,3,85000,500,65000,UPI,Walk-in,,
OFF-20250810-YZLT-4887,2025-08-10,John Smith,EMP-003,Corsair 32GB RAM,6,Components,RAM,2,9000,0,6000,Cash,Keith Wood,001-885-676-3686x1744,
OFF-20211126-DRA9-4888,2021-11-26,Anton,EMP-001,Logitech MX Master 3,13,Accessories,Mice,3,8500,0,5000,Credit Card,Walk-in,278-613-0079x24715,
OFF-20250913-LCWE-4889,2025-09-13,John Smith,EMP-003,Intel Core i7 13700K,10,Components,CPU,1,35000,1000,28000,UPI,Walk-in,,
OFF-20211029-F6VN-4890,2021-10-29,John Smith,EMP-003,Razer BlackWidow,10,Accessories,Keyboards,3,12000,1000,8000,UPI,Mrs. Adrienne Valdez,9613921290,
OFF-20230316-KITL-4891,2023-03-16,John Smith,EMP-003,Intel Core i7 13700K,8,Components,CPU,3,35000,0,28000,Debit Card,Sheri Rosario,447.511.8398,
OFF-20220616-1ISW-4892,2022-06-16,John Smith,EMP-003,Logitech MX Master 3,14,Accessories,Mice,1,8500,0,5000,Cash,Walk-in,,
OFF-20230927-7ONF-4893,2023-09-27,Jane Doe,EMP-002,Razer BlackWidow,6,Accessories,Keyboards,3,12000,1000,8000,Cash,April Johnson,+1-993-417-0780x62957,
OFF-20220208-BKPV-4894,2022-02-08,Jane Doe,EMP-002,Logitech MX Master 3,7,Accessories,Mice,3,8500,1500,5000,Debit Card,Walk-in,+1-731-868-4569x6779,
OFF-20251020-C8JN-4895,2025-10-20,John Smith,EMP-003,NZXT H510 Case,7,Components,Cases,1,7000,1000,4500,Credit Card,Walk-in,+1-374-386-1803,
OFF-20210930-7IVN-4896,2021-09-30,John Smith,EMP-003,Intel Core i7 13700K,15,Components,CPU,2,35000,0,28000,Debit Card,Sheila Taylor,,
OFF-20210914-JABU-4897,2021-09-14,Jane Doe,EMP-002,Samsung 980 PRO 1TB,18,Components,Storage,1,8000,500,5500,Cash,Walk-in,(418)327-2003,
OFF-20231216-7Q9Q-4898,2023-12-16,Jane Doe,EMP-002,Gaming PC Build,14,Desktops,Gaming PC,3,85000,0,65000,Credit Card,Walk-in,,
OFF-20250112-MLIM-4899,2025-01-12,John Smith,EMP-003,NZXT H510 Case,2,Components,Cases,3,7000,0,4500,UPI,Lisa Bray,,Consumer eat much individual.
OFF-20260401-WQTD-4900,2026-04-01,Anton,EMP-001,Intel Core i7 13700K,7,Components,CPU,3,35000,1500,28000,Debit Card,Walk-in,(683)959-9199x4441,Century pattern blue point able pattern difference.
OFF-20230518-88V8-4901,2023-05-18,Jane Doe,EMP-002,Intel Core i7 13700K,2,Components,CPU,3,35000,0,28000,Credit Card,Courtney Rodriguez,001-539-336-4895x923,
OFF-20230724-UDRB-4902,2023-07-24,John Smith,EMP-003,Gaming PC Build,1,Desktops,Gaming PC,1,85000,1000,65000,Cash,Joseph Barber,001-621-385-8778,
OFF-20230222-DJL2-4903,2023-02-22,Anton,EMP-001,Corsair 32GB RAM,10,Components,RAM,2,9000,0,6000,Cash,Brandy Allen,,
OFF-20231213-LOMZ-4904,2023-12-13,Anton,EMP-001,Logitech WebCam C920,5,Accessories,Webcams,2,6000,0,3500,Debit Card,Marc Massey,394.237.6465,
OFF-20220711-GKKC-4905,2022-07-11,Anton,EMP-001,Logitech MX Master 3,12,Accessories,Mice,1,8500,500,5000,Credit Card,Kimberly Morris,+1-775-271-9123x10588,
OFF-20230629-E47B-4906,2023-06-29,Jane Doe,EMP-002,RTX 4070 Ti,10,Components,GPU,3,75000,1500,60000,Cash,Jason Bishop,543-762-0849x36116,
OFF-20220609-RXBZ-4907,2022-06-09,Jane Doe,EMP-002,Razer BlackWidow,15,Accessories,Keyboards,3,12000,1000,8000,Cash,James Pena,,
OFF-20210514-YBIO-4908,2021-05-14,John Smith,EMP-003,Samsung 980 PRO 1TB,8,Components,Storage,2,8000,1000,5500,Credit Card,Hannah Sullivan,,Role fast know senior Republican few.
OFF-20220723-QADT-4909,2022-07-23,Jane Doe,EMP-002,Razer BlackWidow,19,Accessories,Keyboards,2,12000,0,8000,Debit Card,Walk-in,579.612.4904x2757,
OFF-20211117-B8F8-4910,2021-11-17,Jane Doe,EMP-002,Gaming PC Build,3,Desktops,Gaming PC,3,85000,0,65000,UPI,Gina Owens,+1-370-936-5237x52236,
OFF-20221022-2YJ3-4911,2022-10-22,Jane Doe,EMP-002,Corsair 32GB RAM,13,Components,RAM,3,9000,1000,6000,Cash,Walk-in,,
OFF-20220826-GCX1-4912,2022-08-26,Jane Doe,EMP-002,RTX 4070 Ti,8,Components,GPU,3,75000,0,60000,Credit Card,Walk-in,439.650.2464x496,
OFF-20210421-M9YA-4913,2021-04-21,John Smith,EMP-003,Logitech MX Master 3,4,Accessories,Mice,3,8500,0,5000,UPI,Robin Ho,,
OFF-20230727-UORW-4914,2023-07-27,John Smith,EMP-003,Logitech MX Master 3,10,Accessories,Mice,3,8500,0,5000,Debit Card,Walk-in,,
OFF-20230319-2A96-4915,2023-03-19,Jane Doe,EMP-002,Gaming PC Build,6,Desktops,Gaming PC,1,85000,0,65000,Debit Card,Walk-in,(514)255-5786x9838,
OFF-20231113-5H7D-4916,2023-11-13,John Smith,EMP-003,Intel Core i7 13700K,8,Components,CPU,1,35000,0,28000,Cash,David Smith,,
OFF-20220128-IF9L-4917,2022-01-28,Anton,EMP-001,Logitech MX Master 3,17,Accessories,Mice,2,8500,0,5000,Debit Card,Charles Rose,,North church look political security city.
OFF-20231214-IAO1-4918,2023-12-14,Anton,EMP-001,Logitech MX Master 3,19,Accessories,Mice,2,8500,0,5000,Cash,David Barnett,,Least shake sometimes when the.
OFF-20260126-HLMW-4919,2026-01-26,John Smith,EMP-003,Razer BlackWidow,4,Accessories,Keyboards,1,12000,0,8000,Credit Card,Walk-in,,
OFF-20220802-BP4J-4920,2022-08-02,Anton,EMP-001,Gaming PC Build,1,Desktops,Gaming PC,2,85000,500,65000,UPI,Raymond Miller,,
OFF-20230725-FVJ0-4921,2023-07-25,John Smith,EMP-003,Gaming PC Build,13,Desktops,Gaming PC,1,85000,1500,65000,Cash,Kimberly Cox,457.729.6339x1882,
OFF-20230329-7Y91-4922,2023-03-29,Jane Doe,EMP-002,Samsung 980 PRO 1TB,3,Components,Storage,2,8000,0,5500,Cash,Yolanda Kelley,,
OFF-20230208-0DCA-4923,2023-02-08,Anton,EMP-001,Corsair 32GB RAM,6,Components,RAM,3,9000,0,6000,UPI,Jacqueline Reynolds,,
OFF-20220201-W2R3-4924,2022-02-01,Anton,EMP-001,RTX 4070 Ti,5,Components,GPU,1,75000,0,60000,Debit Card,Joseph Pratt,(735)430-9533x0619,Cause anyone father.
OFF-20250919-KUL3-4925,2025-09-19,Anton,EMP-001,Intel Core i7 13700K,12,Components,CPU,1,35000,1000,28000,Debit Card,Walk-in,,
OFF-20211115-STD8-4926,2021-11-15,John Smith,EMP-003,Samsung 980 PRO 1TB,20,Components,Storage,2,8000,0,5500,UPI,Linda Woods,001-599-556-0043x35983,Water skin move these meeting strong.
OFF-20241013-PRJO-4927,2024-10-13,John Smith,EMP-003,ASUS ROG Monitor 27,7,Displays,Monitors,3,25000,0,18000,Cash,Roy Harrison,280-839-5564,Market decision sell wrong.
OFF-20211124-TL5W-4928,2021-11-24,John Smith,EMP-003,NZXT H510 Case,14,Components,Cases,1,7000,0,4500,Credit Card,Ryan Roman,(718)464-9141x6143,
OFF-20211211-NR19-4929,2021-12-11,Anton,EMP-001,RTX 4070 Ti,10,Components,GPU,1,75000,0,60000,Cash,Walk-in,(707)307-0287x4720,
OFF-20250203-W413-4930,2025-02-03,Jane Doe,EMP-002,Corsair 32GB RAM,17,Components,RAM,1,9000,1000,6000,UPI,Michelle Marshall,001-605-540-9374,
OFF-20241215-PWGM-4931,2024-12-15,Jane Doe,EMP-002,Logitech MX Master 3,8,Accessories,Mice,2,8500,0,5000,UPI,Walk-in,,
OFF-20240809-J1KC-4932,2024-08-09,Jane Doe,EMP-002,Logitech WebCam C920,4,Accessories,Webcams,1,6000,0,3500,Cash,Kristie Day,542.715.9321x4442,
OFF-20220417-O46K-4933,2022-04-17,Anton,EMP-001,Gaming PC Build,8,Desktops,Gaming PC,2,85000,500,65000,UPI,Walk-in,(970)657-3484x2188,
OFF-20230404-2C4B-4934,2023-04-04,John Smith,EMP-003,Razer BlackWidow,6,Accessories,Keyboards,1,12000,1500,8000,Debit Card,Heather Gates,442.927.0701,Direction effort read ground suddenly decision world.
OFF-20260221-VS3Y-4935,2026-02-21,John Smith,EMP-003,Samsung 980 PRO 1TB,13,Components,Storage,3,8000,1000,5500,Credit Card,Kelly Kelley,,
OFF-20211126-G1FW-4936,2021-11-26,Jane Doe,EMP-002,Logitech WebCam C920,20,Accessories,Webcams,2,6000,1000,3500,Cash,Laura Lewis,(733)209-1899x2494,
OFF-20210904-FHVR-4937,2021-09-04,Anton,EMP-001,Logitech WebCam C920,19,Accessories,Webcams,2,6000,0,3500,Cash,Chris Berry,381-210-5809x06478,
OFF-20240823-UZ1D-4938,2024-08-23,Jane Doe,EMP-002,Corsair 32GB RAM,10,Components,RAM,3,9000,0,6000,Debit Card,Darren Phillips,229-566-7700x28387,
OFF-20260319-TD7C-4939,2026-03-19,John Smith,EMP-003,Razer BlackWidow,12,Accessories,Keyboards,3,12000,1000,8000,Credit Card,Linda Rangel,312.580.4227x330,
OFF-20250720-YZ7X-4940,2025-07-20,Jane Doe,EMP-002,Samsung 980 PRO 1TB,8,Components,Storage,3,8000,0,5500,UPI,Mary Acevedo,,Themselves run society risk occur according.
OFF-20230225-SI8T-4941,2023-02-25,Anton,EMP-001,Intel Core i7 13700K,15,Components,CPU,1,35000,1000,28000,Credit Card,Denise Garrett,,President heavy town join win early food little.
OFF-20230525-BQNK-4942,2023-05-25,Jane Doe,EMP-002,Logitech MX Master 3,7,Accessories,Mice,2,8500,0,5000,Debit Card,Walk-in,+1-915-846-5986,Walk air occur matter well.
OFF-20250907-IL33-4943,2025-09-07,John Smith,EMP-003,Corsair 32GB RAM,10,Components,RAM,3,9000,0,6000,Credit Card,Matthew Smith,,School near measure describe everyone hotel industry.
OFF-20240728-UCKH-4944,2024-07-28,John Smith,EMP-003,Samsung 980 PRO 1TB,12,Components,Storage,1,8000,1500,5500,Credit Card,Sydney Wallace,,
OFF-20220513-1RKG-4945,2022-05-13,Anton,EMP-001,RTX 4070 Ti,7,Components,GPU,2,75000,1000,60000,Debit Card,Jacob Bryant,+1-617-759-9930x96805,
OFF-20230606-EIBZ-4946,2023-06-06,John Smith,EMP-003,ASUS ROG Monitor 27,9,Displays,Monitors,3,25000,500,18000,Debit Card,Julie Walker,+1-971-591-7914x61834,
OFF-20240527-VMUR-4947,2024-05-27,John Smith,EMP-003,Logitech MX Master 3,13,Accessories,Mice,3,8500,0,5000,Cash,Mark Dominguez,(337)919-9836,
OFF-20260320-2LEQ-4948,2026-03-20,John Smith,EMP-003,Razer BlackWidow,13,Accessories,Keyboards,2,12000,0,8000,UPI,Robert Mcdaniel,,
OFF-20240628-6N18-4949,2024-06-28,Jane Doe,EMP-002,Samsung 980 PRO 1TB,12,Components,Storage,1,8000,1500,5500,Cash,Courtney Lowe,+1-944-227-8374x755,
OFF-20231226-HWH6-4950,2023-12-26,Anton,EMP-001,RTX 4070 Ti,18,Components,GPU,1,75000,500,60000,UPI,Walk-in,,
OFF-20240413-9HXI-4951,2024-04-13,Anton,EMP-001,ASUS ROG Monitor 27,13,Displays,Monitors,2,25000,1500,18000,Debit Card,Kathy Delacruz,979-503-1653,
OFF-20220129-MRQ3-4952,2022-01-29,Jane Doe,EMP-002,ASUS ROG Monitor 27,6,Displays,Monitors,3,25000,0,18000,Cash,Christopher Gonzalez,001-504-549-3447x72347,
OFF-20211127-D46S-4953,2021-11-27,Jane Doe,EMP-002,Logitech MX Master 3,3,Accessories,Mice,1,8500,0,5000,Debit Card,Elizabeth Mendez,+1-469-453-9604,
OFF-20240915-EWKG-4954,2024-09-15,Jane Doe,EMP-002,Intel Core i7 13700K,1,Components,CPU,2,35000,1000,28000,Cash,Melinda Oconnor,,
OFF-20241126-CLHX-4955,2024-11-26,John Smith,EMP-003,Logitech MX Master 3,4,Accessories,Mice,3,8500,0,5000,UPI,Jonathan Hoffman,,
OFF-20240805-SMX2-4956,2024-08-05,Anton,EMP-001,Logitech MX Master 3,14,Accessories,Mice,3,8500,1000,5000,Cash,Crystal Clark,,
OFF-20211113-BP0B-4957,2021-11-13,Jane Doe,EMP-002,Logitech MX Master 3,20,Accessories,Mice,2,8500,1000,5000,Debit Card,Walk-in,001-976-786-9973x019,Try how style force.
OFF-20221020-2R6B-4958,2022-10-20,Jane Doe,EMP-002,RTX 4070 Ti,12,Components,GPU,3,75000,1000,60000,Cash,Walk-in,001-382-751-0244x74566,Other evidence away outside early voice into.
OFF-20260226-KVMY-4959,2026-02-26,Jane Doe,EMP-002,RTX 4070 Ti,9,Components,GPU,2,75000,0,60000,Debit Card,Walk-in,234-275-2980,Also best line approach shoulder.
OFF-20240705-J0X0-4960,2024-07-05,Anton,EMP-001,Razer BlackWidow,8,Accessories,Keyboards,3,12000,0,8000,Debit Card,Amber Brooks,,Sell since less deep available with perform.
OFF-20240505-4983-4961,2024-05-05,John Smith,EMP-003,RTX 4070 Ti,4,Components,GPU,3,75000,0,60000,Debit Card,Brandon Smith,(877)857-7429,
OFF-20251116-476Z-4962,2025-11-16,Anton,EMP-001,Corsair 32GB RAM,5,Components,RAM,2,9000,0,6000,Debit Card,Anthony Alexander,+1-326-371-0626x014,
OFF-20211122-ZRS4-4963,2021-11-22,Anton,EMP-001,Logitech MX Master 3,16,Accessories,Mice,2,8500,1500,5000,Cash,Kendra Jarvis,,
OFF-20221006-HS0G-4964,2022-10-06,Anton,EMP-001,Corsair 32GB RAM,17,Components,RAM,2,9000,1500,6000,Cash,Sharon Steele,831-718-9371,
OFF-20241217-RVDO-4965,2024-12-17,Jane Doe,EMP-002,ASUS ROG Monitor 27,3,Displays,Monitors,2,25000,1500,18000,Cash,Matthew Horton,949-460-6716x5660,
OFF-20230925-6B8B-4966,2023-09-25,Anton,EMP-001,Razer BlackWidow,4,Accessories,Keyboards,1,12000,0,8000,Credit Card,Nancy Gordon,,
OFF-20230515-1182-4967,2023-05-15,Anton,EMP-001,Logitech WebCam C920,3,Accessories,Webcams,1,6000,0,3500,UPI,Teresa Davila,(896)564-1242x50136,Throughout officer young time ready.
OFF-20231125-3JTM-4968,2023-11-25,John Smith,EMP-003,NZXT H510 Case,12,Components,Cases,2,7000,500,4500,Debit Card,William Young,,
OFF-20240508-9IOD-4969,2024-05-08,Anton,EMP-001,Corsair 32GB RAM,2,Components,RAM,2,9000,1000,6000,UPI,Brian Ramirez,(597)818-2639x1265,
OFF-20230717-FZUB-4970,2023-07-17,Jane Doe,EMP-002,Gaming PC Build,14,Desktops,Gaming PC,1,85000,0,65000,Credit Card,David Hood,+1-731-950-6365x98343,Thousand former everybody.
OFF-20230210-6JRI-4971,2023-02-10,Jane Doe,EMP-002,Gaming PC Build,13,Desktops,Gaming PC,3,85000,0,65000,Credit Card,Walk-in,228.514.3461,They and need list during since.
OFF-20250825-UGY1-4972,2025-08-25,John Smith,EMP-003,Razer BlackWidow,7,Accessories,Keyboards,2,12000,0,8000,Credit Card,Keith Terrell,433.875.7893x18267,Think cup prepare forget although space agree.
OFF-20240601-1S9V-4973,2024-06-01,Jane Doe,EMP-002,RTX 4070 Ti,13,Components,GPU,2,75000,500,60000,UPI,Tammy Young,001-916-388-2096x731,
OFF-20260301-PA6C-4974,2026-03-01,John Smith,EMP-003,Gaming PC Build,12,Desktops,Gaming PC,1,85000,0,65000,Debit Card,Cynthia Ross,,Line why truth over buy stop part.
OFF-20241014-0576-4975,2024-10-14,Anton,EMP-001,Logitech WebCam C920,9,Accessories,Webcams,2,6000,0,3500,Credit Card,Luke Aguirre,,
OFF-20230110-1TSG-4976,2023-01-10,Anton,EMP-001,Gaming PC Build,19,Desktops,Gaming PC,2,85000,1000,65000,Cash,Johnny Wood,(466)269-9618x5674,
OFF-20230522-VY8Q-4977,2023-05-22,Anton,EMP-001,Gaming PC Build,14,Desktops,Gaming PC,1,85000,1000,65000,Debit Card,Matthew Wyatt,,
OFF-20230902-Q6W3-4978,2023-09-02,John Smith,EMP-003,Samsung 980 PRO 1TB,6,Components,Storage,3,8000,1000,5500,UPI,Joshua Medina DDS,975-806-2553,
OFF-20230703-8G01-4979,2023-07-03,Anton,EMP-001,Logitech WebCam C920,20,Accessories,Webcams,1,6000,0,3500,Credit Card,Shari Gentry,817-254-5739x3218,Thought statement standard.
OFF-20230901-6H7H-4980,2023-09-01,Anton,EMP-001,Logitech WebCam C920,15,Accessories,Webcams,2,6000,0,3500,UPI,Walk-in,519.741.8575x69194,
OFF-20241127-PFKZ-4981,2024-11-27,Anton,EMP-001,Samsung 980 PRO 1TB,20,Components,Storage,2,8000,0,5500,UPI,Sara Simpson,,
OFF-20260113-NT93-4982,2026-01-13,Anton,EMP-001,Gaming PC Build,3,Desktops,Gaming PC,1,85000,0,65000,Debit Card,Laura Ellis,,Artist common pick ever.
OFF-20240522-R4UC-4983,2024-05-22,Jane Doe,EMP-002,Corsair 32GB RAM,6,Components,RAM,3,9000,500,6000,Debit Card,Christopher Phillips,,
OFF-20251014-X1RM-4984,2025-10-14,Anton,EMP-001,ASUS ROG Monitor 27,9,Displays,Monitors,1,25000,1500,18000,Cash,Walk-in,(637)640-1628,
OFF-20230130-7AI6-4985,2023-01-30,Jane Doe,EMP-002,ASUS ROG Monitor 27,11,Displays,Monitors,3,25000,0,18000,Cash,Brianna Hardy,+1-854-238-6217,
OFF-20250827-GQQJ-4986,2025-08-27,Anton,EMP-001,Logitech WebCam C920,15,Accessories,Webcams,1,6000,0,3500,Credit Card,Walk-in,,
OFF-20220604-0NQQ-4987,2022-06-04,Jane Doe,EMP-002,Gaming PC Build,5,Desktops,Gaming PC,1,85000,500,65000,Credit Card,Amanda Downs,,
OFF-20240803-0MI2-4988,2024-08-03,Anton,EMP-001,Samsung 980 PRO 1TB,1,Components,Storage,1,8000,0,5500,UPI,Jacqueline Walters,,
OFF-20251019-Y8TV-4989,2025-10-19,Jane Doe,EMP-002,ASUS ROG Monitor 27,7,Displays,Monitors,3,25000,500,18000,Credit Card,Vanessa Morrison,695-389-0423,
OFF-20211029-7OH2-4990,2021-10-29,Jane Doe,EMP-002,Razer BlackWidow,14,Accessories,Keyboards,1,12000,0,8000,Cash,Carol Alvarado,,
OFF-20250422-XPTL-4991,2025-04-22,John Smith,EMP-003,Intel Core i7 13700K,17,Components,CPU,2,35000,500,28000,Cash,Michele Mullins,670-482-4247x834,
OFF-20250403-1B3U-4992,2025-04-03,Anton,EMP-001,RTX 4070 Ti,18,Components,GPU,1,75000,0,60000,Credit Card,Michelle Rodriguez,,Identify practice far black we what above.
OFF-20230203-ZYCB-4993,2023-02-03,Jane Doe,EMP-002,Intel Core i7 13700K,18,Components,CPU,1,35000,0,28000,Credit Card,Leah Lopez,,
OFF-20251202-W7U8-4994,2025-12-02,Anton,EMP-001,RTX 4070 Ti,17,Components,GPU,1,75000,500,60000,Cash,Matthew Gutierrez,(904)260-5791,Administration mother material end kid situation idea.
OFF-20250505-DBSS-4995,2025-05-05,Jane Doe,EMP-002,Logitech MX Master 3,5,Accessories,Mice,2,8500,1500,5000,Credit Card,Jessica Nguyen,001-391-371-7011x2294,A participant station process write entire occur to.
OFF-20240625-N8P3-4996,2024-06-25,Anton,EMP-001,Gaming PC Build,5,Desktops,Gaming PC,3,85000,1500,65000,Credit Card,Jason Ramos,+1-942-435-4447x269,
OFF-20230123-T2C3-4997,2023-01-23,John Smith,EMP-003,Gaming PC Build,1,Desktops,Gaming PC,2,85000,0,65000,UPI,Brent Hernandez,,Former officer election gas letter magazine.
OFF-20241007-Y28O-4998,2024-10-07,John Smith,EMP-003,ASUS ROG Monitor 27,1,Displays,Monitors,1,25000,1500,18000,UPI,Corey Anderson,3335527887,
OFF-20231023-3DWX-4999,2023-10-23,Anton,EMP-001,ASUS ROG Monitor 27,20,Displays,Monitors,1,25000,1500,18000,UPI,Robert Oconnor,392.225.0973x230,
